"Query","Dates range","Impressions","Clicks","CTR %","Avg. position","Avg. click position","Impressions for 1st position","Clicks from pos. 1","CTR % for pos. 1","Impressions for pos. 2-3","Clicks from pos. 2-3","CTR % for pos. 2-3","Avg. impression position for pos. 2-3","Avg. click position from pos. 2-3","Impressions for pos. 4-10","Clicks from pos. 4-10","CTR % for pos. 4-10","Avg. impression position for pos. 4-10","Avg. click position from pos. 4-10","Impressions for pos. 11-50","Clicks from pos. 11-50","CTR % for pos. 11-50","Avg. impression position for pos. 11-50","Avg. click position from pos. 11-50"
"пассажирское сиденье","2026-06-30 - 2026-09-28","364.00","0.00","0.00","8.62","","0.00","0.00","","3.00","0.00","0.00","3.00","","284.00","0.00","0.00","7.85","","77.00","0.00","0.00","11.68",""
"баском","2026-06-30 - 2026-09-28","315.00","8.00","2.54","6.23","3.75","2.00","1.00","50.00","45.00","2.00","4.44","2.93","2.50","244.00","5.00","2.05","6.36","4.80","24.00","0.00","0.00","11.46",""
"запчасти для микроавтобусов","2026-06-30 - 2026-09-28","223.00","2.00","0.90","6.69","3.00","4.00","0.00","0.00","32.00","2.00","6.25","2.56","3.00","153.00","0.00","0.00","6.49","","34.00","0.00","0.00","12.15",""
"сиденья маршрутки","2026-06-30 - 2026-09-28","213.00","33.00","15.49","4.59","2.18","28.00","15.00","53.57","44.00","12.00","27.27","2.50","2.58","140.00","6.00","4.29","5.91","4.33","1.00","0.00","0.00","12.00",""
"раскладной столик в салон минивэна на ввв киберцар ком","2026-06-30 - 2026-09-28","210.00","1.00","0.48","6.12","6.00","1.00","0.00","0.00","30.00","0.00","0.00","2.60","","171.00","1.00","0.58","6.53","6.00","8.00","0.00","0.00","11.25",""
"раскладной столик в салон минивэна","2026-06-30 - 2026-09-28","137.00","0.00","0.00","5.07","","13.00","0.00","0.00","15.00","0.00","0.00","2.40","","108.00","0.00","0.00","5.88","","1.00","0.00","0.00","11.00",""
"электропривод сдвижной двери для микроавтобусов","2026-06-30 - 2026-09-28","135.00","1.00","0.74","9.30","8.00","0.00","0.00","","4.00","0.00","0.00","2.75","","78.00","1.00","1.28","7.79","8.00","53.00","0.00","0.00","12.00",""
"навесной багажник для микроавтобуса","2026-06-30 - 2026-09-28","117.00","2.00","1.71","3.75","3.50","1.00","0.00","0.00","56.00","1.00","1.79","2.95","3.00","60.00","1.00","1.67","4.55","4.00","0.00","0.00","","",""
"столик автомобильный на спинку","2026-06-30 - 2026-09-28","115.00","7.00","6.09","7.15","1.00","16.00","7.00","43.75","19.00","0.00","0.00","2.42","","46.00","0.00","0.00","6.59","","34.00","0.00","0.00","13.44",""
"столик в салон микроавтобуса на ввв киберцар ком","2026-06-30 - 2026-09-28","113.00","0.00","0.00","5.39","","0.00","0.00","","5.00","0.00","0.00","3.00","","108.00","0.00","0.00","5.50","","0.00","0.00","","",""
"столик автомобильный на спинку сиденья","2026-06-30 - 2026-09-28","113.00","9.00","7.96","7.83","1.67","18.00","6.00","33.33","21.00","2.00","9.52","2.24","2.00","34.00","1.00","2.94","5.71","5.00","40.00","0.00","0.00","15.65",""
"боковое стекло на мерседес спринтер","2026-06-30 - 2026-09-28","109.00","0.00","0.00","7.67","","2.00","0.00","0.00","13.00","0.00","0.00","2.54","","69.00","0.00","0.00","7.33","","25.00","0.00","0.00","11.80",""
"столик складной автомобильный","2026-06-30 - 2026-09-28","107.00","0.00","0.00","11.50","","1.00","0.00","0.00","2.00","0.00","0.00","2.00","","40.00","0.00","0.00","8.00","","64.00","0.00","0.00","14.16",""
"баском ростов на дону нержавейка","2026-06-30 - 2026-09-28","105.00","0.00","0.00","6.33","","0.00","0.00","","3.00","0.00","0.00","3.00","","98.00","0.00","0.00","6.24","","4.00","0.00","0.00","11.00",""
"водительское кресло","2026-06-30 - 2026-09-28","103.00","0.00","0.00","12.15","","0.00","0.00","","0.00","0.00","","","","13.00","0.00","0.00","8.38","","90.00","0.00","0.00","12.69",""
"боковое стекло форд транзит","2026-06-30 - 2026-09-28","101.00","0.00","0.00","9.01","","0.00","0.00","","7.00","0.00","0.00","2.43","","59.00","0.00","0.00","7.63","","35.00","0.00","0.00","12.66",""
"обшивка салона форд транзит","2026-06-30 - 2026-09-28","99.00","2.00","2.02","5.90","4.00","0.00","0.00","","21.00","1.00","4.76","2.24","2.00","70.00","1.00","1.43","6.29","6.00","8.00","0.00","0.00","12.13",""
"столик на автомобильное сиденье","2026-06-30 - 2026-09-28","98.00","6.00","6.12","8.28","1.33","8.00","4.00","50.00","13.00","2.00","15.38","2.38","2.00","47.00","0.00","0.00","6.43","","30.00","0.00","0.00","15.67",""
"наклейки на автобус","2026-06-30 - 2026-09-28","87.00","0.00","0.00","9.59","","0.00","0.00","","1.00","0.00","0.00","2.00","","43.00","0.00","0.00","7.51","","43.00","0.00","0.00","11.84",""
"обшивка салона пежо боксер","2026-06-30 - 2026-09-28","86.00","1.00","1.16","5.69","12.00","1.00","0.00","0.00","23.00","0.00","0.00","2.48","","54.00","0.00","0.00","6.28","","8.00","1.00","12.50","11.50","12.00"
"двухточечный ремень безопасности","2026-06-30 - 2026-09-28","78.00","1.00","1.28","9.08","7.00","0.00","0.00","","2.00","0.00","0.00","2.50","","51.00","1.00","1.96","7.78","7.00","25.00","0.00","0.00","12.24",""
"боковое стекло салона с форточкой фольксваген крафтер","2026-06-30 - 2026-09-28","78.00","5.00","6.41","9.87","6.20","1.00","1.00","100.00","1.00","0.00","0.00","3.00","","37.00","4.00","10.81","8.03","7.50","39.00","0.00","0.00","12.03",""
"купить фву омск","2026-06-30 - 2026-09-28","75.00","0.00","0.00","6.07","","2.00","0.00","0.00","16.00","0.00","0.00","2.56","","50.00","0.00","0.00","6.62","","7.00","0.00","0.00","11.57",""
"сиденье волга купить","2026-06-30 - 2026-09-28","74.00","0.00","0.00","10.69","","0.00","0.00","","2.00","0.00","0.00","2.50","","28.00","0.00","0.00","8.54","","44.00","0.00","0.00","12.43",""
"обшивка салона форд транзит autotehnichka.ru","2026-06-30 - 2026-09-28","71.00","0.00","0.00","3.92","","7.00","0.00","0.00","28.00","0.00","0.00","2.46","","35.00","0.00","0.00","5.46","","1.00","0.00","0.00","11.00",""
"навесной багажник","2026-06-30 - 2026-09-28","68.00","0.00","0.00","7.26","","0.00","0.00","","0.00","0.00","","","","64.00","0.00","0.00","6.97","","4.00","0.00","0.00","12.00",""
"шторки для микроавтобуса","2026-06-30 - 2026-09-28","67.00","1.00","1.49","6.06","4.00","0.00","0.00","","2.00","0.00","0.00","3.00","","64.00","1.00","1.56","6.08","4.00","1.00","0.00","0.00","11.00",""
"диван в газель","2026-06-30 - 2026-09-28","65.00","0.00","0.00","8.57","","0.00","0.00","","0.00","0.00","","","","49.00","0.00","0.00","7.57","","16.00","0.00","0.00","11.63",""
"шторки на газель некст","2026-06-30 - 2026-09-28","62.00","2.00","3.23","7.98","3.50","1.00","1.00","100.00","5.00","0.00","0.00","2.60","","43.00","1.00","2.33","7.56","6.00","13.00","0.00","0.00","12.00",""
"тюнинг салона форд транзит","2026-06-30 - 2026-09-28","62.00","0.00","0.00","16.15","","0.00","0.00","","0.00","0.00","","","","1.00","0.00","0.00","10.00","","61.00","0.00","0.00","16.25",""
"направляющие для штор в автомобиль","2026-06-30 - 2026-09-28","62.00","0.00","0.00","11.74","","0.00","0.00","","0.00","0.00","","","","16.00","0.00","0.00","8.44","","46.00","0.00","0.00","12.89",""
"шторы на газель некст в кабину","2026-06-30 - 2026-09-28","62.00","2.00","3.23","6.03","3.50","1.00","0.00","0.00","11.00","1.00","9.09","2.73","3.00","50.00","1.00","2.00","6.86","4.00","0.00","0.00","","",""
"баском нижний новгород","2026-06-30 - 2026-09-28","61.00","9.00","14.75","1.61","1.11","29.00","8.00","27.59","32.00","1.00","3.13","2.16","2.00","0.00","0.00","","","","0.00","0.00","","",""
"стекло для iveco на крокодил1 ру","2026-06-30 - 2026-09-28","61.00","0.00","0.00","8.80","","0.00","0.00","","1.00","0.00","0.00","3.00","","43.00","0.00","0.00","7.86","","17.00","0.00","0.00","11.53",""
"направляющие для штор в грузовик","2026-06-30 - 2026-09-28","59.00","2.00","3.39","14.46","16.00","0.00","0.00","","0.00","0.00","","","","5.00","0.00","0.00","8.20","","54.00","2.00","3.70","15.04","16.00"
"багажник на газель некст","2026-06-30 - 2026-09-28","57.00","1.00","1.75","8.84","12.00","0.00","0.00","","0.00","0.00","","","","49.00","0.00","0.00","8.39","","8.00","1.00","12.50","11.63","12.00"
"пассажирское сидение","2026-06-30 - 2026-09-28","56.00","0.00","0.00","8.14","","0.00","0.00","","3.00","0.00","0.00","3.00","","44.00","0.00","0.00","7.77","","9.00","0.00","0.00","11.67",""
"обшивка салона пежо боксер autotehnichka.ru","2026-06-30 - 2026-09-28","56.00","0.00","0.00","5.13","","0.00","0.00","","11.00","0.00","0.00","2.55","","45.00","0.00","0.00","5.76","","0.00","0.00","","",""
"сиденья автобуса","2026-06-30 - 2026-09-28","54.00","1.00","1.85","7.37","4.00","1.00","0.00","0.00","1.00","0.00","0.00","2.00","","48.00","1.00","2.08","7.31","4.00","4.00","0.00","0.00","11.00",""
"пассажирское сиденье в машине","2026-06-30 - 2026-09-28","53.00","0.00","0.00","9.40","","0.00","0.00","","0.00","0.00","","","","37.00","0.00","0.00","8.22","","16.00","0.00","0.00","12.13",""
"привод сдвижной двери для микроавтобусов","2026-06-30 - 2026-09-28","53.00","3.00","5.66","9.89","5.67","1.00","1.00","100.00","1.00","0.00","0.00","2.00","","24.00","2.00","8.33","8.08","8.00","27.00","0.00","0.00","12.11",""
"салазки","2026-06-30 - 2026-09-28","52.00","1.00","1.92","7.73","7.00","0.00","0.00","","4.00","0.00","0.00","2.75","","37.00","1.00","2.70","6.95","7.00","11.00","0.00","0.00","12.18",""
"автозапчасти для микроавтобуса","2026-06-30 - 2026-09-28","51.00","0.00","0.00","6.96","","0.00","0.00","","6.00","0.00","0.00","2.83","","39.00","0.00","0.00","6.92","","6.00","0.00","0.00","11.33",""
"люк форд транзит","2026-06-30 - 2026-09-28","50.00","2.00","4.00","5.88","5.00","1.00","0.00","0.00","5.00","1.00","20.00","2.60","3.00","44.00","1.00","2.27","6.36","7.00","0.00","0.00","","",""
"сиденье в автобусе","2026-06-30 - 2026-09-28","46.00","0.00","0.00","7.13","","0.00","0.00","","2.00","0.00","0.00","2.50","","39.00","0.00","0.00","6.79","","5.00","0.00","0.00","11.60",""
"откидной столик на кресло","2026-06-30 - 2026-09-28","46.00","1.00","2.17","7.04","8.00","0.00","0.00","","3.00","0.00","0.00","2.67","","42.00","1.00","2.38","7.26","8.00","1.00","0.00","0.00","11.00",""
"поручень в автобусе","2026-06-30 - 2026-09-28","45.00","0.00","0.00","11.71","","0.00","0.00","","0.00","0.00","","","","7.00","0.00","0.00","9.43","","38.00","0.00","0.00","12.13",""
"автомобильные столики купить","2026-06-30 - 2026-09-28","43.00","1.00","2.33","22.60","1.00","1.00","1.00","100.00","1.00","0.00","0.00","2.00","","0.00","0.00","","","","41.00","0.00","0.00","23.63",""
"шторки в автобус","2026-06-30 - 2026-09-28","42.00","1.00","2.38","8.60","5.00","1.00","0.00","0.00","0.00","0.00","","","","30.00","1.00","3.33","7.80","5.00","11.00","0.00","0.00","11.45",""
"шторки на газель","2026-06-30 - 2026-09-28","40.00","1.00","2.50","11.13","10.00","0.00","0.00","","0.00","0.00","","","","16.00","1.00","6.25","9.25","10.00","24.00","0.00","0.00","12.38",""
"направляющие для автомобильных штор","2026-06-30 - 2026-09-28","39.00","1.00","2.56","11.23","10.00","0.00","0.00","","1.00","0.00","0.00","2.00","","13.00","1.00","7.69","8.00","10.00","25.00","0.00","0.00","13.28",""
"подножка задняя газель некст","2026-06-30 - 2026-09-28","39.00","3.00","7.69","5.56","3.33","1.00","0.00","0.00","7.00","2.00","28.57","2.86","3.00","31.00","1.00","3.23","6.32","4.00","0.00","0.00","","",""
"подножка газель некст","2026-06-30 - 2026-09-28","39.00","0.00","0.00","10.97","","0.00","0.00","","0.00","0.00","","","","14.00","0.00","0.00","7.79","","25.00","0.00","0.00","12.76",""
"салазки для сидений","2026-06-30 - 2026-09-28","38.00","1.00","2.63","10.05","8.00","0.00","0.00","","0.00","0.00","","","","22.00","1.00","4.55","8.14","8.00","16.00","0.00","0.00","12.69",""
"двухточечные ремни безопасности","2026-06-30 - 2026-09-28","38.00","0.00","0.00","9.26","","0.00","0.00","","1.00","0.00","0.00","3.00","","23.00","0.00","0.00","7.96","","14.00","0.00","0.00","11.86",""
"сиденье для автобуса","2026-06-30 - 2026-09-28","38.00","0.00","0.00","7.82","","0.00","0.00","","2.00","0.00","0.00","2.50","","30.00","0.00","0.00","7.47","","6.00","0.00","0.00","11.33",""
"купить пассажирские сиденья на микроавтобус","2026-06-30 - 2026-09-28","38.00","3.00","7.89","4.89","4.00","3.00","0.00","0.00","7.00","1.00","14.29","2.57","2.00","28.00","2.00","7.14","5.89","5.00","0.00","0.00","","",""
"обшивка фургона пежо боксер","2026-06-30 - 2026-09-28","37.00","1.00","2.70","10.11","10.00","0.00","0.00","","0.00","0.00","","","","21.00","1.00","4.76","8.24","10.00","16.00","0.00","0.00","12.56",""
"сиденье пассажирское","2026-06-30 - 2026-09-28","37.00","0.00","0.00","9.81","","0.00","0.00","","1.00","0.00","0.00","3.00","","22.00","0.00","0.00","8.41","","14.00","0.00","0.00","12.50",""
"сиденье автобуса","2026-06-30 - 2026-09-28","36.00","0.00","0.00","8.67","","0.00","0.00","","0.00","0.00","","","","28.00","0.00","0.00","7.82","","8.00","0.00","0.00","11.63",""
"ооо баском официальный сайт","2026-06-30 - 2026-09-28","36.00","3.00","8.33","6.92","5.00","0.00","0.00","","0.00","0.00","","","","34.00","3.00","8.82","6.68","5.00","2.00","0.00","0.00","11.00",""
"водительское сиденье газон некст с амортизацией","2026-06-30 - 2026-09-28","36.00","0.00","0.00","7.69","","0.00","0.00","","4.00","0.00","0.00","2.75","","26.00","0.00","0.00","7.54","","6.00","0.00","0.00","11.67",""
"столик в салон микроавтобуса","2026-06-30 - 2026-09-28","35.00","0.00","0.00","3.00","","8.00","0.00","0.00","14.00","0.00","0.00","2.71","","13.00","0.00","0.00","4.54","","0.00","0.00","","",""
"рельсы для сидений микроавтобусов","2026-06-30 - 2026-09-28","35.00","3.00","8.57","5.37","3.67","0.00","0.00","","8.00","1.00","12.50","2.50","2.00","25.00","2.00","8.00","5.80","4.50","2.00","0.00","0.00","11.50",""
"купить туристические сиденья на микроавтобус","2026-06-30 - 2026-09-28","34.00","11.00","32.35","2.76","2.91","2.00","1.00","50.00","26.00","6.00","23.08","2.42","2.33","6.00","4.00","66.67","4.83","4.25","0.00","0.00","","",""
"люк для проветривания стеклянный","2026-06-30 - 2026-09-28","34.00","0.00","0.00","5.12","","0.00","0.00","","9.00","0.00","0.00","2.89","","25.00","0.00","0.00","5.92","","0.00","0.00","","",""
"шторки в газель некст в салон","2026-06-30 - 2026-09-28","34.00","2.00","5.88","5.65","4.00","1.00","0.00","0.00","1.00","0.00","0.00","3.00","","32.00","2.00","6.25","5.88","4.00","0.00","0.00","","",""
"шторки в микроавтобус","2026-06-30 - 2026-09-28","33.00","1.00","3.03","8.30","6.00","0.00","0.00","","1.00","0.00","0.00","2.00","","29.00","1.00","3.45","8.24","6.00","3.00","0.00","0.00","11.00",""
"пассажирское кресло","2026-06-30 - 2026-09-28","33.00","0.00","0.00","7.27","","0.00","0.00","","2.00","0.00","0.00","3.00","","28.00","0.00","0.00","7.14","","3.00","0.00","0.00","11.33",""
"электропривод сдвижной двери для микроавтобуса","2026-06-30 - 2026-09-28","33.00","0.00","0.00","9.33","","0.00","0.00","","2.00","0.00","0.00","3.00","","19.00","0.00","0.00","8.37","","12.00","0.00","0.00","11.92",""
"поручни в автобусе","2026-06-30 - 2026-09-28","33.00","0.00","0.00","10.82","","0.00","0.00","","0.00","0.00","","","","10.00","0.00","0.00","8.40","","23.00","0.00","0.00","11.87",""
"купить подлокотник на водительское","2026-06-30 - 2026-09-28","33.00","0.00","0.00","7.42","","0.00","0.00","","2.00","0.00","0.00","3.00","","28.00","0.00","0.00","7.29","","3.00","0.00","0.00","11.67",""
"шторки газель некст","2026-06-30 - 2026-09-28","32.00","0.00","0.00","7.81","","0.00","0.00","","2.00","0.00","0.00","2.50","","24.00","0.00","0.00","7.25","","6.00","0.00","0.00","11.83",""
"автомобильный столик в машину","2026-06-30 - 2026-09-28","32.00","0.00","0.00","24.28","","0.00","0.00","","0.00","0.00","","","","2.00","0.00","0.00","7.00","","30.00","0.00","0.00","25.43",""
"диван тандем для микроавтобусов","2026-06-30 - 2026-09-28","32.00","4.00","12.50","2.75","1.75","4.00","1.00","25.00","22.00","3.00","13.64","2.59","2.00","6.00","0.00","0.00","4.50","","0.00","0.00","","",""
"стол в микроавтобус","2026-06-30 - 2026-09-28","31.00","0.00","0.00","4.16","","0.00","0.00","","12.00","0.00","0.00","2.67","","19.00","0.00","0.00","5.11","","0.00","0.00","","",""
"электропривод боковой двери микроавтобусов","2026-06-30 - 2026-09-28","31.00","0.00","0.00","8.32","","0.00","0.00","","0.00","0.00","","","","22.00","0.00","0.00","7.05","","9.00","0.00","0.00","11.44",""
"ремень безопасности двухточечный","2026-06-30 - 2026-09-28","30.00","0.00","0.00","10.40","","1.00","0.00","0.00","0.00","0.00","","","","13.00","0.00","0.00","8.31","","16.00","0.00","0.00","12.69",""
"навесной багажник на мерседес спринтер","2026-06-30 - 2026-09-28","30.00","4.00","13.33","4.03","4.00","0.00","0.00","","13.00","2.00","15.38","2.62","2.00","17.00","2.00","11.76","5.12","6.00","0.00","0.00","","",""
"купить шторки на газель некст","2026-06-30 - 2026-09-28","30.00","1.00","3.33","8.30","11.00","0.00","0.00","","1.00","0.00","0.00","3.00","","24.00","0.00","0.00","7.71","","5.00","1.00","20.00","12.20","11.00"
"шторы на газель","2026-06-30 - 2026-09-28","30.00","1.00","3.33","10.17","12.00","0.00","0.00","","0.00","0.00","","","","15.00","0.00","0.00","8.67","","15.00","1.00","6.67","11.67","12.00"
"боковое стекло пежо","2026-06-30 - 2026-09-28","29.00","0.00","0.00","9.21","","0.00","0.00","","0.00","0.00","","","","17.00","0.00","0.00","7.41","","12.00","0.00","0.00","11.75",""
"шторы в автобус","2026-06-30 - 2026-09-28","29.00","2.00","6.90","7.72","4.50","0.00","0.00","","0.00","0.00","","","","24.00","2.00","8.33","6.92","4.50","5.00","0.00","0.00","11.60",""
"сиденья для микроавтобусов","2026-06-30 - 2026-09-28","28.00","5.00","17.86","5.64","3.80","0.00","0.00","","7.00","3.00","42.86","2.14","2.33","20.00","2.00","10.00","6.55","6.00","1.00","0.00","0.00","12.00",""
"подножка на газель некст боковая","2026-06-30 - 2026-09-28","28.00","3.00","10.71","3.93","1.33","7.00","2.00","28.57","7.00","1.00","14.29","2.43","2.00","14.00","0.00","0.00","6.14","","0.00","0.00","","",""
"кресло в автобусе","2026-06-30 - 2026-09-28","28.00","0.00","0.00","4.25","","3.00","0.00","0.00","8.00","0.00","0.00","2.63","","17.00","0.00","0.00","5.59","","0.00","0.00","","",""
"диван авто","2026-06-30 - 2026-09-28","28.00","0.00","0.00","9.50","","0.00","0.00","","0.00","0.00","","","","21.00","0.00","0.00","8.86","","7.00","0.00","0.00","11.43",""
"buscom","2026-06-30 - 2026-09-28","28.00","8.00","28.57","2.04","1.00","13.00","8.00","61.54","12.00","0.00","0.00","2.33","","3.00","0.00","0.00","5.33","","0.00","0.00","","",""
"сиденья для автобуса","2026-06-30 - 2026-09-28","28.00","1.00","3.57","8.68","3.00","0.00","0.00","","2.00","1.00","50.00","3.00","3.00","18.00","0.00","0.00","7.83","","8.00","0.00","0.00","12.00",""
"диван в микроавтобус","2026-06-30 - 2026-09-28","27.00","1.00","3.70","4.89","3.00","1.00","0.00","0.00","4.00","1.00","25.00","2.50","3.00","21.00","0.00","0.00","5.19","","1.00","0.00","0.00","12.00",""
"диван в газель некст раскладной","2026-06-30 - 2026-09-28","27.00","1.00","3.70","9.33","9.00","0.00","0.00","","0.00","0.00","","","","20.00","1.00","5.00","8.40","9.00","7.00","0.00","0.00","12.00",""
"сиденья в микроавтобус купить","2026-06-30 - 2026-09-28","27.00","5.00","18.52","5.33","5.80","0.00","0.00","","5.00","0.00","0.00","2.80","","22.00","5.00","22.73","5.91","5.80","0.00","0.00","","",""
"водительское сиденье газель нн","2026-06-30 - 2026-09-28","27.00","3.00","11.11","9.11","6.67","0.00","0.00","","1.00","1.00","100.00","2.00","2.00","16.00","1.00","6.25","7.69","7.00","10.00","1.00","10.00","12.10","11.00"
"шторки для автобуса в салон","2026-06-30 - 2026-09-28","26.00","0.00","0.00","10.23","","0.00","0.00","","0.00","0.00","","","","13.00","0.00","0.00","8.62","","13.00","0.00","0.00","11.85",""
"шторы в микроавтобус","2026-06-30 - 2026-09-28","26.00","3.00","11.54","6.00","3.67","0.00","0.00","","5.00","1.00","20.00","2.60","3.00","19.00","2.00","10.53","6.37","4.00","2.00","0.00","0.00","11.00",""
"сиденье гида","2026-06-30 - 2026-09-28","26.00","5.00","19.23","4.88","4.80","3.00","1.00","33.33","6.00","0.00","0.00","2.33","","17.00","4.00","23.53","6.47","5.75","0.00","0.00","","",""
"лобовое стекло спринтер классик купить","2026-06-30 - 2026-09-28","26.00","0.00","0.00","9.31","","0.00","0.00","","0.00","0.00","","","","19.00","0.00","0.00","8.53","","7.00","0.00","0.00","11.43",""
"шторы на газель некст","2026-06-30 - 2026-09-28","26.00","0.00","0.00","8.46","","0.00","0.00","","2.00","0.00","0.00","2.50","","17.00","0.00","0.00","7.94","","7.00","0.00","0.00","11.43",""
"наклейки на микроавтобус","2026-06-30 - 2026-09-28","26.00","0.00","0.00","11.62","","0.00","0.00","","0.00","0.00","","","","6.00","0.00","0.00","9.67","","20.00","0.00","0.00","12.20",""
"направляющие для сидений в микроавтобус","2026-06-30 - 2026-09-28","26.00","1.00","3.85","6.38","2.00","0.00","0.00","","7.00","1.00","14.29","2.57","2.00","17.00","0.00","0.00","7.35","","2.00","0.00","0.00","11.50",""
"поручень для автобуса","2026-06-30 - 2026-09-28","26.00","2.00","7.69","10.08","9.00","0.00","0.00","","0.00","0.00","","","","11.00","2.00","18.18","8.18","9.00","15.00","0.00","0.00","11.47",""
"сиденье газель нн водительское купить","2026-06-30 - 2026-09-28","26.00","4.00","15.38","8.12","8.50","0.00","0.00","","0.00","0.00","","","","19.00","3.00","15.79","6.68","7.33","7.00","1.00","14.29","12.00","12.00"
"салазки для сидений универсальные","2026-06-30 - 2026-09-28","26.00","1.00","3.85","9.96","10.00","0.00","0.00","","0.00","0.00","","","","14.00","1.00","7.14","8.29","10.00","12.00","0.00","0.00","11.92",""
"автобусные поручни","2026-06-30 - 2026-09-28","25.00","2.00","8.00","6.32","5.50","0.00","0.00","","1.00","0.00","0.00","2.00","","24.00","2.00","8.33","6.50","5.50","0.00","0.00","","",""
"диван на газель бизнес","2026-06-30 - 2026-09-28","25.00","0.00","0.00","8.08","","0.00","0.00","","0.00","0.00","","","","21.00","0.00","0.00","7.38","","4.00","0.00","0.00","11.75",""
"вытяжка фву","2026-06-30 - 2026-09-28","25.00","0.00","0.00","7.88","","1.00","0.00","0.00","3.00","0.00","0.00","3.00","","14.00","0.00","0.00","7.43","","7.00","0.00","0.00","11.86",""
"диван в соболь 4х4 купить раскладной","2026-06-30 - 2026-09-28","25.00","0.00","0.00","7.80","","0.00","0.00","","0.00","0.00","","","","22.00","0.00","0.00","7.18","","3.00","0.00","0.00","12.33",""
"направляющие для шторок в авто","2026-06-30 - 2026-09-28","25.00","0.00","0.00","9.68","","0.00","0.00","","1.00","0.00","0.00","3.00","","13.00","0.00","0.00","7.85","","11.00","0.00","0.00","12.45",""
"диван в соболь","2026-06-30 - 2026-09-28","25.00","1.00","4.00","9.60","7.00","0.00","0.00","","0.00","0.00","","","","15.00","1.00","6.67","8.40","7.00","10.00","0.00","0.00","11.40",""
"подножка газель некст сдвижной двери","2026-06-30 - 2026-09-28","24.00","0.00","0.00","10.67","","0.00","0.00","","0.00","0.00","","","","10.00","0.00","0.00","8.60","","14.00","0.00","0.00","12.14",""
"столик в соболь","2026-06-30 - 2026-09-28","24.00","1.00","4.17","5.75","4.00","0.00","0.00","","5.00","0.00","0.00","2.80","","18.00","1.00","5.56","6.28","4.00","1.00","0.00","0.00","11.00",""
"направляющая для штор в кабину грузовика","2026-06-30 - 2026-09-28","24.00","0.00","0.00","15.67","","0.00","0.00","","0.00","0.00","","","","5.00","0.00","0.00","8.00","","19.00","0.00","0.00","17.68",""
"столик в микроавтобус","2026-06-30 - 2026-09-28","24.00","1.00","4.17","4.50","2.00","2.00","0.00","0.00","6.00","1.00","16.67","2.33","2.00","14.00","0.00","0.00","4.93","","2.00","0.00","0.00","11.50",""
"сиденье в микроавтобус","2026-06-30 - 2026-09-28","24.00","1.00","4.17","4.92","4.00","0.00","0.00","","7.00","0.00","0.00","3.00","","17.00","1.00","5.88","5.71","4.00","0.00","0.00","","",""
"сидения для микроавтобусов купить","2026-06-30 - 2026-09-28","23.00","5.00","21.74","4.96","4.80","2.00","0.00","0.00","6.00","2.00","33.33","2.67","3.00","15.00","3.00","20.00","6.40","6.00","0.00","0.00","","",""
"багажник на газель некст цельнометаллический фургон","2026-06-30 - 2026-09-28","23.00","0.00","0.00","9.87","","0.00","0.00","","0.00","0.00","","","","18.00","0.00","0.00","8.61","","5.00","0.00","0.00","14.40",""
"стекло боковое на мерседес спринтер классик","2026-06-30 - 2026-09-28","23.00","1.00","4.35","9.30","1.00","1.00","1.00","100.00","0.00","0.00","","","","13.00","0.00","0.00","8.15","","9.00","0.00","0.00","11.89",""
"диван ривьера для микроавтобуса","2026-06-30 - 2026-09-28","23.00","0.00","0.00","7.04","","0.00","0.00","","0.00","0.00","","","","20.00","0.00","0.00","6.40","","3.00","0.00","0.00","11.33",""
"задняя подножка на газель некст","2026-06-30 - 2026-09-28","23.00","3.00","13.04","4.83","1.33","3.00","2.00","66.67","3.00","1.00","33.33","2.00","2.00","17.00","0.00","0.00","6.00","","0.00","0.00","","",""
"стекла ивеко дейли","2026-06-30 - 2026-09-28","23.00","0.00","0.00","8.91","","0.00","0.00","","0.00","0.00","","","","15.00","0.00","0.00","7.27","","8.00","0.00","0.00","12.00",""
"сиденья","2026-06-30 - 2026-09-28","23.00","2.00","8.70","11.74","5.00","0.00","0.00","","2.00","1.00","50.00","2.50","3.00","11.00","1.00","9.09","7.64","7.00","10.00","0.00","0.00","18.10",""
"подножка газель некст задняя","2026-06-30 - 2026-09-28","23.00","2.00","8.70","3.83","2.50","1.00","0.00","0.00","15.00","2.00","13.33","2.73","2.50","7.00","0.00","0.00","6.57","","0.00","0.00","","",""
"сиденье газель нн","2026-06-30 - 2026-09-28","22.00","1.00","4.55","8.91","9.00","0.00","0.00","","1.00","0.00","0.00","2.00","","13.00","1.00","7.69","7.85","9.00","8.00","0.00","0.00","11.50",""
"поручни для автобуса купить","2026-06-30 - 2026-09-28","22.00","3.00","13.64","7.36","1.00","2.00","3.00","150.00","0.00","0.00","","","","16.00","0.00","0.00","7.06","","4.00","0.00","0.00","11.75",""
"купить сиденья для автобуса","2026-06-30 - 2026-09-28","22.00","0.00","0.00","6.23","","1.00","0.00","0.00","1.00","0.00","0.00","3.00","","19.00","0.00","0.00","6.42","","1.00","0.00","0.00","11.00",""
"диван в газель бизнес раскладной","2026-06-30 - 2026-09-28","22.00","0.00","0.00","7.77","","0.00","0.00","","1.00","0.00","0.00","2.00","","17.00","0.00","0.00","7.29","","4.00","0.00","0.00","11.25",""
"направляющие для штор в авто","2026-06-30 - 2026-09-28","22.00","1.00","4.55","10.86","12.00","0.00","0.00","","1.00","0.00","0.00","3.00","","8.00","0.00","0.00","8.75","","13.00","1.00","7.69","12.77","12.00"
"сиденья для микроавтобуса","2026-06-30 - 2026-09-28","22.00","3.00","13.64","4.59","3.00","2.00","0.00","0.00","9.00","2.00","22.22","2.44","2.50","10.00","1.00","10.00","5.70","4.00","1.00","0.00","0.00","20.00",""
"бас ком","2026-06-30 - 2026-09-28","22.00","2.00","9.09","3.86","2.50","2.00","0.00","0.00","7.00","2.00","28.57","2.57","2.50","13.00","0.00","0.00","5.00","","0.00","0.00","","",""
"ремень безопасности автобуса","2026-06-30 - 2026-09-28","22.00","0.00","0.00","6.73","","0.00","0.00","","7.00","0.00","0.00","2.43","","10.00","0.00","0.00","7.10","","5.00","0.00","0.00","12.00",""
"шторки на газель некст боковые","2026-06-30 - 2026-09-28","22.00","0.00","0.00","9.45","","0.00","0.00","","0.00","0.00","","","","14.00","0.00","0.00","8.21","","8.00","0.00","0.00","11.63",""
"автобус сиденья","2026-06-30 - 2026-09-28","22.00","0.00","0.00","5.32","","1.00","0.00","0.00","3.00","0.00","0.00","2.67","","17.00","0.00","0.00","5.65","","1.00","0.00","0.00","12.00",""
"буском","2026-06-30 - 2026-09-28","21.00","1.00","4.76","1.86","2.00","8.00","0.00","0.00","12.00","1.00","8.33","2.25","2.00","1.00","0.00","0.00","4.00","","0.00","0.00","","",""
"продам сидения для микроавтобуса в россии","2026-06-30 - 2026-09-28","21.00","0.00","0.00","5.19","","0.00","0.00","","0.00","0.00","","","","21.00","0.00","0.00","5.19","","0.00","0.00","","",""
"столик автомобильный на спинку сиденья bgtworkshop","2026-06-30 - 2026-09-28","21.00","0.00","0.00","5.24","","1.00","0.00","0.00","7.00","0.00","0.00","3.00","","12.00","0.00","0.00","6.25","","1.00","0.00","0.00","13.00",""
"раскладной диван в газель","2026-06-30 - 2026-09-28","21.00","1.00","4.76","9.05","8.00","0.00","0.00","","0.00","0.00","","","","13.00","1.00","7.69","7.69","8.00","8.00","0.00","0.00","11.25",""
"салазки для сидений микроавтобусов","2026-06-30 - 2026-09-28","21.00","1.00","4.76","5.52","2.00","2.00","0.00","0.00","2.00","1.00","50.00","2.50","2.00","15.00","0.00","0.00","5.80","","2.00","0.00","0.00","11.00",""
"кресла в автобусе","2026-06-30 - 2026-09-28","21.00","0.00","0.00","6.00","","0.00","0.00","","2.00","0.00","0.00","2.00","","17.00","0.00","0.00","5.76","","2.00","0.00","0.00","12.00",""
"раскладной диван в соболь","2026-06-30 - 2026-09-28","21.00","1.00","4.76","9.90","9.00","0.00","0.00","","0.00","0.00","","","","13.00","1.00","7.69","8.92","9.00","8.00","0.00","0.00","11.50",""
"направляющая для штор в автомобиль","2026-06-30 - 2026-09-28","21.00","0.00","0.00","11.57","","0.00","0.00","","0.00","0.00","","","","6.00","0.00","0.00","7.83","","15.00","0.00","0.00","13.07",""
"направляющие для штор в кабину грузовика","2026-06-30 - 2026-09-28","21.00","1.00","4.76","14.19","5.00","0.00","0.00","","0.00","0.00","","","","3.00","1.00","33.33","5.33","5.00","18.00","0.00","0.00","15.67",""
"раскладной диван в газель бизнес","2026-06-30 - 2026-09-28","21.00","0.00","0.00","7.38","","0.00","0.00","","0.00","0.00","","","","20.00","0.00","0.00","7.20","","1.00","0.00","0.00","11.00",""
"сиденья в автобусе","2026-06-30 - 2026-09-28","21.00","3.00","14.29","11.10","10.00","0.00","0.00","","0.00","0.00","","","","6.00","2.00","33.33","9.00","9.00","15.00","1.00","6.67","11.93","12.00"
"замок форточки stf1","2026-06-30 - 2026-09-28","21.00","2.00","9.52","2.38","2.00","0.00","0.00","","20.00","2.00","10.00","2.30","2.00","1.00","0.00","0.00","4.00","","0.00","0.00","","",""
"багажник автобуса","2026-06-30 - 2026-09-28","21.00","0.00","0.00","4.62","","0.00","0.00","","5.00","0.00","0.00","3.00","","16.00","0.00","0.00","5.13","","0.00","0.00","","",""
"сиденья для автобуса купить","2026-06-30 - 2026-09-28","21.00","0.00","0.00","7.48","","1.00","0.00","0.00","0.00","0.00","","","","18.00","0.00","0.00","6.22","","2.00","0.00","0.00","22.00",""
"пассажир кресло","2026-06-30 - 2026-09-28","21.00","0.00","0.00","8.24","","0.00","0.00","","0.00","0.00","","","","17.00","0.00","0.00","7.47","","4.00","0.00","0.00","11.50",""
"заглушки саморезов на обшивку салона","2026-06-30 - 2026-09-28","20.00","0.00","0.00","11.70","","0.00","0.00","","0.00","0.00","","","","3.00","0.00","0.00","9.00","","17.00","0.00","0.00","12.18",""
"багажные полки в микроавтобус","2026-06-30 - 2026-09-28","20.00","3.00","15.00","4.65","3.00","0.00","0.00","","5.00","2.00","40.00","2.80","2.50","15.00","1.00","6.67","5.27","4.00","0.00","0.00","","",""
"поручень автобуса","2026-06-30 - 2026-09-28","20.00","0.00","0.00","9.70","","0.00","0.00","","0.00","0.00","","","","13.00","0.00","0.00","8.54","","7.00","0.00","0.00","11.86",""
"автобусное кресло","2026-06-30 - 2026-09-28","20.00","1.00","5.00","5.70","8.00","1.00","0.00","0.00","4.00","0.00","0.00","3.00","","15.00","1.00","6.67","6.73","8.00","0.00","0.00","","",""
"люк на крышу форд транзит","2026-06-30 - 2026-09-28","20.00","4.00","20.00","3.20","2.50","3.00","0.00","0.00","11.00","4.00","36.36","2.36","2.50","6.00","0.00","0.00","5.83","","0.00","0.00","","",""
"ночные шторы на газель некст","2026-06-30 - 2026-09-28","20.00","0.00","0.00","9.05","","0.00","0.00","","1.00","0.00","0.00","3.00","","12.00","0.00","0.00","7.75","","7.00","0.00","0.00","12.14",""
"направляющие для сидений микроавтобусов","2026-06-30 - 2026-09-28","20.00","1.00","5.00","5.95","10.00","0.00","0.00","","4.00","0.00","0.00","3.00","","14.00","1.00","7.14","6.07","10.00","2.00","0.00","0.00","11.00",""
"замок защелка для сдвижной форточки стекла автобус","2026-06-30 - 2026-09-28","20.00","0.00","0.00","8.05","","0.00","0.00","","2.00","0.00","0.00","2.50","","13.00","0.00","0.00","7.54","","5.00","0.00","0.00","11.60",""
"стекла ивеко дейли www.autoglass.ru","2026-06-30 - 2026-09-28","20.00","0.00","0.00","9.25","","0.00","0.00","","0.00","0.00","","","","12.00","0.00","0.00","7.92","","8.00","0.00","0.00","11.25",""
"баском бассейны официальный сайт","2026-06-30 - 2026-09-28","20.00","0.00","0.00","9.45","","0.00","0.00","","0.00","0.00","","","","15.00","0.00","0.00","8.00","","5.00","0.00","0.00","13.80",""
"газель некст штора","2026-06-30 - 2026-09-28","20.00","0.00","0.00","9.10","","0.00","0.00","","0.00","0.00","","","","16.00","0.00","0.00","8.44","","4.00","0.00","0.00","11.75",""
"обшивка форд транзит","2026-06-30 - 2026-09-28","20.00","0.00","0.00","10.30","","0.00","0.00","","0.00","0.00","","","","11.00","0.00","0.00","8.91","","9.00","0.00","0.00","12.00",""
"купить сиденья для микроавтобуса","2026-06-30 - 2026-09-28","20.00","2.00","10.00","5.25","3.50","0.00","0.00","","6.00","1.00","16.67","2.33","2.00","13.00","1.00","7.69","5.77","5.00","1.00","0.00","0.00","16.00",""
"стол в машину","2026-06-30 - 2026-09-28","20.00","0.00","0.00","6.30","","5.00","0.00","0.00","2.00","0.00","0.00","3.00","","9.00","0.00","0.00","7.22","","4.00","0.00","0.00","12.50",""
"обшивка салона форд транзит пассажирский","2026-06-30 - 2026-09-28","20.00","3.00","15.00","4.25","4.33","3.00","0.00","0.00","3.00","0.00","0.00","2.33","","14.00","3.00","21.43","5.36","4.33","0.00","0.00","","",""
"диван в микроавтобус раскладной купить","2026-06-30 - 2026-09-28","20.00","1.00","5.00","5.60","2.00","1.00","0.00","0.00","1.00","1.00","100.00","2.00","2.00","18.00","0.00","0.00","6.06","","0.00","0.00","","",""
"корейская 24 нижний новгород","2026-06-30 - 2026-09-28","20.00","0.00","0.00","10.20","","0.00","0.00","","0.00","0.00","","","","11.00","0.00","0.00","9.55","","9.00","0.00","0.00","11.00",""
"статические ремни безопасности","2026-06-30 - 2026-09-28","20.00","0.00","0.00","8.60","","0.00","0.00","","4.00","0.00","0.00","2.75","","7.00","0.00","0.00","7.29","","9.00","0.00","0.00","12.22",""
"диван для микроавтобуса","2026-06-30 - 2026-09-28","20.00","1.00","5.00","4.00","3.00","2.00","0.00","0.00","5.00","1.00","20.00","2.80","3.00","13.00","0.00","0.00","4.92","","0.00","0.00","","",""
"электропривод сдвижной двери форд транзит","2026-06-30 - 2026-09-28","20.00","1.00","5.00","7.45","4.00","0.00","0.00","","1.00","0.00","0.00","3.00","","16.00","1.00","6.25","6.88","4.00","3.00","0.00","0.00","12.00",""
"сиденья в микроавтобус","2026-06-30 - 2026-09-28","19.00","3.00","15.79","5.37","5.33","0.00","0.00","","5.00","2.00","40.00","2.60","3.00","14.00","1.00","7.14","6.36","10.00","0.00","0.00","","",""
"автобусные сиденья","2026-06-30 - 2026-09-28","19.00","3.00","15.79","6.00","4.33","0.00","0.00","","2.00","1.00","50.00","3.00","3.00","16.00","2.00","12.50","6.06","5.00","1.00","0.00","0.00","11.00",""
"купить резиновый уплотнитель для стекла в автобус","2026-06-30 - 2026-09-28","19.00","0.00","0.00","7.47","","0.00","0.00","","0.00","0.00","","","","19.00","0.00","0.00","7.47","","0.00","0.00","","",""
"салазки сидений","2026-06-30 - 2026-09-28","19.00","0.00","0.00","10.53","","0.00","0.00","","0.00","0.00","","","","8.00","0.00","0.00","7.88","","11.00","0.00","0.00","12.45",""
"комплект обшивки фургона фиат дукато","2026-06-30 - 2026-09-28","19.00","0.00","0.00","9.26","","0.00","0.00","","0.00","0.00","","","","15.00","0.00","0.00","8.73","","4.00","0.00","0.00","11.25",""
"транзитный люк","2026-06-30 - 2026-09-28","19.00","0.00","0.00","4.21","","0.00","0.00","","7.00","0.00","0.00","3.00","","12.00","0.00","0.00","4.92","","0.00","0.00","","",""
"подлокотник на сиденье откидной универсальный","2026-06-30 - 2026-09-28","19.00","0.00","0.00","11.63","","0.00","0.00","","0.00","0.00","","","","4.00","0.00","0.00","8.50","","15.00","0.00","0.00","12.47",""
"обшивка кузова пежо боксер autotehnichka.ru","2026-06-30 - 2026-09-28","19.00","0.00","0.00","9.05","","0.00","0.00","","0.00","0.00","","","","15.00","0.00","0.00","8.27","","4.00","0.00","0.00","12.00",""
"сиденье соболь нн","2026-06-30 - 2026-09-28","18.00","1.00","5.56","3.89","5.00","1.00","0.00","0.00","6.00","0.00","0.00","2.67","","11.00","1.00","9.09","4.82","5.00","0.00","0.00","","",""
"сиденье тройное для микроавтобуса","2026-06-30 - 2026-09-28","18.00","1.00","5.56","9.83","6.00","0.00","0.00","","0.00","0.00","","","","9.00","1.00","11.11","8.00","6.00","9.00","0.00","0.00","11.67",""
"замок форточки stf2","2026-06-30 - 2026-09-28","18.00","2.00","11.11","1.39","3.50","14.00","0.00","0.00","3.00","1.00","33.33","2.33","3.00","1.00","1.00","100.00","4.00","4.00","0.00","0.00","","",""
"поручень автобусный","2026-06-30 - 2026-09-28","18.00","1.00","5.56","7.83","8.00","0.00","0.00","","0.00","0.00","","","","17.00","1.00","5.88","7.53","8.00","1.00","0.00","0.00","13.00",""
"авто диван","2026-06-30 - 2026-09-28","18.00","1.00","5.56","8.00","5.00","0.00","0.00","","0.00","0.00","","","","17.00","1.00","5.88","7.82","5.00","1.00","0.00","0.00","11.00",""
"водительское сиденье на соболь","2026-06-30 - 2026-09-28","18.00","1.00","5.56","7.06","11.00","0.00","0.00","","2.00","0.00","0.00","3.00","","13.00","0.00","0.00","6.69","","3.00","1.00","33.33","11.33","11.00"
"пассажирском сиденье","2026-06-30 - 2026-09-28","18.00","0.00","0.00","10.94","","0.00","0.00","","0.00","0.00","","","","9.00","0.00","0.00","9.56","","9.00","0.00","0.00","12.33",""
"intap","2026-06-30 - 2026-09-28","18.00","0.00","0.00","6.33","","0.00","0.00","","2.00","0.00","0.00","3.00","","16.00","0.00","0.00","6.75","","0.00","0.00","","",""
"ткань алкала","2026-06-30 - 2026-09-28","18.00","2.00","11.11","7.94","8.00","0.00","0.00","","0.00","0.00","","","","17.00","2.00","11.76","7.76","8.00","1.00","0.00","0.00","11.00",""
"шторы газ","2026-06-30 - 2026-09-28","18.00","0.00","0.00","11.56","","0.00","0.00","","0.00","0.00","","","","5.00","0.00","0.00","6.40","","13.00","0.00","0.00","13.54",""
"подножка боковая газель некст","2026-06-30 - 2026-09-28","18.00","5.00","27.78","3.94","3.00","5.00","1.00","20.00","5.00","3.00","60.00","2.60","2.33","8.00","1.00","12.50","6.63","7.00","0.00","0.00","","",""
"подножка сдвижной двери форд транзит","2026-06-30 - 2026-09-28","18.00","3.00","16.67","6.94","5.33","0.00","0.00","","1.00","0.00","0.00","3.00","","15.00","3.00","20.00","6.60","5.33","2.00","0.00","0.00","11.50",""
"шторы для автобуса","2026-06-30 - 2026-09-28","18.00","1.00","5.56","10.39","1.00","1.00","1.00","100.00","0.00","0.00","","","","5.00","0.00","0.00","9.00","","12.00","0.00","0.00","11.75",""
"автобус задние сиденья","2026-06-30 - 2026-09-28","17.00","0.00","0.00","9.59","","0.00","0.00","","0.00","0.00","","","","9.00","0.00","0.00","7.78","","8.00","0.00","0.00","11.63",""
"автобусное сиденье","2026-06-30 - 2026-09-28","17.00","0.00","0.00","6.00","","0.00","0.00","","1.00","0.00","0.00","3.00","","15.00","0.00","0.00","5.80","","1.00","0.00","0.00","12.00",""
"шторы в автобус на боковые стекла","2026-06-30 - 2026-09-28","17.00","0.00","0.00","10.41","","0.00","0.00","","0.00","0.00","","","","5.00","0.00","0.00","7.60","","12.00","0.00","0.00","11.58",""
"подножка для газели боковая пассажирская","2026-06-30 - 2026-09-28","17.00","0.00","0.00","10.65","","0.00","0.00","","0.00","0.00","","","","8.00","0.00","0.00","9.25","","9.00","0.00","0.00","11.89",""
"пневмо сиденье на газон некст","2026-06-30 - 2026-09-28","17.00","2.00","11.76","10.18","6.00","0.00","0.00","","0.00","0.00","","","","8.00","2.00","25.00","8.00","6.00","9.00","0.00","0.00","12.11",""
"сиденье на соболь","2026-06-30 - 2026-09-28","17.00","1.00","5.88","7.24","7.00","0.00","0.00","","1.00","0.00","0.00","3.00","","13.00","1.00","7.69","6.62","7.00","3.00","0.00","0.00","11.33",""
"сиденье соболь","2026-06-30 - 2026-09-28","17.00","3.00","17.65","5.12","1.67","2.00","2.00","100.00","2.00","1.00","50.00","3.00","3.00","13.00","0.00","0.00","6.08","","0.00","0.00","","",""
"наклейки в автобус для пассажиров","2026-06-30 - 2026-09-28","17.00","0.00","0.00","11.76","","0.00","0.00","","0.00","0.00","","","","4.00","0.00","0.00","9.75","","13.00","0.00","0.00","12.38",""
"поручни автобуса","2026-06-30 - 2026-09-28","17.00","0.00","0.00","9.18","","0.00","0.00","","0.00","0.00","","","","14.00","0.00","0.00","8.64","","3.00","0.00","0.00","11.67",""
"обшивка пола форд транзит autotehnichka.ru","2026-06-30 - 2026-09-28","17.00","0.00","0.00","8.00","","0.00","0.00","","0.00","0.00","","","","15.00","0.00","0.00","7.53","","2.00","0.00","0.00","11.50",""
"направляющие для сидений","2026-06-30 - 2026-09-28","17.00","0.00","0.00","8.41","","1.00","0.00","0.00","1.00","0.00","0.00","2.00","","8.00","0.00","0.00","7.13","","7.00","0.00","0.00","11.86",""
"купить сиденья в микроавтобус","2026-06-30 - 2026-09-28","17.00","2.00","11.76","5.29","4.00","0.00","0.00","","4.00","1.00","25.00","2.75","2.00","13.00","1.00","7.69","6.08","6.00","0.00","0.00","","",""
"направляющие для штор в грузовой автомобиль","2026-06-30 - 2026-09-28","17.00","0.00","0.00","16.00","","0.00","0.00","","0.00","0.00","","","","4.00","0.00","0.00","7.00","","13.00","0.00","0.00","18.77",""
"пневмосиденье газон некст","2026-06-30 - 2026-09-28","17.00","0.00","0.00","9.35","","0.00","0.00","","1.00","0.00","0.00","3.00","","10.00","0.00","0.00","8.50","","6.00","0.00","0.00","11.83",""
"сиденья трансформеры для микроавтобусов","2026-06-30 - 2026-09-28","17.00","0.00","0.00","9.29","","0.00","0.00","","1.00","0.00","0.00","2.00","","10.00","0.00","0.00","8.30","","6.00","0.00","0.00","12.17",""
"направляющие для автомобильных шторок","2026-06-30 - 2026-09-28","16.00","3.00","18.75","9.88","2.00","1.00","1.00","100.00","2.00","2.00","100.00","2.50","2.50","2.00","0.00","0.00","6.00","","11.00","0.00","0.00","12.73",""
"задняя подножка газель некст","2026-06-30 - 2026-09-28","16.00","0.00","0.00","4.88","","1.00","0.00","0.00","3.00","0.00","0.00","3.00","","12.00","0.00","0.00","5.67","","0.00","0.00","","",""
"освещение салона автобуса","2026-06-30 - 2026-09-28","16.00","0.00","0.00","9.06","","0.00","0.00","","0.00","0.00","","","","10.00","0.00","0.00","7.50","","6.00","0.00","0.00","11.67",""
"купить солнцезащитные шторки для газель некст","2026-06-30 - 2026-09-28","16.00","0.00","0.00","8.19","","0.00","0.00","","2.00","0.00","0.00","3.00","","10.00","0.00","0.00","7.80","","4.00","0.00","0.00","11.75",""
"салазки для автомобильных сидений","2026-06-30 - 2026-09-28","16.00","0.00","0.00","10.63","","0.00","0.00","","0.00","0.00","","","","6.00","0.00","0.00","8.83","","10.00","0.00","0.00","11.70",""
"диван в газель бизнес","2026-06-30 - 2026-09-28","16.00","0.00","0.00","9.63","","0.00","0.00","","0.00","0.00","","","","12.00","0.00","0.00","9.00","","4.00","0.00","0.00","11.50",""
"направляющие для шторок","2026-06-30 - 2026-09-28","16.00","0.00","0.00","9.75","","0.00","0.00","","0.00","0.00","","","","9.00","0.00","0.00","7.78","","7.00","0.00","0.00","12.29",""
"stf2","2026-06-30 - 2026-09-28","16.00","4.00","25.00","1.44","2.25","11.00","1.00","9.09","5.00","3.00","60.00","2.40","2.67","0.00","0.00","","","","0.00","0.00","","",""
"подножка сдвижной двери газель некст","2026-06-30 - 2026-09-28","16.00","0.00","0.00","9.13","","0.00","0.00","","0.00","0.00","","","","10.00","0.00","0.00","7.00","","6.00","0.00","0.00","12.67",""
"пукли для авто","2026-06-30 - 2026-09-28","16.00","0.00","0.00","9.50","","0.00","0.00","","0.00","0.00","","","","11.00","0.00","0.00","8.55","","5.00","0.00","0.00","11.60",""
"подножка форд транзит","2026-06-30 - 2026-09-28","16.00","0.00","0.00","11.13","","0.00","0.00","","0.00","0.00","","","","7.00","0.00","0.00","9.00","","9.00","0.00","0.00","12.78",""
"сиденье газон некст водительское","2026-06-30 - 2026-09-28","16.00","1.00","6.25","13.31","12.00","0.00","0.00","","0.00","0.00","","","","1.00","0.00","0.00","10.00","","15.00","1.00","6.67","13.53","12.00"
"сиденья в автобус купить","2026-06-30 - 2026-09-28","16.00","1.00","6.25","6.25","4.00","0.00","0.00","","0.00","0.00","","","","16.00","1.00","6.25","6.25","4.00","0.00","0.00","","",""
"кровать в микроавтобус","2026-06-30 - 2026-09-28","16.00","2.00","12.50","4.13","3.00","0.00","0.00","","9.00","2.00","22.22","2.67","3.00","6.00","0.00","0.00","5.17","","1.00","0.00","0.00","11.00",""
"шторы газель некст в кабину","2026-06-30 - 2026-09-28","16.00","0.00","0.00","6.94","","0.00","0.00","","2.00","0.00","0.00","3.00","","12.00","0.00","0.00","6.83","","2.00","0.00","0.00","11.50",""
"кронштейн поручня автобуса","2026-06-30 - 2026-09-28","16.00","0.00","0.00","11.31","","0.00","0.00","","0.00","0.00","","","","4.00","0.00","0.00","8.50","","12.00","0.00","0.00","12.25",""
"столик автомобильный на спинку сиденья bgtworkshop.ru","2026-06-30 - 2026-09-28","16.00","0.00","0.00","7.94","","0.00","0.00","","0.00","0.00","","","","15.00","0.00","0.00","7.67","","1.00","0.00","0.00","12.00",""
"шторы в газель","2026-06-30 - 2026-09-28","16.00","0.00","0.00","9.75","","0.00","0.00","","0.00","0.00","","","","9.00","0.00","0.00","7.78","","7.00","0.00","0.00","12.29",""
"шторы газель некст","2026-06-30 - 2026-09-28","16.00","0.00","0.00","7.75","","0.00","0.00","","0.00","0.00","","","","14.00","0.00","0.00","7.14","","2.00","0.00","0.00","12.00",""
"купить подиум в катафалк","2026-06-30 - 2026-09-28","16.00","4.00","25.00","1.69","1.75","9.00","2.00","22.22","6.00","2.00","33.33","2.33","2.50","1.00","0.00","0.00","4.00","","0.00","0.00","","",""
"bus.com","2026-06-30 - 2026-09-28","15.00","1.00","6.67","12.07","1.00","2.00","1.00","50.00","1.00","0.00","0.00","3.00","","8.00","0.00","0.00","8.50","","4.00","0.00","0.00","27.00",""
"диван с перегородкой","2026-06-30 - 2026-09-28","15.00","1.00","6.67","5.53","5.00","0.00","0.00","","1.00","0.00","0.00","2.00","","13.00","1.00","7.69","5.31","5.00","1.00","0.00","0.00","12.00",""
"крепление поручней в автобусе","2026-06-30 - 2026-09-28","15.00","1.00","6.67","10.87","10.00","0.00","0.00","","0.00","0.00","","","","6.00","1.00","16.67","9.83","10.00","9.00","0.00","0.00","11.56",""
"пассажирские сиденья","2026-06-30 - 2026-09-28","15.00","0.00","0.00","8.73","","0.00","0.00","","0.00","0.00","","","","12.00","0.00","0.00","7.92","","3.00","0.00","0.00","12.00",""
"стол в соболь","2026-06-30 - 2026-09-28","15.00","0.00","0.00","8.60","","0.00","0.00","","0.00","0.00","","","","11.00","0.00","0.00","7.73","","4.00","0.00","0.00","11.00",""
"сиденье трансформер в газон","2026-06-30 - 2026-09-28","15.00","0.00","0.00","11.00","","0.00","0.00","","0.00","0.00","","","","6.00","0.00","0.00","10.00","","9.00","0.00","0.00","11.67",""
"шторы для газели","2026-06-30 - 2026-09-28","15.00","0.00","0.00","9.53","","0.00","0.00","","1.00","0.00","0.00","3.00","","8.00","0.00","0.00","8.50","","6.00","0.00","0.00","12.00",""
"поясной ремень безопасности","2026-06-30 - 2026-09-28","15.00","0.00","0.00","10.80","","0.00","0.00","","0.00","0.00","","","","9.00","0.00","0.00","8.44","","6.00","0.00","0.00","14.33",""
"сиденье для автобуса купить","2026-06-30 - 2026-09-28","15.00","2.00","13.33","6.73","6.50","0.00","0.00","","0.00","0.00","","","","14.00","2.00","14.29","6.43","6.50","1.00","0.00","0.00","11.00",""
"задние сиденья автобуса","2026-06-30 - 2026-09-28","15.00","0.00","0.00","9.53","","0.00","0.00","","0.00","0.00","","","","8.00","0.00","0.00","7.88","","7.00","0.00","0.00","11.43",""
"салазки для автомобильных сидений универсальные","2026-06-30 - 2026-09-28","15.00","0.00","0.00","9.53","","0.00","0.00","","0.00","0.00","","","","9.00","0.00","0.00","8.33","","6.00","0.00","0.00","11.33",""
"подиум под гроб","2026-06-30 - 2026-09-28","15.00","2.00","13.33","4.60","5.00","0.00","0.00","","1.00","0.00","0.00","2.00","","14.00","2.00","14.29","4.79","5.00","0.00","0.00","","",""
"обшивка форд транзит autotehnichka.ru","2026-06-30 - 2026-09-28","15.00","0.00","0.00","8.00","","0.00","0.00","","0.00","0.00","","","","13.00","0.00","0.00","7.46","","2.00","0.00","0.00","11.50",""
"столик в газель","2026-06-30 - 2026-09-28","15.00","0.00","0.00","12.07","","0.00","0.00","","0.00","0.00","","","","3.00","0.00","0.00","9.00","","12.00","0.00","0.00","12.83",""
"диван автомобильный","2026-06-30 - 2026-09-28","15.00","0.00","0.00","8.13","","0.00","0.00","","0.00","0.00","","","","14.00","0.00","0.00","7.86","","1.00","0.00","0.00","12.00",""
"сиденье водительское соболь","2026-06-30 - 2026-09-28","15.00","0.00","0.00","8.27","","0.00","0.00","","0.00","0.00","","","","12.00","0.00","0.00","7.33","","3.00","0.00","0.00","12.00",""
"шторки в газель","2026-06-30 - 2026-09-28","15.00","1.00","6.67","10.20","5.00","0.00","0.00","","0.00","0.00","","","","8.00","1.00","12.50","8.50","5.00","7.00","0.00","0.00","12.14",""
"автобусные стекла","2026-06-30 - 2026-09-28","14.00","0.00","0.00","11.43","","0.00","0.00","","0.00","0.00","","","","6.00","0.00","0.00","7.83","","8.00","0.00","0.00","14.13",""
"сиденья от автобуса","2026-06-30 - 2026-09-28","14.00","0.00","0.00","8.79","","0.00","0.00","","0.00","0.00","","","","11.00","0.00","0.00","8.18","","3.00","0.00","0.00","11.00",""
"купить сидения в микроавтобус","2026-06-30 - 2026-09-28","14.00","1.00","7.14","3.86","2.00","0.00","0.00","","8.00","1.00","12.50","2.75","2.00","6.00","0.00","0.00","5.33","","0.00","0.00","","",""
"купить шторы на газель некст","2026-06-30 - 2026-09-28","14.00","1.00","7.14","7.64","5.00","0.00","0.00","","0.00","0.00","","","","11.00","1.00","9.09","6.64","5.00","3.00","0.00","0.00","11.33",""
"диван газель","2026-06-30 - 2026-09-28","14.00","0.00","0.00","10.79","","0.00","0.00","","0.00","0.00","","","","7.00","0.00","0.00","9.86","","7.00","0.00","0.00","11.71",""
"салазки автомобильные","2026-06-30 - 2026-09-28","14.00","0.00","0.00","11.14","","0.00","0.00","","0.00","0.00","","","","3.00","0.00","0.00","8.00","","11.00","0.00","0.00","12.00",""
"столик в микроавтобус раскладной","2026-06-30 - 2026-09-28","14.00","1.00","7.14","4.43","3.00","0.00","0.00","","4.00","1.00","25.00","2.50","3.00","10.00","0.00","0.00","5.20","","0.00","0.00","","",""
"шторки для микроавтобуса купить","2026-06-30 - 2026-09-28","14.00","1.00","7.14","5.57","3.00","0.00","0.00","","3.00","1.00","33.33","3.00","3.00","11.00","0.00","0.00","6.27","","0.00","0.00","","",""
"сиденья для микроавтобусов купить","2026-06-30 - 2026-09-28","14.00","1.00","7.14","4.14","1.00","1.00","1.00","100.00","5.00","0.00","0.00","2.60","","8.00","0.00","0.00","5.50","","0.00","0.00","","",""
"диван трансформер в микроавтобус","2026-06-30 - 2026-09-28","14.00","0.00","0.00","3.71","","2.00","0.00","0.00","3.00","0.00","0.00","2.33","","9.00","0.00","0.00","4.78","","0.00","0.00","","",""
"шторки в салон микроавтобуса","2026-06-30 - 2026-09-28","14.00","0.00","0.00","7.14","","0.00","0.00","","2.00","0.00","0.00","3.00","","12.00","0.00","0.00","7.83","","0.00","0.00","","",""
"пневмосидение на газон некст","2026-06-30 - 2026-09-28","14.00","1.00","7.14","9.43","5.00","0.00","0.00","","0.00","0.00","","","","8.00","1.00","12.50","7.63","5.00","6.00","0.00","0.00","11.83",""
"столик баргузин","2026-06-30 - 2026-09-28","14.00","2.00","14.29","4.07","3.50","1.00","0.00","0.00","7.00","1.00","14.29","2.86","3.00","6.00","1.00","16.67","6.00","4.00","0.00","0.00","","",""
"салазки для сиденья","2026-06-30 - 2026-09-28","14.00","1.00","7.14","9.71","2.00","0.00","0.00","","1.00","1.00","100.00","2.00","2.00","6.00","0.00","0.00","8.33","","7.00","0.00","0.00","12.00",""
"stf1","2026-06-30 - 2026-09-28","14.00","2.00","14.29","3.00","4.50","0.00","0.00","","11.00","1.00","9.09","2.55","3.00","3.00","1.00","33.33","4.67","6.00","0.00","0.00","","",""
"сиденье откидное для автобуса","2026-06-30 - 2026-09-28","14.00","1.00","7.14","8.57","11.00","0.00","0.00","","0.00","0.00","","","","9.00","0.00","0.00","7.11","","5.00","1.00","20.00","11.20","11.00"
"шторы в салон автобуса","2026-06-30 - 2026-09-28","14.00","0.00","0.00","11.36","","0.00","0.00","","0.00","0.00","","","","3.00","0.00","0.00","10.00","","11.00","0.00","0.00","11.73",""
"подножка на форд транзит боковая","2026-06-30 - 2026-09-28","14.00","2.00","14.29","5.57","5.00","0.00","0.00","","2.00","0.00","0.00","3.00","","12.00","2.00","16.67","6.00","5.00","0.00","0.00","","",""
"полозья для сидений автомобильных","2026-06-30 - 2026-09-28","14.00","0.00","0.00","8.64","","0.00","0.00","","0.00","0.00","","","","11.00","0.00","0.00","7.82","","3.00","0.00","0.00","11.67",""
"сиденье для микроавтобуса купить","2026-06-30 - 2026-09-28","14.00","2.00","14.29","5.00","3.50","0.00","0.00","","3.00","1.00","33.33","2.67","3.00","10.00","1.00","10.00","4.60","4.00","1.00","0.00","0.00","16.00",""
"куплю салонный люк на микроавтобус форд транзит","2026-06-30 - 2026-09-28","14.00","1.00","7.14","1.00","1.00","14.00","1.00","7.14","0.00","0.00","","","","0.00","0.00","","","","0.00","0.00","","",""
"обшивка фургона форд транзит autotehnichka.ru","2026-06-30 - 2026-09-28","14.00","0.00","0.00","9.43","","0.00","0.00","","0.00","0.00","","","","10.00","0.00","0.00","8.70","","4.00","0.00","0.00","11.25",""
"сиденья для микроавтобусов с ремнями","2026-06-30 - 2026-09-28","14.00","3.00","21.43","6.29","3.67","1.00","1.00","100.00","1.00","1.00","100.00","3.00","3.00","11.00","1.00","9.09","6.64","7.00","1.00","0.00","0.00","11.00",""
"шторки для газель некст","2026-06-30 - 2026-09-28","14.00","2.00","14.29","7.64","3.00","0.00","0.00","","2.00","2.00","100.00","3.00","3.00","8.00","0.00","0.00","6.75","","4.00","0.00","0.00","11.75",""
"стекло задней левой двери ситроен джампер","2026-06-30 - 2026-09-28","14.00","1.00","7.14","5.07","3.00","0.00","0.00","","3.00","1.00","33.33","2.67","3.00","11.00","0.00","0.00","5.73","","0.00","0.00","","",""
"занавески в автобус","2026-06-30 - 2026-09-28","13.00","0.00","0.00","6.85","","0.00","0.00","","1.00","0.00","0.00","3.00","","10.00","0.00","0.00","6.30","","2.00","0.00","0.00","11.50",""
"столик в баргузин","2026-06-30 - 2026-09-28","13.00","1.00","7.69","5.00","3.00","0.00","0.00","","3.00","1.00","33.33","2.67","3.00","10.00","0.00","0.00","5.70","","0.00","0.00","","",""
"переделка салона микроавтобуса на ввв киберцар ком","2026-06-30 - 2026-09-28","13.00","0.00","0.00","7.31","","0.00","0.00","","0.00","0.00","","","","13.00","0.00","0.00","7.31","","0.00","0.00","","",""
"кресло автобуса","2026-06-30 - 2026-09-28","13.00","0.00","0.00","5.08","","0.00","0.00","","1.00","0.00","0.00","3.00","","12.00","0.00","0.00","5.25","","0.00","0.00","","",""
"подножка задняя газель некст автобус","2026-06-30 - 2026-09-28","13.00","2.00","15.38","2.62","3.50","3.00","1.00","33.33","7.00","0.00","0.00","2.43","","3.00","1.00","33.33","4.67","6.00","0.00","0.00","","",""
"ремень безопасности для автобуса","2026-06-30 - 2026-09-28","13.00","0.00","0.00","10.31","","0.00","0.00","","0.00","0.00","","","","6.00","0.00","0.00","8.33","","7.00","0.00","0.00","12.00",""
"люк на форд транзит","2026-06-30 - 2026-09-28","13.00","1.00","7.69","6.85","4.00","0.00","0.00","","0.00","0.00","","","","13.00","1.00","7.69","6.85","4.00","0.00","0.00","","",""
"подножка форд транзит 2006-2014","2026-06-30 - 2026-09-28","13.00","2.00","15.38","4.46","4.00","2.00","0.00","0.00","5.00","1.00","20.00","2.40","2.00","4.00","1.00","25.00","5.50","6.00","2.00","0.00","0.00","11.00",""
"туристические сиденья для микроавтобусов","2026-06-30 - 2026-09-28","13.00","4.00","30.77","2.92","3.00","1.00","0.00","0.00","9.00","2.00","22.22","2.67","2.00","3.00","2.00","66.67","4.33","4.00","0.00","0.00","","",""
"багажник на микроавтобус","2026-06-30 - 2026-09-28","13.00","1.00","7.69","7.62","7.00","0.00","0.00","","0.00","0.00","","","","10.00","1.00","10.00","6.40","7.00","3.00","0.00","0.00","11.67",""
"сидения для автобуса","2026-06-30 - 2026-09-28","13.00","3.00","23.08","8.08","6.00","0.00","0.00","","2.00","1.00","50.00","2.50","2.00","8.00","1.00","12.50","7.88","4.00","3.00","1.00","33.33","12.33","12.00"
"багажник для микроавтобуса","2026-06-30 - 2026-09-28","13.00","1.00","7.69","7.77","10.00","0.00","0.00","","0.00","0.00","","","","12.00","1.00","8.33","7.42","10.00","1.00","0.00","0.00","12.00",""
"кресло пассажирское","2026-06-30 - 2026-09-28","13.00","0.00","0.00","7.77","","0.00","0.00","","0.00","0.00","","","","13.00","0.00","0.00","7.77","","0.00","0.00","","",""
"шторы на микроавтобус","2026-06-30 - 2026-09-28","13.00","0.00","0.00","6.15","","0.00","0.00","","0.00","0.00","","","","13.00","0.00","0.00","6.15","","0.00","0.00","","",""
"shuttle box газель","2026-06-30 - 2026-09-28","13.00","1.00","7.69","5.08","4.00","0.00","0.00","","1.00","0.00","0.00","2.00","","12.00","1.00","8.33","5.33","4.00","0.00","0.00","","",""
"антивандальные сиденья для автобусов","2026-06-30 - 2026-09-28","13.00","0.00","0.00","10.92","","0.00","0.00","","0.00","0.00","","","","4.00","0.00","0.00","9.50","","9.00","0.00","0.00","11.56",""
"багажник на заднюю дверь микроавтобуса","2026-06-30 - 2026-09-28","13.00","5.00","38.46","2.92","3.00","1.00","1.00","100.00","8.00","2.00","25.00","2.13","2.00","4.00","2.00","50.00","5.00","5.00","0.00","0.00","","",""
"тюнинг микроавтобусов цена","2026-06-30 - 2026-09-28","13.00","0.00","0.00","30.00","","0.00","0.00","","0.00","0.00","","","","0.00","0.00","","","","13.00","0.00","0.00","30.00",""
"столик в минивэн","2026-06-30 - 2026-09-28","13.00","0.00","0.00","7.54","","0.00","0.00","","0.00","0.00","","","","12.00","0.00","0.00","7.25","","1.00","0.00","0.00","11.00",""
"шторы на форд транзит в салон","2026-06-30 - 2026-09-28","13.00","1.00","7.69","8.46","8.00","0.00","0.00","","0.00","0.00","","","","12.00","1.00","8.33","8.08","8.00","1.00","0.00","0.00","13.00",""
"пассажирского сиденья","2026-06-30 - 2026-09-28","13.00","0.00","0.00","7.62","","0.00","0.00","","0.00","0.00","","","","13.00","0.00","0.00","7.62","","0.00","0.00","","",""
"авто диван купить","2026-06-30 - 2026-09-28","13.00","0.00","0.00","7.77","","0.00","0.00","","0.00","0.00","","","","11.00","0.00","0.00","7.00","","2.00","0.00","0.00","12.00",""
"подножка на газель некст","2026-06-30 - 2026-09-28","13.00","0.00","0.00","8.38","","0.00","0.00","","1.00","0.00","0.00","3.00","","10.00","0.00","0.00","8.20","","2.00","0.00","0.00","12.00",""
"купить сиденья на автобус","2026-06-30 - 2026-09-28","13.00","0.00","0.00","5.62","","2.00","0.00","0.00","1.00","0.00","0.00","3.00","","8.00","0.00","0.00","5.50","","2.00","0.00","0.00","12.00",""
"плафон освещения салона","2026-06-30 - 2026-09-28","13.00","0.00","0.00","18.85","","0.00","0.00","","0.00","0.00","","","","3.00","0.00","0.00","5.67","","10.00","0.00","0.00","22.80",""
"стол в салон соболь","2026-06-30 - 2026-09-28","13.00","1.00","7.69","7.46","10.00","0.00","0.00","","1.00","0.00","0.00","2.00","","9.00","1.00","11.11","6.89","10.00","3.00","0.00","0.00","11.00",""
"сиденья автобусные купить","2026-06-30 - 2026-09-28","13.00","1.00","7.69","7.15","10.00","0.00","0.00","","2.00","0.00","0.00","3.00","","11.00","1.00","9.09","7.91","10.00","0.00","0.00","","",""
"ночные шторы газель некст","2026-06-30 - 2026-09-28","13.00","0.00","0.00","8.85","","0.00","0.00","","2.00","0.00","0.00","2.50","","7.00","0.00","0.00","9.14","","4.00","0.00","0.00","11.50",""
"диван тандем","2026-06-30 - 2026-09-28","13.00","0.00","0.00","12.92","","0.00","0.00","","0.00","0.00","","","","4.00","0.00","0.00","9.00","","9.00","0.00","0.00","14.67",""
"подиум для гроба","2026-06-30 - 2026-09-28","13.00","0.00","0.00","4.69","","0.00","0.00","","2.00","0.00","0.00","3.00","","11.00","0.00","0.00","5.00","","0.00","0.00","","",""
"шторки для автобуса","2026-06-30 - 2026-09-28","12.00","2.00","16.67","9.42","7.00","0.00","0.00","","1.00","1.00","100.00","3.00","3.00","4.00","0.00","0.00","7.25","","7.00","1.00","14.29","11.57","11.00"
"авто диваны","2026-06-30 - 2026-09-28","12.00","0.00","0.00","7.58","","0.00","0.00","","1.00","0.00","0.00","2.00","","9.00","0.00","0.00","7.33","","2.00","0.00","0.00","11.50",""
"столик на спинку сиденья в автомобиль откидной","2026-06-30 - 2026-09-28","12.00","0.00","0.00","13.25","","0.00","0.00","","0.00","0.00","","","","4.00","0.00","0.00","9.25","","8.00","0.00","0.00","15.25",""
"откидной столик в газель","2026-06-30 - 2026-09-28","12.00","0.00","0.00","4.42","","0.00","0.00","","4.00","0.00","0.00","2.75","","8.00","0.00","0.00","5.25","","0.00","0.00","","",""
"сиденья в соболь","2026-06-30 - 2026-09-28","12.00","0.00","0.00","4.25","","1.00","0.00","0.00","4.00","0.00","0.00","2.50","","7.00","0.00","0.00","5.71","","0.00","0.00","","",""
"заглушки на салазки передних сидений","2026-06-30 - 2026-09-28","12.00","0.00","0.00","12.42","","0.00","0.00","","0.00","0.00","","","","0.00","0.00","","","","12.00","0.00","0.00","12.42",""
"подножка для микроавтобуса","2026-06-30 - 2026-09-28","12.00","1.00","8.33","5.42","5.00","0.00","0.00","","3.00","0.00","0.00","2.67","","9.00","1.00","11.11","6.33","5.00","0.00","0.00","","",""
"сиденья для минивэна","2026-06-30 - 2026-09-28","12.00","1.00","8.33","4.83","9.00","0.00","0.00","","2.00","0.00","0.00","3.00","","10.00","1.00","10.00","5.20","9.00","0.00","0.00","","",""
"ночные шторки на газель","2026-06-30 - 2026-09-28","12.00","0.00","0.00","11.92","","0.00","0.00","","0.00","0.00","","","","1.00","0.00","0.00","9.00","","11.00","0.00","0.00","12.18",""
"переоборудование минивэна цена","2026-06-30 - 2026-09-28","12.00","0.00","0.00","4.83","","0.00","0.00","","4.00","0.00","0.00","2.25","","8.00","0.00","0.00","6.13","","0.00","0.00","","",""
"поручни для автобусов","2026-06-30 - 2026-09-28","12.00","0.00","0.00","6.83","","0.00","0.00","","0.00","0.00","","","","11.00","0.00","0.00","6.27","","1.00","0.00","0.00","13.00",""
"стекло iveco daily","2026-06-30 - 2026-09-28","12.00","0.00","0.00","7.75","","0.00","0.00","","1.00","0.00","0.00","2.00","","9.00","0.00","0.00","7.33","","2.00","0.00","0.00","12.50",""
"люк в автобус","2026-06-30 - 2026-09-28","12.00","1.00","8.33","7.58","9.00","0.00","0.00","","0.00","0.00","","","","10.00","1.00","10.00","6.90","9.00","2.00","0.00","0.00","11.00",""
"купить запчасти для автобусов","2026-06-30 - 2026-09-28","12.00","0.00","0.00","10.83","","0.00","0.00","","0.00","0.00","","","","5.00","0.00","0.00","9.00","","7.00","0.00","0.00","12.14",""
"газель. некст. автобус. форточка. водителя. подвижная","2026-06-30 - 2026-09-28","12.00","0.00","0.00","14.08","","0.00","0.00","","0.00","0.00","","","","0.00","0.00","","","","12.00","0.00","0.00","14.08",""
"полка в микроавтобус","2026-06-30 - 2026-09-28","12.00","2.00","16.67","4.75","4.00","0.00","0.00","","5.00","1.00","20.00","2.60","2.00","7.00","1.00","14.29","6.29","6.00","0.00","0.00","","",""
"универсальные салазки","2026-06-30 - 2026-09-28","12.00","0.00","0.00","7.08","","1.00","0.00","0.00","0.00","0.00","","","","10.00","0.00","0.00","7.30","","1.00","0.00","0.00","11.00",""
"ооо баском","2026-06-30 - 2026-09-28","12.00","0.00","0.00","13.58","","0.00","0.00","","1.00","0.00","0.00","2.00","","5.00","0.00","0.00","8.00","","6.00","0.00","0.00","20.17",""
"волговские сидушки в краснотуранске","2026-06-30 - 2026-09-28","12.00","0.00","0.00","9.67","","0.00","0.00","","0.00","0.00","","","","9.00","0.00","0.00","9.22","","3.00","0.00","0.00","11.00",""
"шторка на газель","2026-06-30 - 2026-09-28","12.00","0.00","0.00","10.92","","0.00","0.00","","0.00","0.00","","","","6.00","0.00","0.00","9.33","","6.00","0.00","0.00","12.50",""
"сидения в автобусе","2026-06-30 - 2026-09-28","12.00","0.00","0.00","12.00","","0.00","0.00","","0.00","0.00","","","","1.00","0.00","0.00","10.00","","11.00","0.00","0.00","12.18",""
"столик автомобильный на спинку bgtworkshop","2026-06-30 - 2026-09-28","12.00","0.00","0.00","6.50","","0.00","0.00","","1.00","0.00","0.00","3.00","","9.00","0.00","0.00","5.89","","2.00","0.00","0.00","11.00",""
"запчасти для автобусов","2026-06-30 - 2026-09-28","12.00","1.00","8.33","20.58","27.00","0.00","0.00","","0.00","0.00","","","","3.00","0.00","0.00","8.67","","9.00","1.00","11.11","24.56","27.00"
"stf3","2026-06-30 - 2026-09-28","12.00","6.00","50.00","2.17","1.67","4.00","4.00","100.00","6.00","1.00","16.67","2.33","2.00","2.00","1.00","50.00","4.00","4.00","0.00","0.00","","",""
"автобусные кресла","2026-06-30 - 2026-09-28","12.00","0.00","0.00","6.75","","0.00","0.00","","1.00","0.00","0.00","2.00","","11.00","0.00","0.00","7.18","","0.00","0.00","","",""
"диван на газель","2026-06-30 - 2026-09-28","12.00","0.00","0.00","9.42","","0.00","0.00","","0.00","0.00","","","","8.00","0.00","0.00","8.38","","4.00","0.00","0.00","11.50",""
"кресло автобусное","2026-06-30 - 2026-09-28","12.00","2.00","16.67","6.50","4.00","0.00","0.00","","2.00","0.00","0.00","2.50","","9.00","2.00","22.22","6.78","4.00","1.00","0.00","0.00","12.00",""
"шторы ночные на газель некст","2026-06-30 - 2026-09-28","12.00","0.00","0.00","10.08","","0.00","0.00","","0.00","0.00","","","","8.00","0.00","0.00","9.13","","4.00","0.00","0.00","12.00",""
"сиденье от автобуса","2026-06-30 - 2026-09-28","12.00","0.00","0.00","8.00","","0.00","0.00","","1.00","0.00","0.00","3.00","","9.00","0.00","0.00","7.89","","2.00","0.00","0.00","11.00",""
"купить салазки для сидений","2026-06-30 - 2026-09-28","12.00","0.00","0.00","8.42","","0.00","0.00","","1.00","0.00","0.00","3.00","","7.00","0.00","0.00","6.57","","4.00","0.00","0.00","13.00",""
"раскладной диван в микроавтобус","2026-06-30 - 2026-09-28","12.00","1.00","8.33","4.83","2.00","0.00","0.00","","3.00","1.00","33.33","2.33","2.00","9.00","0.00","0.00","5.67","","0.00","0.00","","",""
"комплектующие для микроавтобусов","2026-06-30 - 2026-09-28","12.00","4.00","33.33","3.25","2.00","3.00","2.00","66.67","3.00","1.00","33.33","2.33","2.00","6.00","1.00","16.67","4.83","4.00","0.00","0.00","","",""
"купить солнцезащитные шторки для газель некст autosklad185.ru","2026-06-30 - 2026-09-28","12.00","0.00","0.00","9.00","","0.00","0.00","","0.00","0.00","","","","7.00","0.00","0.00","7.29","","5.00","0.00","0.00","11.40",""
"пассажирские сиденья для микроавтобусов","2026-06-30 - 2026-09-28","12.00","2.00","16.67","4.33","2.00","1.00","0.00","0.00","5.00","2.00","40.00","2.40","2.00","6.00","0.00","0.00","6.50","","0.00","0.00","","",""
"турецкие сиденья для микроавтобусов","2026-06-30 - 2026-09-28","12.00","1.00","8.33","3.58","3.00","0.00","0.00","","6.00","1.00","16.67","2.83","3.00","6.00","0.00","0.00","4.33","","0.00","0.00","","",""
"сиденье водительское газель нн","2026-06-30 - 2026-09-28","12.00","0.00","0.00","9.67","","0.00","0.00","","0.00","0.00","","","","5.00","0.00","0.00","7.00","","7.00","0.00","0.00","11.57",""
"автодиван","2026-06-30 - 2026-09-28","12.00","0.00","0.00","7.58","","0.00","0.00","","1.00","0.00","0.00","3.00","","9.00","0.00","0.00","7.11","","2.00","0.00","0.00","12.00",""
"сидения для микроавтобусов","2026-06-30 - 2026-09-28","12.00","3.00","25.00","3.42","2.67","1.00","1.00","100.00","5.00","1.00","20.00","2.40","2.00","6.00","1.00","16.67","4.67","5.00","0.00","0.00","","",""
"шторы для микроавтобуса купить","2026-06-30 - 2026-09-28","12.00","1.00","8.33","6.08","5.00","0.00","0.00","","2.00","0.00","0.00","3.00","","10.00","1.00","10.00","6.70","5.00","0.00","0.00","","",""
"боковая подножка газель некст","2026-06-30 - 2026-09-28","12.00","1.00","8.33","3.42","3.00","3.00","0.00","0.00","4.00","1.00","25.00","2.75","3.00","5.00","0.00","0.00","5.40","","0.00","0.00","","",""
"сиденья передние соболь","2026-06-30 - 2026-09-28","12.00","1.00","8.33","4.50","3.00","0.00","0.00","","5.00","1.00","20.00","2.40","3.00","7.00","0.00","0.00","6.00","","0.00","0.00","","",""
"купить сидения соболь","2026-06-30 - 2026-09-28","12.00","0.00","0.00","4.58","","0.00","0.00","","0.00","0.00","","","","12.00","0.00","0.00","4.58","","0.00","0.00","","",""
"ремни безопасности для автобуса купить","2026-06-30 - 2026-09-28","12.00","0.00","0.00","8.50","","0.00","0.00","","1.00","0.00","0.00","3.00","","7.00","0.00","0.00","7.86","","4.00","0.00","0.00","11.00",""
"баском комплектующие для автобусов","2026-06-30 - 2026-09-28","11.00","6.00","54.55","1.09","1.00","10.00","6.00","60.00","1.00","0.00","0.00","2.00","","0.00","0.00","","","","0.00","0.00","","",""
"электропривод сдвижной двери мерседес спринтер 906","2026-06-30 - 2026-09-28","11.00","1.00","9.09","10.82","10.00","0.00","0.00","","0.00","0.00","","","","4.00","1.00","25.00","8.50","10.00","7.00","0.00","0.00","12.14",""
"столик в автобус","2026-06-30 - 2026-09-28","11.00","1.00","9.09","5.00","1.00","2.00","1.00","50.00","1.00","0.00","0.00","3.00","","8.00","0.00","0.00","6.25","","0.00","0.00","","",""
"электропривод сдвижной двери","2026-06-30 - 2026-09-28","11.00","1.00","9.09","16.91","13.00","0.00","0.00","","0.00","0.00","","","","1.00","0.00","0.00","10.00","","10.00","1.00","10.00","17.60","13.00"
"купить сиденья на микроавтобус","2026-06-30 - 2026-09-28","11.00","4.00","36.36","4.91","3.25","1.00","0.00","0.00","1.00","3.00","300.00","3.00","3.00","9.00","1.00","11.11","5.56","4.00","0.00","0.00","","",""
"диван в микроавтобус раскладной","2026-06-30 - 2026-09-28","11.00","1.00","9.09","8.09","5.00","0.00","0.00","","1.00","0.00","0.00","3.00","","7.00","1.00","14.29","7.57","5.00","3.00","0.00","0.00","11.00",""
"люк на форд транзит купить","2026-06-30 - 2026-09-28","11.00","0.00","0.00","4.64","","0.00","0.00","","1.00","0.00","0.00","3.00","","10.00","0.00","0.00","4.80","","0.00","0.00","","",""
"поясные ремни безопасности","2026-06-30 - 2026-09-28","11.00","0.00","0.00","9.18","","0.00","0.00","","0.00","0.00","","","","9.00","0.00","0.00","8.67","","2.00","0.00","0.00","11.50",""
"подлокотник на пассажирское сиденье мерседес турист туристический автобус","2026-06-30 - 2026-09-28","11.00","0.00","0.00","6.00","","0.00","0.00","","0.00","0.00","","","","11.00","0.00","0.00","6.00","","0.00","0.00","","",""
"сиденья на автобус купить","2026-06-30 - 2026-09-28","11.00","2.00","18.18","4.82","4.50","0.00","0.00","","2.00","1.00","50.00","3.00","3.00","9.00","1.00","11.11","5.22","6.00","0.00","0.00","","",""
"багажники на заднюю дверь минивэна","2026-06-30 - 2026-09-28","11.00","0.00","0.00","1.18","","9.00","0.00","0.00","2.00","0.00","0.00","2.00","","0.00","0.00","","","","0.00","0.00","","",""
"стекло люка форд транзит","2026-06-30 - 2026-09-28","11.00","0.00","0.00","11.09","","0.00","0.00","","0.00","0.00","","","","4.00","0.00","0.00","9.25","","7.00","0.00","0.00","12.14",""
"поворотный механизм для сидений автомобиля","2026-06-30 - 2026-09-28","11.00","1.00","9.09","12.18","13.00","0.00","0.00","","0.00","0.00","","","","2.00","0.00","0.00","9.50","","9.00","1.00","11.11","12.78","13.00"
"подножка на микроавтобус","2026-06-30 - 2026-09-28","11.00","1.00","9.09","3.55","6.00","0.00","0.00","","6.00","0.00","0.00","2.67","","5.00","1.00","20.00","4.60","6.00","0.00","0.00","","",""
"сиденье интурист","2026-06-30 - 2026-09-28","11.00","7.00","63.64","1.45","1.00","6.00","7.00","116.67","5.00","0.00","0.00","2.00","","0.00","0.00","","","","0.00","0.00","","",""
"рессора бус ру","2026-06-30 - 2026-09-28","11.00","0.00","0.00","7.27","","0.00","0.00","","1.00","0.00","0.00","2.00","","9.00","0.00","0.00","7.44","","1.00","0.00","0.00","11.00",""
"купить сиденья в микроавтобус турист","2026-06-30 - 2026-09-28","11.00","0.00","0.00","4.09","","0.00","0.00","","7.00","0.00","0.00","2.71","","4.00","0.00","0.00","6.50","","0.00","0.00","","",""
"сиденье для микроавтобуса","2026-06-30 - 2026-09-28","11.00","3.00","27.27","5.36","5.33","0.00","0.00","","4.00","1.00","25.00","2.25","2.00","7.00","2.00","28.57","7.14","7.00","0.00","0.00","","",""
"откидной столик в автомобиль","2026-06-30 - 2026-09-28","11.00","0.00","0.00","12.09","","0.00","0.00","","0.00","0.00","","","","1.00","0.00","0.00","10.00","","10.00","0.00","0.00","12.30",""
"сиденье автобусное","2026-06-30 - 2026-09-28","11.00","1.00","9.09","6.73","1.00","1.00","1.00","100.00","0.00","0.00","","","","10.00","0.00","0.00","7.30","","0.00","0.00","","",""
"купить шторы на автобус","2026-06-30 - 2026-09-28","11.00","0.00","0.00","7.45","","0.00","0.00","","0.00","0.00","","","","8.00","0.00","0.00","6.00","","3.00","0.00","0.00","11.33",""
"купить сидения для микроавтобуса","2026-06-30 - 2026-09-28","11.00","1.00","9.09","5.73","2.00","0.00","0.00","","1.00","1.00","100.00","2.00","2.00","10.00","0.00","0.00","6.10","","0.00","0.00","","",""
"стекло на автобус","2026-06-30 - 2026-09-28","11.00","0.00","0.00","8.45","","0.00","0.00","","1.00","0.00","0.00","3.00","","8.00","0.00","0.00","8.13","","2.00","0.00","0.00","12.50",""
"подножка форд транзит боковая","2026-06-30 - 2026-09-28","11.00","1.00","9.09","5.73","5.00","2.00","0.00","0.00","0.00","0.00","","","","7.00","1.00","14.29","5.57","5.00","2.00","0.00","0.00","11.00",""
"пассажирское кресло в машине","2026-06-30 - 2026-09-28","11.00","0.00","0.00","6.55","","1.00","0.00","0.00","0.00","0.00","","","","9.00","0.00","0.00","6.67","","1.00","0.00","0.00","11.00",""
"сиденье диван на газель","2026-06-30 - 2026-09-28","11.00","0.00","0.00","11.64","","0.00","0.00","","0.00","0.00","","","","0.00","0.00","","","","11.00","0.00","0.00","11.64",""
"столик на спинку сиденья автомобиля","2026-06-30 - 2026-09-28","11.00","1.00","9.09","10.45","10.00","0.00","0.00","","0.00","0.00","","","","5.00","1.00","20.00","8.60","10.00","6.00","0.00","0.00","12.00",""
"полозья для сидений микроавтобусов","2026-06-30 - 2026-09-28","11.00","3.00","27.27","5.18","4.00","0.00","0.00","","3.00","0.00","0.00","2.33","","7.00","3.00","42.86","5.57","4.00","1.00","0.00","0.00","11.00",""
"аксессуары на автобус","2026-06-30 - 2026-09-28","11.00","0.00","0.00","5.91","","1.00","0.00","0.00","1.00","0.00","0.00","3.00","","9.00","0.00","0.00","6.78","","0.00","0.00","","",""
"раскладной диван для газели","2026-06-30 - 2026-09-28","11.00","0.00","0.00","8.45","","0.00","0.00","","0.00","0.00","","","","11.00","0.00","0.00","8.45","","0.00","0.00","","",""
"купить купить комплект сидений в маршрутку","2026-06-30 - 2026-09-28","11.00","0.00","0.00","6.45","","0.00","0.00","","0.00","0.00","","","","11.00","0.00","0.00","6.45","","0.00","0.00","","",""
"шторки в форд транзит","2026-06-30 - 2026-09-28","11.00","0.00","0.00","10.18","","0.00","0.00","","0.00","0.00","","","","6.00","0.00","0.00","8.50","","5.00","0.00","0.00","12.20",""
"боковое стекло ситроен","2026-06-30 - 2026-09-28","11.00","0.00","0.00","12.00","","0.00","0.00","","0.00","0.00","","","","1.00","0.00","0.00","10.00","","10.00","0.00","0.00","12.20",""
"салазки для кресла в машину","2026-06-30 - 2026-09-28","11.00","0.00","0.00","11.36","","0.00","0.00","","0.00","0.00","","","","3.00","0.00","0.00","9.00","","8.00","0.00","0.00","12.25",""
"откидное сиденье в автобусе","2026-06-30 - 2026-09-28","11.00","0.00","0.00","11.73","","0.00","0.00","","0.00","0.00","","","","2.00","0.00","0.00","9.00","","9.00","0.00","0.00","12.33",""
"багажник рюкзак для микроавтобусов","2026-06-30 - 2026-09-28","11.00","0.00","0.00","2.55","","1.00","0.00","0.00","8.00","0.00","0.00","2.25","","2.00","0.00","0.00","4.50","","0.00","0.00","","",""
"пьедестал в катафалк купить во владике","2026-06-30 - 2026-09-28","11.00","0.00","0.00","5.82","","0.00","0.00","","0.00","0.00","","","","11.00","0.00","0.00","5.82","","0.00","0.00","","",""
"задняя подножка на газель","2026-06-30 - 2026-09-28","10.00","1.00","10.00","7.60","8.00","0.00","0.00","","0.00","0.00","","","","8.00","1.00","12.50","6.63","8.00","2.00","0.00","0.00","11.50",""
"поворотный механизм для автомобильного сидения","2026-06-30 - 2026-09-28","10.00","0.00","0.00","10.90","","0.00","0.00","","0.00","0.00","","","","3.00","0.00","0.00","8.00","","7.00","0.00","0.00","12.14",""
"быстросъемные крепления для установки кресел в микроавтобус","2026-06-30 - 2026-09-28","10.00","0.00","0.00","4.50","","0.00","0.00","","4.00","0.00","0.00","3.00","","6.00","0.00","0.00","5.50","","0.00","0.00","","",""
"рельсы для сидений","2026-06-30 - 2026-09-28","10.00","0.00","0.00","9.10","","0.00","0.00","","1.00","0.00","0.00","3.00","","5.00","0.00","0.00","8.40","","4.00","0.00","0.00","11.50",""
"реечный привод сдвижной двери для микроавтобусов","2026-06-30 - 2026-09-28","10.00","0.00","0.00","8.00","","0.00","0.00","","2.00","0.00","0.00","3.00","","5.00","0.00","0.00","8.20","","3.00","0.00","0.00","11.00",""
"купить диван в соболь","2026-06-30 - 2026-09-28","10.00","0.00","0.00","6.50","","0.00","0.00","","0.00","0.00","","","","10.00","0.00","0.00","6.50","","0.00","0.00","","",""
"диван трансформер в газель","2026-06-30 - 2026-09-28","10.00","0.00","0.00","9.00","","0.00","0.00","","0.00","0.00","","","","7.00","0.00","0.00","7.86","","3.00","0.00","0.00","11.67",""
"наклейка на микроавтобус","2026-06-30 - 2026-09-28","10.00","0.00","0.00","11.50","","0.00","0.00","","0.00","0.00","","","","1.00","0.00","0.00","8.00","","9.00","0.00","0.00","11.89",""
"сиденья ривьера для микроавтобусов","2026-06-30 - 2026-09-28","10.00","0.00","0.00","10.50","","0.00","0.00","","0.00","0.00","","","","5.00","0.00","0.00","8.60","","5.00","0.00","0.00","12.40",""
"кронштейн к-002","2026-06-30 - 2026-09-28","10.00","0.00","0.00","5.50","","0.00","0.00","","0.00","0.00","","","","10.00","0.00","0.00","5.50","","0.00","0.00","","",""
"вытяжка для микроавтобуса","2026-06-30 - 2026-09-28","10.00","1.00","10.00","6.60","6.00","0.00","0.00","","1.00","0.00","0.00","3.00","","7.00","1.00","14.29","5.57","6.00","2.00","0.00","0.00","12.00",""
"баском инокс","2026-06-30 - 2026-09-28","10.00","0.00","0.00","8.20","","0.00","0.00","","0.00","0.00","","","","8.00","0.00","0.00","7.50","","2.00","0.00","0.00","11.00",""
"подлокотник для автобуса","2026-06-30 - 2026-09-28","10.00","0.00","0.00","9.20","","1.00","0.00","0.00","0.00","0.00","","","","4.00","0.00","0.00","8.00","","5.00","0.00","0.00","11.80",""
"стёкла для автобусов","2026-06-30 - 2026-09-28","10.00","5.00","50.00","6.50","7.00","0.00","0.00","","3.00","1.00","33.33","3.00","3.00","6.00","4.00","66.67","7.50","8.00","1.00","0.00","0.00","11.00",""
"шторы в салон автобуса газель","2026-06-30 - 2026-09-28","10.00","0.00","0.00","7.40","","0.00","0.00","","0.00","0.00","","","","10.00","0.00","0.00","7.40","","0.00","0.00","","",""
"купить подлокотник на сиденье турист луиддоровское в нижнем новгороде","2026-06-30 - 2026-09-28","10.00","2.00","20.00","2.60","3.50","0.00","0.00","","8.00","1.00","12.50","2.25","3.00","2.00","1.00","50.00","4.00","4.00","0.00","0.00","","",""
"шторы газель","2026-06-30 - 2026-09-28","10.00","0.00","0.00","9.00","","0.00","0.00","","0.00","0.00","","","","8.00","0.00","0.00","8.13","","2.00","0.00","0.00","12.50",""
"ремень безопасности на автобус","2026-06-30 - 2026-09-28","10.00","0.00","0.00","7.00","","0.00","0.00","","1.00","0.00","0.00","2.00","","9.00","0.00","0.00","7.56","","0.00","0.00","","",""
"раскладной диван газель","2026-06-30 - 2026-09-28","10.00","0.00","0.00","8.90","","0.00","0.00","","0.00","0.00","","","","8.00","0.00","0.00","8.38","","2.00","0.00","0.00","11.00",""
"поручни автобусные","2026-06-30 - 2026-09-28","10.00","0.00","0.00","6.30","","0.00","0.00","","1.00","0.00","0.00","2.00","","9.00","0.00","0.00","6.78","","0.00","0.00","","",""
"складной подлокотник","2026-06-30 - 2026-09-28","10.00","0.00","0.00","8.50","","0.00","0.00","","0.00","0.00","","","","8.00","0.00","0.00","7.50","","2.00","0.00","0.00","12.50",""
"подножки на газель некст","2026-06-30 - 2026-09-28","10.00","0.00","0.00","7.00","","0.00","0.00","","1.00","0.00","0.00","2.00","","8.00","0.00","0.00","7.00","","1.00","0.00","0.00","12.00",""
"инерционный ремень безопасности","2026-06-30 - 2026-09-28","10.00","0.00","0.00","14.50","","0.00","0.00","","0.00","0.00","","","","0.00","0.00","","","","10.00","0.00","0.00","14.50",""
"диван в соболь баргузин","2026-06-30 - 2026-09-28","10.00","0.00","0.00","10.60","","0.00","0.00","","0.00","0.00","","","","6.00","0.00","0.00","8.83","","4.00","0.00","0.00","13.25",""
"подножка автобуса","2026-06-30 - 2026-09-28","10.00","0.00","0.00","6.60","","0.00","0.00","","1.00","0.00","0.00","3.00","","8.00","0.00","0.00","6.50","","1.00","0.00","0.00","11.00",""
"сиденье с амортизатором на газель","2026-06-30 - 2026-09-28","10.00","0.00","0.00","16.60","","0.00","0.00","","0.00","0.00","","","","0.00","0.00","","","","10.00","0.00","0.00","16.60",""
"подлокотник для автомобиля универсальный откидной","2026-06-30 - 2026-09-28","10.00","0.00","0.00","11.30","","0.00","0.00","","0.00","0.00","","","","3.00","0.00","0.00","8.33","","7.00","0.00","0.00","12.57",""
"продажа диванов в микроавтобус","2026-06-30 - 2026-09-28","10.00","0.00","0.00","6.80","","0.00","0.00","","1.00","0.00","0.00","3.00","","9.00","0.00","0.00","7.22","","0.00","0.00","","",""
"подножка газель некст автобус","2026-06-30 - 2026-09-28","10.00","0.00","0.00","7.40","","0.00","0.00","","0.00","0.00","","","","10.00","0.00","0.00","7.40","","0.00","0.00","","",""
"обшивка салона фиат дукато","2026-06-30 - 2026-09-28","10.00","0.00","0.00","9.30","","0.00","0.00","","0.00","0.00","","","","8.00","0.00","0.00","8.50","","2.00","0.00","0.00","12.50",""
"шторы в газель некст","2026-06-30 - 2026-09-28","10.00","0.00","0.00","6.50","","0.00","0.00","","0.00","0.00","","","","10.00","0.00","0.00","6.50","","0.00","0.00","","",""
"сиденья пассажирские на микроавтобус купить","2026-06-30 - 2026-09-28","10.00","0.00","0.00","3.50","","2.00","0.00","0.00","3.00","0.00","0.00","3.00","","5.00","0.00","0.00","4.80","","0.00","0.00","","",""
"диван в газон некст","2026-06-30 - 2026-09-28","10.00","0.00","0.00","5.30","","0.00","0.00","","2.00","0.00","0.00","3.00","","8.00","0.00","0.00","5.88","","0.00","0.00","","",""
"диван для микроавтобуса раскладной","2026-06-30 - 2026-09-28","10.00","3.00","30.00","4.50","3.67","0.00","0.00","","4.00","1.00","25.00","2.50","3.00","6.00","2.00","33.33","5.83","4.00","0.00","0.00","","",""
"люк на автобус","2026-06-30 - 2026-09-28","10.00","0.00","0.00","9.80","","0.00","0.00","","0.00","0.00","","","","5.00","0.00","0.00","8.20","","5.00","0.00","0.00","11.40",""
"шторы газель некст автобус","2026-06-30 - 2026-09-28","10.00","1.00","10.00","3.10","4.00","0.00","0.00","","6.00","0.00","0.00","2.50","","4.00","1.00","25.00","4.00","4.00","0.00","0.00","","",""
"универсальные салазки для сидений","2026-06-30 - 2026-09-28","10.00","0.00","0.00","10.00","","0.00","0.00","","0.00","0.00","","","","3.00","0.00","0.00","7.00","","7.00","0.00","0.00","11.29",""
"подножка на газель","2026-06-30 - 2026-09-28","10.00","0.00","0.00","14.60","","0.00","0.00","","0.00","0.00","","","","2.00","0.00","0.00","8.50","","8.00","0.00","0.00","16.13",""
"блок управления сдвижной двери на микроавтобус","2026-06-30 - 2026-09-28","10.00","0.00","0.00","10.30","","0.00","0.00","","0.00","0.00","","","","5.00","0.00","0.00","9.20","","5.00","0.00","0.00","11.40",""
"купить направляющие для автомобильных шторок","2026-06-30 - 2026-09-28","10.00","0.00","0.00","7.60","","1.00","0.00","0.00","0.00","0.00","","","","9.00","0.00","0.00","8.33","","0.00","0.00","","",""
"ткань для штор в автобус","2026-06-30 - 2026-09-28","10.00","0.00","0.00","9.30","","0.00","0.00","","0.00","0.00","","","","9.00","0.00","0.00","9.00","","1.00","0.00","0.00","12.00",""
"салазки универсальные","2026-06-30 - 2026-09-28","10.00","1.00","10.00","10.10","11.00","0.00","0.00","","0.00","0.00","","","","4.00","0.00","0.00","7.25","","6.00","1.00","16.67","12.00","11.00"
"купить сиденье на автобус","2026-06-30 - 2026-09-28","10.00","0.00","0.00","6.70","","0.00","0.00","","0.00","0.00","","","","9.00","0.00","0.00","6.22","","1.00","0.00","0.00","11.00",""
"сидение автобуса","2026-06-30 - 2026-09-28","10.00","0.00","0.00","6.50","","1.00","0.00","0.00","1.00","0.00","0.00","2.00","","6.00","0.00","0.00","6.67","","2.00","0.00","0.00","11.00",""
"сиденья пассажирские на микроавтобус","2026-06-30 - 2026-09-28","10.00","1.00","10.00","6.40","8.00","0.00","0.00","","1.00","0.00","0.00","3.00","","9.00","1.00","11.11","6.78","8.00","0.00","0.00","","",""
"шторки на автобус","2026-06-30 - 2026-09-28","10.00","1.00","10.00","9.70","7.00","0.00","0.00","","0.00","0.00","","","","7.00","1.00","14.29","8.57","7.00","3.00","0.00","0.00","12.33",""
"бус ком ру","2026-06-30 - 2026-09-28","10.00","2.00","20.00","2.20","1.00","3.00","2.00","66.67","6.00","0.00","0.00","2.50","","1.00","0.00","0.00","4.00","","0.00","0.00","","",""
"рельсы для сидений микроавтобусов купить","2026-06-30 - 2026-09-28","10.00","2.00","20.00","4.10","4.50","0.00","0.00","","7.00","1.00","14.29","2.43","3.00","3.00","1.00","33.33","8.00","6.00","0.00","0.00","","",""
"замок форточки форд транзит","2026-06-30 - 2026-09-28","10.00","1.00","10.00","6.00","2.00","0.00","0.00","","1.00","1.00","100.00","2.00","2.00","9.00","0.00","0.00","6.44","","0.00","0.00","","",""
"раскладной диван с столиком в газель некст выбираем лучший","2026-06-30 - 2026-09-28","10.00","6.00","60.00","9.30","5.00","0.00","0.00","","1.00","4.00","400.00","2.00","2.00","3.00","0.00","0.00","7.67","","6.00","2.00","33.33","11.33","11.00"
"поворотные сиденья для микроавтобуса","2026-06-30 - 2026-09-28","10.00","0.00","0.00","11.60","","0.00","0.00","","0.00","0.00","","","","2.00","0.00","0.00","10.00","","8.00","0.00","0.00","12.00",""
"купить сиденье на микроавтобус","2026-06-30 - 2026-09-28","9.00","0.00","0.00","5.56","","0.00","0.00","","1.00","0.00","0.00","2.00","","8.00","0.00","0.00","6.00","","0.00","0.00","","",""
"электропривод боковой двери для микроавтобусов","2026-06-30 - 2026-09-28","9.00","0.00","0.00","10.00","","0.00","0.00","","0.00","0.00","","","","7.00","0.00","0.00","9.43","","2.00","0.00","0.00","12.00",""
"диван ривьера с перегородкой","2026-06-30 - 2026-09-28","9.00","0.00","0.00","4.67","","0.00","0.00","","2.00","0.00","0.00","3.00","","7.00","0.00","0.00","5.14","","0.00","0.00","","",""
"подголовники заказ","2026-06-30 - 2026-09-28","9.00","0.00","0.00","8.00","","0.00","0.00","","2.00","0.00","0.00","3.00","","5.00","0.00","0.00","8.00","","2.00","0.00","0.00","13.00",""
"шторы на автобус","2026-06-30 - 2026-09-28","9.00","1.00","11.11","9.78","13.00","0.00","0.00","","0.00","0.00","","","","7.00","0.00","0.00","8.86","","2.00","1.00","50.00","13.00","13.00"
"сиденье с амортизатором","2026-06-30 - 2026-09-28","9.00","1.00","11.11","9.00","4.00","0.00","0.00","","0.00","0.00","","","","6.00","1.00","16.67","7.17","4.00","3.00","0.00","0.00","12.67",""
"вытяжка в микроавтобус","2026-06-30 - 2026-09-28","9.00","0.00","0.00","7.56","","0.00","0.00","","0.00","0.00","","","","8.00","0.00","0.00","7.00","","1.00","0.00","0.00","12.00",""
"сиденье пассажира","2026-06-30 - 2026-09-28","9.00","0.00","0.00","8.22","","0.00","0.00","","0.00","0.00","","","","8.00","0.00","0.00","7.75","","1.00","0.00","0.00","12.00",""
"люк аварийный вентиляционный автобусный","2026-06-30 - 2026-09-28","9.00","0.00","0.00","10.89","","0.00","0.00","","0.00","0.00","","","","4.00","0.00","0.00","9.25","","5.00","0.00","0.00","12.20",""
"сиденье пассажирское баргузин","2026-06-30 - 2026-09-28","9.00","2.00","22.22","2.78","2.50","1.00","0.00","0.00","7.00","2.00","28.57","2.71","2.50","1.00","0.00","0.00","5.00","","0.00","0.00","","",""
"электропривод боковой двери","2026-06-30 - 2026-09-28","9.00","0.00","0.00","12.67","","0.00","0.00","","0.00","0.00","","","","1.00","0.00","0.00","6.00","","8.00","0.00","0.00","13.50",""
"боковое стекло на мерседес спринтер world-autoglass.ru/katalog/mercedes/sprinter_(w906)/bokovoe_steklo/","2026-06-30 - 2026-09-28","9.00","0.00","0.00","8.89","","0.00","0.00","","0.00","0.00","","","","8.00","0.00","0.00","8.63","","1.00","0.00","0.00","11.00",""
"задняя подножка газель некст скорая помощь","2026-06-30 - 2026-09-28","9.00","0.00","0.00","3.89","","0.00","0.00","","3.00","0.00","0.00","2.67","","6.00","0.00","0.00","4.50","","0.00","0.00","","",""
"направляющие для установки сидений","2026-06-30 - 2026-09-28","9.00","0.00","0.00","9.00","","0.00","0.00","","1.00","0.00","0.00","2.00","","4.00","0.00","0.00","8.50","","4.00","0.00","0.00","11.25",""
"шторы для микроавтобуса","2026-06-30 - 2026-09-28","9.00","0.00","0.00","6.33","","0.00","0.00","","0.00","0.00","","","","9.00","0.00","0.00","6.33","","0.00","0.00","","",""
"плафон освещения vapse","2026-06-30 - 2026-09-28","9.00","0.00","0.00","17.56","","0.00","0.00","","0.00","0.00","","","","1.00","0.00","0.00","9.00","","8.00","0.00","0.00","18.63",""
"купить в краснодаре складной столик в машину","2026-06-30 - 2026-09-28","9.00","0.00","0.00","7.78","","0.00","0.00","","0.00","0.00","","","","9.00","0.00","0.00","7.78","","0.00","0.00","","",""
"водительское сиденье на газон некст","2026-06-30 - 2026-09-28","9.00","1.00","11.11","11.78","11.00","0.00","0.00","","0.00","0.00","","","","3.00","0.00","0.00","9.67","","6.00","1.00","16.67","12.83","11.00"
"водительское кресло газель нн","2026-06-30 - 2026-09-28","9.00","0.00","0.00","10.56","","0.00","0.00","","0.00","0.00","","","","5.00","0.00","0.00","9.20","","4.00","0.00","0.00","12.25",""
"подиум в катафалк","2026-06-30 - 2026-09-28","9.00","2.00","22.22","4.33","3.50","0.00","0.00","","3.00","1.00","33.33","2.67","3.00","6.00","1.00","16.67","5.17","4.00","0.00","0.00","","",""
"подножки газель некст","2026-06-30 - 2026-09-28","9.00","0.00","0.00","9.33","","0.00","0.00","","1.00","0.00","0.00","3.00","","4.00","0.00","0.00","8.00","","4.00","0.00","0.00","12.25",""
"столик для микроавтобуса","2026-06-30 - 2026-09-28","9.00","1.00","11.11","6.22","7.00","0.00","0.00","","3.00","0.00","0.00","2.67","","4.00","1.00","25.00","6.50","7.00","2.00","0.00","0.00","11.00",""
"сиденья соболь","2026-06-30 - 2026-09-28","9.00","0.00","0.00","7.56","","0.00","0.00","","0.00","0.00","","","","8.00","0.00","0.00","7.13","","1.00","0.00","0.00","11.00",""
"сиденье гида купить","2026-06-30 - 2026-09-28","9.00","2.00","22.22","5.78","4.00","1.00","0.00","0.00","0.00","0.00","","","","8.00","2.00","25.00","6.38","4.00","0.00","0.00","","",""
"купить водительское сиденье на газон некст","2026-06-30 - 2026-09-28","9.00","1.00","11.11","10.22","13.00","0.00","0.00","","0.00","0.00","","","","5.00","0.00","0.00","7.60","","4.00","1.00","25.00","13.50","13.00"
"ремни безопасности двухточечные","2026-06-30 - 2026-09-28","9.00","0.00","0.00","10.11","","0.00","0.00","","0.00","0.00","","","","4.00","0.00","0.00","8.75","","5.00","0.00","0.00","11.20",""
"сиденья автобусные","2026-06-30 - 2026-09-28","9.00","0.00","0.00","5.78","","0.00","0.00","","0.00","0.00","","","","9.00","0.00","0.00","5.78","","0.00","0.00","","",""
"задняя подножка газель","2026-06-30 - 2026-09-28","9.00","0.00","0.00","7.67","","0.00","0.00","","1.00","0.00","0.00","3.00","","8.00","0.00","0.00","8.25","","0.00","0.00","","",""
"поворотные сиденья в соболь","2026-06-30 - 2026-09-28","9.00","0.00","0.00","9.56","","0.00","0.00","","0.00","0.00","","","","5.00","0.00","0.00","7.00","","4.00","0.00","0.00","12.75",""
"сидение пассажирское","2026-06-30 - 2026-09-28","9.00","0.00","0.00","8.56","","0.00","0.00","","0.00","0.00","","","","8.00","0.00","0.00","8.25","","1.00","0.00","0.00","11.00",""
"водительское сиденье","2026-06-30 - 2026-09-28","9.00","1.00","11.11","20.56","28.00","0.00","0.00","","0.00","0.00","","","","0.00","0.00","","","","9.00","1.00","11.11","20.56","28.00"
"cotekc автобусы","2026-06-30 - 2026-09-28","9.00","0.00","0.00","13.00","","0.00","0.00","","0.00","0.00","","","","2.00","0.00","0.00","8.50","","7.00","0.00","0.00","14.29",""
"изолон для шумоизоляция авто","2026-06-30 - 2026-09-28","9.00","0.00","0.00","6.56","","0.00","0.00","","0.00","0.00","","","","8.00","0.00","0.00","6.00","","1.00","0.00","0.00","11.00",""
"купить сиденье водителя соболь нн в спб","2026-06-30 - 2026-09-28","9.00","0.00","0.00","8.00","","0.00","0.00","","0.00","0.00","","","","8.00","0.00","0.00","7.63","","1.00","0.00","0.00","11.00",""
"направляющие для штор в микроавтобус","2026-06-30 - 2026-09-28","9.00","1.00","11.11","8.00","5.00","0.00","0.00","","0.00","0.00","","","","8.00","1.00","12.50","7.50","5.00","1.00","0.00","0.00","12.00",""
"стекло на фольксваген крафтер салонное","2026-06-30 - 2026-09-28","9.00","0.00","0.00","9.00","","0.00","0.00","","0.00","0.00","","","","7.00","0.00","0.00","8.14","","2.00","0.00","0.00","12.00",""
"привод сдвижной двери кроко","2026-06-30 - 2026-09-28","9.00","0.00","0.00","10.33","","0.00","0.00","","0.00","0.00","","","","5.00","0.00","0.00","9.20","","4.00","0.00","0.00","11.75",""
"купить шторы в микроавтобус","2026-06-30 - 2026-09-28","9.00","0.00","0.00","7.78","","0.00","0.00","","0.00","0.00","","","","8.00","0.00","0.00","7.38","","1.00","0.00","0.00","11.00",""
"столик в соболь 4х4","2026-06-30 - 2026-09-28","9.00","0.00","0.00","9.89","","0.00","0.00","","0.00","0.00","","","","5.00","0.00","0.00","8.40","","4.00","0.00","0.00","11.75",""
"стекло фиат","2026-06-30 - 2026-09-28","9.00","0.00","0.00","32.44","","0.00","0.00","","0.00","0.00","","","","0.00","0.00","","","","9.00","0.00","0.00","32.44",""
"люк в микроавтобус","2026-06-30 - 2026-09-28","9.00","1.00","11.11","7.89","3.00","0.00","0.00","","1.00","1.00","100.00","3.00","3.00","7.00","0.00","0.00","7.86","","1.00","0.00","0.00","13.00",""
"свет в салоне автобуса","2026-06-30 - 2026-09-28","9.00","0.00","0.00","9.33","","0.00","0.00","","0.00","0.00","","","","8.00","0.00","0.00","9.13","","1.00","0.00","0.00","11.00",""
"аксессуары для автобуса","2026-06-30 - 2026-09-28","9.00","0.00","0.00","7.33","","0.00","0.00","","0.00","0.00","","","","9.00","0.00","0.00","7.33","","0.00","0.00","","",""
"шторки на окна газель некст","2026-06-30 - 2026-09-28","9.00","0.00","0.00","6.56","","0.00","0.00","","1.00","0.00","0.00","3.00","","7.00","0.00","0.00","6.14","","1.00","0.00","0.00","13.00",""
"комплект для обшивки кузова внутри пежо боксер 2020 гв l2h2 спб","2026-06-30 - 2026-09-28","9.00","0.00","0.00","7.22","","0.00","0.00","","0.00","0.00","","","","9.00","0.00","0.00","7.22","","0.00","0.00","","",""
"направляющие для автомобильных шторок купить","2026-06-30 - 2026-09-28","9.00","0.00","0.00","11.44","","0.00","0.00","","0.00","0.00","","","","2.00","0.00","0.00","9.50","","7.00","0.00","0.00","12.00",""
"купить стекло на микроавтобус мерседес в смоленске","2026-06-30 - 2026-09-28","9.00","0.00","0.00","8.33","","0.00","0.00","","0.00","0.00","","","","9.00","0.00","0.00","8.33","","0.00","0.00","","",""
"купить шторки на газель","2026-06-30 - 2026-09-28","9.00","1.00","11.11","10.78","13.00","0.00","0.00","","0.00","0.00","","","","4.00","0.00","0.00","8.75","","5.00","1.00","20.00","12.40","13.00"
"купить сиденья для микроавтобуса мерседес спринтер","2026-06-30 - 2026-09-28","9.00","4.00","44.44","4.11","1.25","3.00","3.00","100.00","2.00","1.00","50.00","2.50","2.00","3.00","0.00","0.00","6.00","","1.00","0.00","0.00","11.00",""
"купить диван на газель бизнес","2026-06-30 - 2026-09-28","9.00","3.00","33.33","8.11","8.67","0.00","0.00","","0.00","0.00","","","","6.00","2.00","33.33","6.50","7.50","3.00","1.00","33.33","11.33","11.00"
"луидор сиденья","2026-06-30 - 2026-09-28","9.00","0.00","0.00","5.11","","0.00","0.00","","2.00","0.00","0.00","3.00","","6.00","0.00","0.00","4.83","","1.00","0.00","0.00","11.00",""
"столик в газель соболь","2026-06-30 - 2026-09-28","9.00","0.00","0.00","6.78","","0.00","0.00","","0.00","0.00","","","","9.00","0.00","0.00","6.78","","0.00","0.00","","",""
"купить сиденье для микроавтобуса","2026-06-30 - 2026-09-28","9.00","2.00","22.22","5.11","4.00","0.00","0.00","","1.00","0.00","0.00","3.00","","8.00","2.00","25.00","5.38","4.00","0.00","0.00","","",""
"люк для микроавтобуса","2026-06-30 - 2026-09-28","9.00","0.00","0.00","6.33","","1.00","0.00","0.00","3.00","0.00","0.00","2.00","","3.00","0.00","0.00","5.67","","2.00","0.00","0.00","16.50",""
"штора на газель","2026-06-30 - 2026-09-28","9.00","0.00","0.00","10.67","","0.00","0.00","","0.00","0.00","","","","5.00","0.00","0.00","9.20","","4.00","0.00","0.00","12.50",""
"подножки на газель","2026-06-30 - 2026-09-28","9.00","0.00","0.00","12.33","","0.00","0.00","","0.00","0.00","","","","2.00","0.00","0.00","9.50","","7.00","0.00","0.00","13.14",""
"багажник у автобуса","2026-06-30 - 2026-09-28","9.00","0.00","0.00","9.56","","0.00","0.00","","0.00","0.00","","","","5.00","0.00","0.00","8.00","","4.00","0.00","0.00","11.50",""
"салон трансформер для соболя","2026-06-30 - 2026-09-28","9.00","1.00","11.11","7.11","4.00","2.00","0.00","0.00","0.00","0.00","","","","3.00","1.00","33.33","4.33","4.00","4.00","0.00","0.00","12.25",""
"автобус сиденье","2026-06-30 - 2026-09-28","9.00","0.00","0.00","7.22","","0.00","0.00","","1.00","0.00","0.00","3.00","","7.00","0.00","0.00","7.29","","1.00","0.00","0.00","11.00",""
"багажник на дверь","2026-06-30 - 2026-09-28","8.00","0.00","0.00","8.75","","0.00","0.00","","0.00","0.00","","","","7.00","0.00","0.00","8.43","","1.00","0.00","0.00","11.00",""
"багажник на мерседес спринтер","2026-06-30 - 2026-09-28","8.00","0.00","0.00","8.63","","0.00","0.00","","0.00","0.00","","","","5.00","0.00","0.00","6.20","","3.00","0.00","0.00","12.67",""
"саласка что это в машине","2026-06-30 - 2026-09-28","8.00","0.00","0.00","8.50","","0.00","0.00","","0.00","0.00","","","","7.00","0.00","0.00","7.86","","1.00","0.00","0.00","13.00",""
"размеры водительского сиденья","2026-06-30 - 2026-09-28","8.00","0.00","0.00","15.25","","0.00","0.00","","0.00","0.00","","","","3.00","0.00","0.00","8.33","","5.00","0.00","0.00","19.40",""
"ламбрекены форд транзит","2026-06-30 - 2026-09-28","8.00","0.00","0.00","12.25","","0.00","0.00","","0.00","0.00","","","","0.00","0.00","","","","8.00","0.00","0.00","12.25",""
"раскладной диван для микроавтобуса в тканевой обивке","2026-06-30 - 2026-09-28","8.00","1.00","12.50","2.75","2.00","0.00","0.00","","8.00","1.00","12.50","2.75","2.00","0.00","0.00","","","","0.00","0.00","","",""
"складной столик в машину","2026-06-30 - 2026-09-28","8.00","0.00","0.00","11.38","","0.00","0.00","","0.00","0.00","","","","1.00","0.00","0.00","10.00","","7.00","0.00","0.00","11.57",""
"доводчик сдвижной двери для микроавтобусов","2026-06-30 - 2026-09-28","8.00","0.00","0.00","12.88","","0.00","0.00","","0.00","0.00","","","","2.00","0.00","0.00","8.50","","6.00","0.00","0.00","14.33",""
"офердемен","2026-06-30 - 2026-09-28","8.00","0.00","0.00","11.75","","0.00","0.00","","0.00","0.00","","","","0.00","0.00","","","","8.00","0.00","0.00","11.75",""
"диван трансформер в газель некст","2026-06-30 - 2026-09-28","8.00","0.00","0.00","10.63","","0.00","0.00","","0.00","0.00","","","","6.00","0.00","0.00","9.83","","2.00","0.00","0.00","13.00",""
"баском нержавеющая сталь ростов на дону","2026-06-30 - 2026-09-28","8.00","0.00","0.00","11.75","","0.00","0.00","","0.00","0.00","","","","6.00","0.00","0.00","8.67","","2.00","0.00","0.00","21.00",""
"подножка задняя газель","2026-06-30 - 2026-09-28","8.00","0.00","0.00","7.38","","0.00","0.00","","1.00","0.00","0.00","2.00","","6.00","0.00","0.00","7.67","","1.00","0.00","0.00","11.00",""
"сиденье на пружине","2026-06-30 - 2026-09-28","8.00","0.00","0.00","5.63","","0.00","0.00","","1.00","0.00","0.00","2.00","","7.00","0.00","0.00","6.14","","0.00","0.00","","",""
"обшивка фургона пежо боксер autotehnichka.ru","2026-06-30 - 2026-09-28","8.00","0.00","0.00","7.13","","0.00","0.00","","0.00","0.00","","","","7.00","0.00","0.00","6.43","","1.00","0.00","0.00","12.00",""
"стекло для peugeot на крокодил1 ру","2026-06-30 - 2026-09-28","8.00","0.00","0.00","7.75","","0.00","0.00","","0.00","0.00","","","","6.00","0.00","0.00","6.17","","2.00","0.00","0.00","12.50",""
"ремень безопасности 2-х точечный статический","2026-06-30 - 2026-09-28","8.00","0.00","0.00","11.13","","0.00","0.00","","0.00","0.00","","","","4.00","0.00","0.00","10.00","","4.00","0.00","0.00","12.25",""
"хром подножки на газель","2026-06-30 - 2026-09-28","8.00","0.00","0.00","11.75","","0.00","0.00","","0.00","0.00","","","","0.00","0.00","","","","8.00","0.00","0.00","11.75",""
"сиденье водителя автобуса","2026-06-30 - 2026-09-28","8.00","1.00","12.50","5.38","8.00","0.00","0.00","","2.00","0.00","0.00","3.00","","6.00","1.00","16.67","6.17","8.00","0.00","0.00","","",""
"сиденья пульман турецкие","2026-06-30 - 2026-09-28","8.00","1.00","12.50","2.50","2.00","0.00","0.00","","8.00","1.00","12.50","2.50","2.00","0.00","0.00","","","","0.00","0.00","","",""
"сиденье на пружинах","2026-06-30 - 2026-09-28","8.00","0.00","0.00","8.50","","0.00","0.00","","0.00","0.00","","","","6.00","0.00","0.00","7.17","","2.00","0.00","0.00","12.50",""
"сиденье в автобус","2026-06-30 - 2026-09-28","8.00","0.00","0.00","5.25","","0.00","0.00","","1.00","0.00","0.00","3.00","","7.00","0.00","0.00","5.57","","0.00","0.00","","",""
"полки в микроавтобус","2026-06-30 - 2026-09-28","8.00","1.00","12.50","4.13","5.00","0.00","0.00","","2.00","0.00","0.00","3.00","","6.00","1.00","16.67","4.50","5.00","0.00","0.00","","",""
"сиденье водительское на газ соболь 4х4 купить","2026-06-30 - 2026-09-28","8.00","0.00","0.00","6.63","","0.00","0.00","","0.00","0.00","","","","8.00","0.00","0.00","6.63","","0.00","0.00","","",""
"кронштейны сидений газ 3221","2026-06-30 - 2026-09-28","8.00","0.00","0.00","7.75","","0.00","0.00","","0.00","0.00","","","","8.00","0.00","0.00","7.75","","0.00","0.00","","",""
"купить туристический сиденье для микроавтобуса","2026-06-30 - 2026-09-28","8.00","0.00","0.00","5.25","","0.00","0.00","","1.00","0.00","0.00","3.00","","7.00","0.00","0.00","5.57","","0.00","0.00","","",""
"подголовник для автобуса","2026-06-30 - 2026-09-28","8.00","0.00","0.00","4.75","","0.00","0.00","","1.00","0.00","0.00","2.00","","7.00","0.00","0.00","5.14","","0.00","0.00","","",""
"крепление поручня автобуса","2026-06-30 - 2026-09-28","8.00","0.00","0.00","10.13","","0.00","0.00","","0.00","0.00","","","","5.00","0.00","0.00","9.60","","3.00","0.00","0.00","11.00",""
"купить сиденья в автобус","2026-06-30 - 2026-09-28","8.00","0.00","0.00","6.50","","0.00","0.00","","0.00","0.00","","","","7.00","0.00","0.00","5.86","","1.00","0.00","0.00","11.00",""
"уголок для подиума","2026-06-30 - 2026-09-28","8.00","3.00","37.50","2.38","2.00","4.00","2.00","50.00","2.00","0.00","0.00","3.00","","2.00","1.00","50.00","4.50","4.00","0.00","0.00","","",""
"столик соболь","2026-06-30 - 2026-09-28","8.00","0.00","0.00","5.38","","1.00","0.00","0.00","1.00","0.00","0.00","2.00","","6.00","0.00","0.00","6.67","","0.00","0.00","","",""
"газ газель next автобус задняя подножка установка заводская или нет","2026-06-30 - 2026-09-28","8.00","0.00","0.00","7.13","","0.00","0.00","","0.00","0.00","","","","8.00","0.00","0.00","7.13","","0.00","0.00","","",""
"люк на крышу микроавтобуса","2026-06-30 - 2026-09-28","8.00","1.00","12.50","4.75","4.00","1.00","0.00","0.00","2.00","0.00","0.00","3.00","","4.00","1.00","25.00","4.75","4.00","1.00","0.00","0.00","12.00",""
"сиденье водителя газель нн","2026-06-30 - 2026-09-28","8.00","0.00","0.00","8.50","","0.00","0.00","","0.00","0.00","","","","5.00","0.00","0.00","7.00","","3.00","0.00","0.00","11.00",""
"люк автобусный","2026-06-30 - 2026-09-28","8.00","0.00","0.00","10.50","","0.00","0.00","","0.00","0.00","","","","3.00","0.00","0.00","7.33","","5.00","0.00","0.00","12.40",""
"комплекты трансформирующихся диванов для микроавтобусов купить","2026-06-30 - 2026-09-28","8.00","2.00","25.00","2.50","2.00","0.00","0.00","","8.00","2.00","25.00","2.50","2.00","0.00","0.00","","","","0.00","0.00","","",""
"замок для форточки","2026-06-30 - 2026-09-28","8.00","0.00","0.00","15.00","","0.00","0.00","","0.00","0.00","","","","0.00","0.00","","","","8.00","0.00","0.00","15.00",""
"поворотный механизм для сидений автомобиля купить","2026-06-30 - 2026-09-28","8.00","1.00","12.50","14.88","13.00","0.00","0.00","","0.00","0.00","","","","1.00","0.00","0.00","8.00","","7.00","1.00","14.29","15.86","13.00"
"подлокотник в микроавтобус","2026-06-30 - 2026-09-28","8.00","0.00","0.00","10.25","","0.00","0.00","","0.00","0.00","","","","5.00","0.00","0.00","9.40","","3.00","0.00","0.00","11.67",""
"диваны для микроавтобусов","2026-06-30 - 2026-09-28","8.00","0.00","0.00","5.38","","0.00","0.00","","2.00","0.00","0.00","3.00","","5.00","0.00","0.00","4.60","","1.00","0.00","0.00","14.00",""
"направляющие рельсы для сидений","2026-06-30 - 2026-09-28","8.00","0.00","0.00","8.88","","0.00","0.00","","1.00","0.00","0.00","2.00","","2.00","0.00","0.00","6.00","","5.00","0.00","0.00","11.40",""
"поручни автобуса купить","2026-06-30 - 2026-09-28","8.00","2.00","25.00","6.25","3.50","0.00","0.00","","1.00","1.00","100.00","3.00","3.00","6.00","1.00","16.67","6.00","4.00","1.00","0.00","0.00","11.00",""
"задний диван в микроавтобус","2026-06-30 - 2026-09-28","8.00","0.00","0.00","5.75","","0.00","0.00","","2.00","0.00","0.00","2.00","","6.00","0.00","0.00","7.00","","0.00","0.00","","",""
"купить заднюю подножку на газель некст","2026-06-30 - 2026-09-28","8.00","3.00","37.50","5.38","4.33","0.00","0.00","","2.00","2.00","100.00","3.00","3.00","6.00","1.00","16.67","6.17","7.00","0.00","0.00","","",""
"купить сиденье на соболь","2026-06-30 - 2026-09-28","8.00","0.00","0.00","7.13","","0.00","0.00","","0.00","0.00","","","","6.00","0.00","0.00","5.83","","2.00","0.00","0.00","11.00",""
"салазки для сидений универсальные автомобильных","2026-06-30 - 2026-09-28","8.00","0.00","0.00","8.25","","0.00","0.00","","0.00","0.00","","","","8.00","0.00","0.00","8.25","","0.00","0.00","","",""
"кнопка стоп в автобусе купить","2026-06-30 - 2026-09-28","8.00","2.00","25.00","4.88","2.50","0.00","0.00","","3.00","2.00","66.67","2.67","2.50","5.00","0.00","0.00","6.20","","0.00","0.00","","",""
"задние сидения автобуса","2026-06-30 - 2026-09-28","8.00","0.00","0.00","10.13","","0.00","0.00","","0.00","0.00","","","","3.00","0.00","0.00","8.00","","5.00","0.00","0.00","11.40",""
"сиденья автобуса пластик","2026-06-30 - 2026-09-28","8.00","0.00","0.00","5.13","","0.00","0.00","","3.00","0.00","0.00","3.00","","5.00","0.00","0.00","6.40","","0.00","0.00","","",""
"крепление для инвалидной коляски","2026-06-30 - 2026-09-28","8.00","0.00","0.00","12.50","","0.00","0.00","","0.00","0.00","","","","1.00","0.00","0.00","10.00","","7.00","0.00","0.00","12.86",""
"для чего кнопка стоп в автобусе","2026-06-30 - 2026-09-28","8.00","0.00","0.00","14.25","","0.00","0.00","","0.00","0.00","","","","4.00","0.00","0.00","9.00","","4.00","0.00","0.00","19.50",""
"сиденье ривьера купить","2026-06-30 - 2026-09-28","8.00","0.00","0.00","10.38","","0.00","0.00","","1.00","0.00","0.00","3.00","","2.00","0.00","0.00","9.00","","5.00","0.00","0.00","12.40",""
"купить вытяжку на форд транзит 2016 года","2026-06-30 - 2026-09-28","8.00","0.00","0.00","4.13","","0.00","0.00","","2.00","0.00","0.00","3.00","","6.00","0.00","0.00","4.50","","0.00","0.00","","",""
"задняя подножка газель некст автобус","2026-06-30 - 2026-09-28","8.00","0.00","0.00","2.00","","5.00","0.00","0.00","1.00","0.00","0.00","2.00","","2.00","0.00","0.00","4.50","","0.00","0.00","","",""
"сиденье для минивэна","2026-06-30 - 2026-09-28","8.00","1.00","12.50","4.63","3.00","0.00","0.00","","2.00","1.00","50.00","3.00","3.00","6.00","0.00","0.00","5.17","","0.00","0.00","","",""
"сиденье от автобуса купить","2026-06-30 - 2026-09-28","8.00","0.00","0.00","6.88","","0.00","0.00","","1.00","0.00","0.00","2.00","","6.00","0.00","0.00","6.83","","1.00","0.00","0.00","12.00",""
"салазки на сиденье","2026-06-30 - 2026-09-28","8.00","0.00","0.00","11.13","","0.00","0.00","","0.00","0.00","","","","3.00","0.00","0.00","8.67","","5.00","0.00","0.00","12.60",""
"сиденье на газон некст водительское","2026-06-30 - 2026-09-28","8.00","0.00","0.00","11.38","","0.00","0.00","","0.00","0.00","","","","3.00","0.00","0.00","8.67","","5.00","0.00","0.00","13.00",""
"купить газель некст дизель новую шторку","2026-06-30 - 2026-09-28","8.00","0.00","0.00","11.25","","0.00","0.00","","0.00","0.00","","","","0.00","0.00","","","","8.00","0.00","0.00","11.25",""
"русавто сиденья","2026-06-30 - 2026-09-28","8.00","0.00","0.00","7.50","","0.00","0.00","","1.00","0.00","0.00","3.00","","6.00","0.00","0.00","7.50","","1.00","0.00","0.00","12.00",""
"заглушки на полозья сидений","2026-06-30 - 2026-09-28","8.00","0.00","0.00","11.63","","0.00","0.00","","0.00","0.00","","","","3.00","0.00","0.00","9.33","","5.00","0.00","0.00","13.00",""
"подголовник прищепка купить","2026-06-30 - 2026-09-28","8.00","0.00","0.00","9.25","","0.00","0.00","","0.00","0.00","","","","5.00","0.00","0.00","7.60","","3.00","0.00","0.00","12.00",""
"стекло для автобуса","2026-06-30 - 2026-09-28","8.00","0.00","0.00","9.13","","0.00","0.00","","0.00","0.00","","","","4.00","0.00","0.00","6.25","","4.00","0.00","0.00","12.00",""
"раскладной диван в соболь 4х4","2026-06-30 - 2026-09-28","8.00","0.00","0.00","10.13","","0.00","0.00","","0.00","0.00","","","","4.00","0.00","0.00","8.75","","4.00","0.00","0.00","11.50",""
"накладка каторая закрывает углы подножки форт транзит","2026-06-30 - 2026-09-28","8.00","5.00","62.50","6.00","5.00","0.00","0.00","","1.00","1.00","100.00","3.00","3.00","7.00","4.00","57.14","6.43","5.50","0.00","0.00","","",""
"раскладной диван для микроавтобуса","2026-06-30 - 2026-09-28","8.00","0.00","0.00","4.63","","0.00","0.00","","2.00","0.00","0.00","3.00","","6.00","0.00","0.00","5.17","","0.00","0.00","","",""
"сиденье пассажирское газель нн","2026-06-30 - 2026-09-28","8.00","0.00","0.00","9.25","","0.00","0.00","","1.00","0.00","0.00","3.00","","4.00","0.00","0.00","9.00","","3.00","0.00","0.00","11.67",""
"электропривод сдвижной двери для микроавтобусов купить","2026-06-30 - 2026-09-28","8.00","0.00","0.00","8.00","","0.00","0.00","","0.00","0.00","","","","8.00","0.00","0.00","8.00","","0.00","0.00","","",""
"кнопка остановки в автобусе купить","2026-06-30 - 2026-09-28","8.00","1.00","12.50","3.25","4.00","1.00","0.00","0.00","3.00","0.00","0.00","3.00","","4.00","1.00","25.00","4.00","4.00","0.00","0.00","","",""
"раскладные сиденья для микроавтобусов","2026-06-30 - 2026-09-28","8.00","0.00","0.00","8.63","","0.00","0.00","","0.00","0.00","","","","7.00","0.00","0.00","8.14","","1.00","0.00","0.00","12.00",""
"сиденья в автобус","2026-06-30 - 2026-09-28","8.00","1.00","12.50","5.50","1.00","1.00","1.00","100.00","0.00","0.00","","","","7.00","0.00","0.00","6.14","","0.00","0.00","","",""
"запчасти для коммерческого транспорта part bus","2026-06-30 - 2026-09-28","7.00","0.00","0.00","8.86","","0.00","0.00","","0.00","0.00","","","","6.00","0.00","0.00","8.33","","1.00","0.00","0.00","12.00",""
"люк в крышу автобуса","2026-06-30 - 2026-09-28","7.00","2.00","28.57","5.14","3.00","1.00","1.00","100.00","1.00","0.00","0.00","3.00","","5.00","1.00","20.00","6.40","5.00","0.00","0.00","","",""
"багажник газель некст","2026-06-30 - 2026-09-28","7.00","0.00","0.00","10.00","","0.00","0.00","","1.00","0.00","0.00","2.00","","3.00","0.00","0.00","10.00","","3.00","0.00","0.00","12.67",""
"купить сиденье от автобуса","2026-06-30 - 2026-09-28","7.00","0.00","0.00","7.43","","0.00","0.00","","0.00","0.00","","","","7.00","0.00","0.00","7.43","","0.00","0.00","","",""
"ремень безопасности поясной двухточечный","2026-06-30 - 2026-09-28","7.00","0.00","0.00","6.86","","0.00","0.00","","0.00","0.00","","","","7.00","0.00","0.00","6.86","","0.00","0.00","","",""
"замок форточки stf3","2026-06-30 - 2026-09-28","7.00","2.00","28.57","3.86","4.00","1.00","1.00","100.00","3.00","0.00","0.00","2.67","","3.00","1.00","33.33","6.00","7.00","0.00","0.00","","",""
"ремни безопасности для автобуса","2026-06-30 - 2026-09-28","7.00","0.00","0.00","11.57","","0.00","0.00","","0.00","0.00","","","","4.00","0.00","0.00","8.75","","3.00","0.00","0.00","15.33",""
"кресло водительское","2026-06-30 - 2026-09-28","7.00","0.00","0.00","13.43","","0.00","0.00","","0.00","0.00","","","","2.00","0.00","0.00","10.00","","5.00","0.00","0.00","14.80",""
"столик на соболь","2026-06-30 - 2026-09-28","7.00","0.00","0.00","5.86","","0.00","0.00","","0.00","0.00","","","","6.00","0.00","0.00","5.00","","1.00","0.00","0.00","11.00",""
"электропривод боковой двери форд транзит","2026-06-30 - 2026-09-28","7.00","0.00","0.00","7.00","","0.00","0.00","","0.00","0.00","","","","7.00","0.00","0.00","7.00","","0.00","0.00","","",""
"поручни для автобуса","2026-06-30 - 2026-09-28","7.00","2.00","28.57","7.43","4.00","0.00","0.00","","0.00","0.00","","","","6.00","2.00","33.33","6.83","4.00","1.00","0.00","0.00","11.00",""
"сиденья на соболь","2026-06-30 - 2026-09-28","7.00","0.00","0.00","7.14","","0.00","0.00","","0.00","0.00","","","","7.00","0.00","0.00","7.14","","0.00","0.00","","",""
"сидения автобуса","2026-06-30 - 2026-09-28","7.00","0.00","0.00","5.29","","0.00","0.00","","1.00","0.00","0.00","3.00","","6.00","0.00","0.00","5.67","","0.00","0.00","","",""
"люк на форд транзит 2012","2026-06-30 - 2026-09-28","7.00","0.00","0.00","4.43","","0.00","0.00","","1.00","0.00","0.00","3.00","","6.00","0.00","0.00","4.67","","0.00","0.00","","",""
"люк для автобуса","2026-06-30 - 2026-09-28","7.00","1.00","14.29","9.00","11.00","0.00","0.00","","0.00","0.00","","","","4.00","0.00","0.00","7.25","","3.00","1.00","33.33","11.33","11.00"
"стол для микроавтобуса","2026-06-30 - 2026-09-28","7.00","0.00","0.00","3.71","","0.00","0.00","","4.00","0.00","0.00","3.00","","3.00","0.00","0.00","4.67","","0.00","0.00","","",""
"сиденье кровать в газель","2026-06-30 - 2026-09-28","7.00","0.00","0.00","9.00","","0.00","0.00","","0.00","0.00","","","","5.00","0.00","0.00","7.80","","2.00","0.00","0.00","12.00",""
"подножка сдвижной двери с электроприводом микроавтобуса","2026-06-30 - 2026-09-28","7.00","0.00","0.00","11.29","","0.00","0.00","","0.00","0.00","","","","2.00","0.00","0.00","10.00","","5.00","0.00","0.00","11.80",""
"сиденье тандем","2026-06-30 - 2026-09-28","7.00","1.00","14.29","3.86","2.00","1.00","0.00","0.00","3.00","1.00","33.33","2.67","2.00","3.00","0.00","0.00","6.00","","0.00","0.00","","",""
"сиденье на автобус","2026-06-30 - 2026-09-28","7.00","0.00","0.00","5.86","","0.00","0.00","","2.00","0.00","0.00","3.00","","5.00","0.00","0.00","7.00","","0.00","0.00","","",""
"шторки на форд транзит в салон","2026-06-30 - 2026-09-28","7.00","0.00","0.00","8.14","","0.00","0.00","","0.00","0.00","","","","7.00","0.00","0.00","8.14","","0.00","0.00","","",""
"кровать в газель","2026-06-30 - 2026-09-28","7.00","0.00","0.00","10.57","","0.00","0.00","","0.00","0.00","","","","3.00","0.00","0.00","9.00","","4.00","0.00","0.00","11.75",""
"направляющие рельсы для сидений соболь","2026-06-30 - 2026-09-28","7.00","0.00","0.00","3.86","","0.00","0.00","","3.00","0.00","0.00","2.67","","4.00","0.00","0.00","4.75","","0.00","0.00","","",""
"подножка для будки газель","2026-06-30 - 2026-09-28","7.00","0.00","0.00","7.71","","0.00","0.00","","0.00","0.00","","","","5.00","0.00","0.00","6.40","","2.00","0.00","0.00","11.00",""
"регулируемый подлокотник водительского сиденья","2026-06-30 - 2026-09-28","7.00","0.00","0.00","9.00","","0.00","0.00","","0.00","0.00","","","","7.00","0.00","0.00","9.00","","0.00","0.00","","",""
"столик автомобильный на спинку bgtworkshop.ru","2026-06-30 - 2026-09-28","7.00","0.00","0.00","9.86","","0.00","0.00","","0.00","0.00","","","","3.00","0.00","0.00","7.67","","4.00","0.00","0.00","11.50",""
"сиденье пассажирское туристические автобусы новое купить","2026-06-30 - 2026-09-28","7.00","0.00","0.00","6.57","","0.00","0.00","","0.00","0.00","","","","7.00","0.00","0.00","6.57","","0.00","0.00","","",""
"держатель штор в автобус","2026-06-30 - 2026-09-28","7.00","0.00","0.00","7.29","","0.00","0.00","","0.00","0.00","","","","7.00","0.00","0.00","7.29","","0.00","0.00","","",""
"купить подножку сдвижной двери фольксваген крафтер 2011г","2026-06-30 - 2026-09-28","7.00","0.00","0.00","7.43","","0.00","0.00","","0.00","0.00","","","","7.00","0.00","0.00","7.43","","0.00","0.00","","",""
"автодиваны","2026-06-30 - 2026-09-28","7.00","0.00","0.00","4.29","","0.00","0.00","","4.00","0.00","0.00","2.25","","3.00","0.00","0.00","7.00","","0.00","0.00","","",""
"боковая подножка газель","2026-06-30 - 2026-09-28","7.00","2.00","28.57","7.14","4.50","0.00","0.00","","1.00","1.00","100.00","2.00","2.00","6.00","1.00","16.67","8.00","7.00","0.00","0.00","","",""
"диван для микроавтобусов","2026-06-30 - 2026-09-28","7.00","1.00","14.29","4.71","4.00","0.00","0.00","","1.00","0.00","0.00","3.00","","6.00","1.00","16.67","5.00","4.00","0.00","0.00","","",""
"фурнитура для туристических кресел","2026-06-30 - 2026-09-28","7.00","0.00","0.00","10.00","","0.00","0.00","","0.00","0.00","","","","4.00","0.00","0.00","9.00","","3.00","0.00","0.00","11.33",""
"складной стол в микроавтобус","2026-06-30 - 2026-09-28","7.00","0.00","0.00","6.43","","0.00","0.00","","0.00","0.00","","","","7.00","0.00","0.00","6.43","","0.00","0.00","","",""
"сиденье автобус","2026-06-30 - 2026-09-28","7.00","0.00","0.00","4.43","","0.00","0.00","","3.00","0.00","0.00","2.67","","4.00","0.00","0.00","5.75","","0.00","0.00","","",""
"22171-8046500","2026-06-30 - 2026-09-28","7.00","0.00","0.00","6.57","","0.00","0.00","","0.00","0.00","","","","6.00","0.00","0.00","5.50","","1.00","0.00","0.00","13.00",""
"ооо ""баском""","2026-06-30 - 2026-09-28","7.00","0.00","0.00","6.29","","0.00","0.00","","1.00","0.00","0.00","3.00","","6.00","0.00","0.00","6.83","","0.00","0.00","","",""
"полозья сидений","2026-06-30 - 2026-09-28","7.00","0.00","0.00","11.43","","0.00","0.00","","0.00","0.00","","","","1.00","0.00","0.00","8.00","","6.00","0.00","0.00","12.00",""
"люк на форд транзит 2019 года","2026-06-30 - 2026-09-28","7.00","0.00","0.00","5.29","","0.00","0.00","","0.00","0.00","","","","7.00","0.00","0.00","5.29","","0.00","0.00","","",""
"автозапчасти для микроавтобусов","2026-06-30 - 2026-09-28","7.00","0.00","0.00","5.86","","0.00","0.00","","3.00","0.00","0.00","3.00","","4.00","0.00","0.00","8.00","","0.00","0.00","","",""
"занавески для микроавтобуса держатели","2026-06-30 - 2026-09-28","7.00","1.00","14.29","8.00","7.00","0.00","0.00","","0.00","0.00","","","","7.00","1.00","14.29","8.00","7.00","0.00","0.00","","",""
"ремень безопасности автобус","2026-06-30 - 2026-09-28","7.00","0.00","0.00","7.29","","0.00","0.00","","1.00","0.00","0.00","2.00","","6.00","0.00","0.00","8.17","","0.00","0.00","","",""
"диван в микроавтобус купить","2026-06-30 - 2026-09-28","7.00","0.00","0.00","4.86","","0.00","0.00","","3.00","0.00","0.00","3.00","","4.00","0.00","0.00","6.25","","0.00","0.00","","",""
"столик в соболь купить","2026-06-30 - 2026-09-28","7.00","1.00","14.29","5.43","3.00","0.00","0.00","","2.00","1.00","50.00","3.00","3.00","5.00","0.00","0.00","6.40","","0.00","0.00","","",""
"боковая форточка ""мерседес-спринтер"".","2026-06-30 - 2026-09-28","7.00","0.00","0.00","9.43","","0.00","0.00","","0.00","0.00","","","","7.00","0.00","0.00","9.43","","0.00","0.00","","",""
"сиденья на автобус","2026-06-30 - 2026-09-28","7.00","2.00","28.57","6.29","1.00","1.00","2.00","200.00","0.00","0.00","","","","5.00","0.00","0.00","6.00","","1.00","0.00","0.00","13.00",""
"сколько стоит 8 метров штор на газель некст","2026-06-30 - 2026-09-28","7.00","4.00","57.14","4.29","7.00","0.00","0.00","","3.00","0.00","0.00","3.00","","4.00","4.00","100.00","5.25","7.00","0.00","0.00","","",""
"диван из автомобиля купить","2026-06-30 - 2026-09-28","7.00","0.00","0.00","10.86","","0.00","0.00","","0.00","0.00","","","","6.00","0.00","0.00","8.67","","1.00","0.00","0.00","24.00",""
"ширина водительского сиденья","2026-06-30 - 2026-09-28","7.00","0.00","0.00","7.71","","0.00","0.00","","0.00","0.00","","","","5.00","0.00","0.00","6.20","","2.00","0.00","0.00","11.50",""
"как как называются крючки которые держат сиденья в верхнем положении на микроавтобусе","2026-06-30 - 2026-09-28","7.00","0.00","0.00","10.29","","0.00","0.00","","0.00","0.00","","","","4.00","0.00","0.00","9.25","","3.00","0.00","0.00","11.67",""
"шторки в салон микроавтобуса форд транзит","2026-06-30 - 2026-09-28","7.00","1.00","14.29","7.14","9.00","0.00","0.00","","2.00","0.00","0.00","3.00","","5.00","1.00","20.00","8.80","9.00","0.00","0.00","","",""
"подножка боковой двери газель некст","2026-06-30 - 2026-09-28","7.00","2.00","28.57","5.57","4.50","1.00","0.00","0.00","0.00","0.00","","","","6.00","2.00","33.33","6.33","4.50","0.00","0.00","","",""
"подножки на газель nn","2026-06-30 - 2026-09-28","7.00","1.00","14.29","2.86","2.00","0.00","0.00","","7.00","1.00","14.29","2.86","2.00","0.00","0.00","","","","0.00","0.00","","",""
"навесной багажник для автобуса","2026-06-30 - 2026-09-28","7.00","0.00","0.00","3.29","","0.00","0.00","","5.00","0.00","0.00","3.00","","2.00","0.00","0.00","4.00","","0.00","0.00","","",""
"обшивка кабины фиат дукато","2026-06-30 - 2026-09-28","7.00","0.00","0.00","7.86","","0.00","0.00","","0.00","0.00","","","","7.00","0.00","0.00","7.86","","0.00","0.00","","",""
"стекло аварийного люка микроавтобуса","2026-06-30 - 2026-09-28","7.00","1.00","14.29","7.29","5.00","0.00","0.00","","0.00","0.00","","","","6.00","1.00","16.67","6.67","5.00","1.00","0.00","0.00","11.00",""
"складной столик соболь","2026-06-30 - 2026-09-28","7.00","0.00","0.00","3.86","","2.00","0.00","0.00","0.00","0.00","","","","5.00","0.00","0.00","5.00","","0.00","0.00","","",""
"откидной столик в минивэн","2026-06-30 - 2026-09-28","7.00","3.00","42.86","3.86","3.67","0.00","0.00","","3.00","2.00","66.67","3.00","3.00","4.00","1.00","25.00","4.50","5.00","0.00","0.00","","",""
"ривьера диваны для микроавтобусов","2026-06-30 - 2026-09-28","7.00","0.00","0.00","8.29","","0.00","0.00","","0.00","0.00","","","","6.00","0.00","0.00","7.83","","1.00","0.00","0.00","11.00",""
"подиум для катафалка","2026-06-30 - 2026-09-28","7.00","0.00","0.00","3.14","","0.00","0.00","","5.00","0.00","0.00","2.80","","2.00","0.00","0.00","4.00","","0.00","0.00","","",""
"люк аварийный 67 82 gold турция","2026-06-30 - 2026-09-28","7.00","2.00","28.57","5.29","5.50","0.00","0.00","","0.00","0.00","","","","7.00","2.00","28.57","5.29","5.50","0.00","0.00","","",""
"купить.сидения.соболя","2026-06-30 - 2026-09-28","7.00","0.00","0.00","7.86","","0.00","0.00","","0.00","0.00","","","","5.00","0.00","0.00","6.40","","2.00","0.00","0.00","11.50",""
"шторки на газель некст ночные с направляющими","2026-06-30 - 2026-09-28","7.00","0.00","0.00","10.43","","0.00","0.00","","0.00","0.00","","","","5.00","0.00","0.00","10.00","","2.00","0.00","0.00","11.50",""
"сиденье тандем соболь трансформер","2026-06-30 - 2026-09-28","7.00","1.00","14.29","5.57","5.00","0.00","0.00","","1.00","0.00","0.00","3.00","","6.00","1.00","16.67","6.00","5.00","0.00","0.00","","",""
"кресло соболь","2026-06-30 - 2026-09-28","7.00","0.00","0.00","5.57","","0.00","0.00","","0.00","0.00","","","","6.00","0.00","0.00","4.50","","1.00","0.00","0.00","12.00",""
"сиденье интурист люкс ооо баском","2026-06-30 - 2026-09-28","7.00","13.00","185.71","1.29","1.00","5.00","13.00","260.00","2.00","0.00","0.00","2.00","","0.00","0.00","","","","0.00","0.00","","",""
"сиденья для автобусов","2026-06-30 - 2026-09-28","7.00","2.00","28.57","6.14","3.00","1.00","1.00","100.00","0.00","0.00","","","","6.00","1.00","16.67","7.00","5.00","0.00","0.00","","",""
"диван ривьера в микроавтобус","2026-06-30 - 2026-09-28","7.00","1.00","14.29","5.57","6.00","0.00","0.00","","0.00","0.00","","","","7.00","1.00","14.29","5.57","6.00","0.00","0.00","","",""
"пукли автомобильные","2026-06-30 - 2026-09-28","7.00","0.00","0.00","10.86","","0.00","0.00","","0.00","0.00","","","","3.00","0.00","0.00","8.67","","4.00","0.00","0.00","12.50",""
"люк форд транзит купить","2026-06-30 - 2026-09-28","7.00","1.00","14.29","4.86","5.00","0.00","0.00","","2.00","0.00","0.00","3.00","","5.00","1.00","20.00","5.60","5.00","0.00","0.00","","",""
"направляющие для штор в автобус","2026-06-30 - 2026-09-28","7.00","1.00","14.29","6.71","4.00","0.00","0.00","","0.00","0.00","","","","7.00","1.00","14.29","6.71","4.00","0.00","0.00","","",""
"откидной столик в машину","2026-06-30 - 2026-09-28","7.00","0.00","0.00","13.00","","0.00","0.00","","0.00","0.00","","","","0.00","0.00","","","","7.00","0.00","0.00","13.00",""
"баском нержавейка","2026-06-30 - 2026-09-28","7.00","0.00","0.00","5.29","","0.00","0.00","","2.00","0.00","0.00","3.00","","5.00","0.00","0.00","6.20","","0.00","0.00","","",""
"подножка пежо боксер","2026-06-30 - 2026-09-28","7.00","1.00","14.29","5.71","6.00","0.00","0.00","","1.00","0.00","0.00","3.00","","6.00","1.00","16.67","6.17","6.00","0.00","0.00","","",""
"направляющие для шторок в микроавтобус","2026-06-30 - 2026-09-28","7.00","2.00","28.57","5.57","2.50","1.00","1.00","100.00","0.00","0.00","","","","6.00","1.00","16.67","6.33","4.00","0.00","0.00","","",""
"подлокотник для туристического стула","2026-06-30 - 2026-09-28","7.00","1.00","14.29","11.86","12.00","0.00","0.00","","0.00","0.00","","","","0.00","0.00","","","","7.00","1.00","14.29","11.86","12.00"
"занавески в газель некст","2026-06-30 - 2026-09-28","7.00","0.00","0.00","7.57","","0.00","0.00","","1.00","0.00","0.00","2.00","","4.00","0.00","0.00","6.75","","2.00","0.00","0.00","12.00",""
"подножка левой сдвижной двери для mercedes sprinter 515","2026-06-30 - 2026-09-28","7.00","0.00","0.00","9.00","","0.00","0.00","","0.00","0.00","","","","6.00","0.00","0.00","8.67","","1.00","0.00","0.00","11.00",""
"шторы в автобусе","2026-06-30 - 2026-09-28","7.00","0.00","0.00","7.71","","0.00","0.00","","0.00","0.00","","","","7.00","0.00","0.00","7.71","","0.00","0.00","","",""
"кресла диваны на салазках в микроавтобус","2026-06-30 - 2026-09-28","7.00","0.00","0.00","7.00","","0.00","0.00","","0.00","0.00","","","","7.00","0.00","0.00","7.00","","0.00","0.00","","",""
"шторки в газель некст","2026-06-30 - 2026-09-28","7.00","0.00","0.00","7.00","","1.00","0.00","0.00","0.00","0.00","","","","5.00","0.00","0.00","7.40","","1.00","0.00","0.00","11.00",""
"подножка на мерседес спринтер","2026-06-30 - 2026-09-28","7.00","1.00","14.29","8.00","9.00","0.00","0.00","","1.00","0.00","0.00","2.00","","4.00","1.00","25.00","7.50","9.00","2.00","0.00","0.00","12.00",""
"автостекло черняховск форточки на мерседес спринтер 2021 года","2026-06-30 - 2026-09-28","7.00","0.00","0.00","9.43","","0.00","0.00","","0.00","0.00","","","","5.00","0.00","0.00","8.80","","2.00","0.00","0.00","11.00",""
"подножка в автобусе","2026-06-30 - 2026-09-28","7.00","0.00","0.00","9.57","","0.00","0.00","","0.00","0.00","","","","6.00","0.00","0.00","9.17","","1.00","0.00","0.00","12.00",""
"салазки сиденья","2026-06-30 - 2026-09-28","7.00","0.00","0.00","11.29","","0.00","0.00","","0.00","0.00","","","","2.00","0.00","0.00","10.00","","5.00","0.00","0.00","11.80",""
"сидение соболь","2026-06-30 - 2026-09-28","7.00","0.00","0.00","6.57","","0.00","0.00","","0.00","0.00","","","","7.00","0.00","0.00","6.57","","0.00","0.00","","",""
"кресла для микроавтобусов","2026-06-30 - 2026-09-28","7.00","2.00","28.57","4.29","3.00","2.00","0.00","0.00","2.00","1.00","50.00","2.00","2.00","2.00","1.00","50.00","6.50","4.00","1.00","0.00","0.00","11.00",""
"купить раскладывающиеся сиденья на автобус","2026-06-30 - 2026-09-28","7.00","0.00","0.00","9.29","","0.00","0.00","","0.00","0.00","","","","7.00","0.00","0.00","9.29","","0.00","0.00","","",""
"поворотные сиденья для микроавтобуса купить","2026-06-30 - 2026-09-28","7.00","0.00","0.00","12.43","","0.00","0.00","","0.00","0.00","","","","2.00","0.00","0.00","7.50","","5.00","0.00","0.00","14.40",""
"занавески на газель","2026-06-30 - 2026-09-28","7.00","0.00","0.00","10.71","","0.00","0.00","","0.00","0.00","","","","3.00","0.00","0.00","8.67","","4.00","0.00","0.00","12.25",""
"стекла для автобусов","2026-06-30 - 2026-09-28","7.00","0.00","0.00","5.57","","0.00","0.00","","2.00","0.00","0.00","2.50","","4.00","0.00","0.00","5.25","","1.00","0.00","0.00","13.00",""
"направляющие для штор в газель","2026-06-30 - 2026-09-28","7.00","0.00","0.00","8.86","","0.00","0.00","","0.00","0.00","","","","6.00","0.00","0.00","8.33","","1.00","0.00","0.00","12.00",""
"купить газель соболь с столиком","2026-06-30 - 2026-09-28","7.00","0.00","0.00","7.71","","0.00","0.00","","0.00","0.00","","","","6.00","0.00","0.00","7.17","","1.00","0.00","0.00","11.00",""
"диваны-трансформеры тандем","2026-06-30 - 2026-09-28","7.00","1.00","14.29","4.29","5.00","1.00","0.00","0.00","1.00","0.00","0.00","3.00","","5.00","1.00","20.00","5.20","5.00","0.00","0.00","","",""
"пукля для авто","2026-06-30 - 2026-09-28","7.00","0.00","0.00","9.43","","0.00","0.00","","0.00","0.00","","","","6.00","0.00","0.00","9.00","","1.00","0.00","0.00","12.00",""
"ремень безопасности в маршрутке цена","2026-06-30 - 2026-09-28","7.00","0.00","0.00","8.86","","0.00","0.00","","0.00","0.00","","","","6.00","0.00","0.00","8.17","","1.00","0.00","0.00","13.00",""
"раскладной столик в машину","2026-06-30 - 2026-09-28","7.00","0.00","0.00","11.71","","0.00","0.00","","0.00","0.00","","","","2.00","0.00","0.00","10.00","","5.00","0.00","0.00","12.40",""
"сиденья микроавтобус","2026-06-30 - 2026-09-28","7.00","1.00","14.29","6.86","9.00","0.00","0.00","","0.00","0.00","","","","7.00","1.00","14.29","6.86","9.00","0.00","0.00","","",""
"боковое стекло ситроен джампер","2026-06-30 - 2026-09-28","6.00","2.00","33.33","10.33","9.00","0.00","0.00","","0.00","0.00","","","","3.00","2.00","66.67","8.67","9.00","3.00","0.00","0.00","12.00",""
"салазки для кресла","2026-06-30 - 2026-09-28","6.00","0.00","0.00","11.50","","0.00","0.00","","0.00","0.00","","","","1.00","0.00","0.00","9.00","","5.00","0.00","0.00","12.00",""
"механизм для откидного сиденья","2026-06-30 - 2026-09-28","6.00","0.00","0.00","11.83","","0.00","0.00","","0.00","0.00","","","","0.00","0.00","","","","6.00","0.00","0.00","11.83",""
"сиденье соболь купить","2026-06-30 - 2026-09-28","6.00","1.00","16.67","6.83","1.00","1.00","1.00","100.00","0.00","0.00","","","","4.00","0.00","0.00","6.75","","1.00","0.00","0.00","13.00",""
"кресло в транспорте","2026-06-30 - 2026-09-28","6.00","0.00","0.00","5.83","","0.00","0.00","","0.00","0.00","","","","6.00","0.00","0.00","5.83","","0.00","0.00","","",""
"кнопка стоп в автобусе","2026-06-30 - 2026-09-28","6.00","0.00","0.00","13.50","","0.00","0.00","","0.00","0.00","","","","3.00","0.00","0.00","8.33","","3.00","0.00","0.00","18.67",""
"карниз для автомобильных шторок","2026-06-30 - 2026-09-28","6.00","0.00","0.00","12.00","","0.00","0.00","","0.00","0.00","","","","0.00","0.00","","","","6.00","0.00","0.00","12.00",""
"туристические подлокотники","2026-06-30 - 2026-09-28","6.00","1.00","16.67","3.00","2.00","0.00","0.00","","4.00","1.00","25.00","2.25","2.00","2.00","0.00","0.00","4.50","","0.00","0.00","","",""
"подлокотник на спинку сидения","2026-06-30 - 2026-09-28","6.00","1.00","16.67","9.67","11.00","0.00","0.00","","0.00","0.00","","","","4.00","0.00","0.00","8.50","","2.00","1.00","50.00","12.00","11.00"
"ночные шторки на газель некст","2026-06-30 - 2026-09-28","6.00","1.00","16.67","9.17","11.00","0.00","0.00","","0.00","0.00","","","","4.00","0.00","0.00","8.25","","2.00","1.00","50.00","11.00","11.00"
"купить диван в микроавтобус","2026-06-30 - 2026-09-28","6.00","0.00","0.00","5.17","","0.00","0.00","","1.00","0.00","0.00","3.00","","5.00","0.00","0.00","5.60","","0.00","0.00","","",""
"поручень для микроавтобуса","2026-06-30 - 2026-09-28","6.00","0.00","0.00","6.83","","0.00","0.00","","0.00","0.00","","","","6.00","0.00","0.00","6.83","","0.00","0.00","","",""
"газ соболь бизнес 4х4 передние пассажирские сиденья купить","2026-06-30 - 2026-09-28","6.00","0.00","0.00","7.67","","0.00","0.00","","0.00","0.00","","","","6.00","0.00","0.00","7.67","","0.00","0.00","","",""
"сиденье для гида","2026-06-30 - 2026-09-28","6.00","1.00","16.67","6.00","6.00","0.00","0.00","","0.00","0.00","","","","6.00","1.00","16.67","6.00","6.00","0.00","0.00","","",""
"купить багажник на микроавтобус","2026-06-30 - 2026-09-28","6.00","0.00","0.00","11.00","","0.00","0.00","","0.00","0.00","","","","2.00","0.00","0.00","9.00","","4.00","0.00","0.00","12.00",""
"автодивана","2026-06-30 - 2026-09-28","6.00","1.00","16.67","3.83","5.00","0.00","0.00","","2.00","0.00","0.00","3.00","","4.00","1.00","25.00","4.25","5.00","0.00","0.00","","",""
"корейская 24","2026-06-30 - 2026-09-28","6.00","0.00","0.00","10.50","","0.00","0.00","","0.00","0.00","","","","3.00","0.00","0.00","8.67","","3.00","0.00","0.00","12.33",""
"салазки водительского сиденья","2026-06-30 - 2026-09-28","6.00","0.00","0.00","6.83","","0.00","0.00","","0.00","0.00","","","","5.00","0.00","0.00","5.80","","1.00","0.00","0.00","12.00",""
"гладкие стекла на микроавтобусы","2026-06-30 - 2026-09-28","6.00","0.00","0.00","1.33","","4.00","0.00","0.00","2.00","0.00","0.00","2.00","","0.00","0.00","","","","0.00","0.00","","",""
"шторки кабины газель некст","2026-06-30 - 2026-09-28","6.00","0.00","0.00","7.17","","0.00","0.00","","0.00","0.00","","","","6.00","0.00","0.00","7.17","","0.00","0.00","","",""
"баскоме","2026-06-30 - 2026-09-28","6.00","0.00","0.00","2.83","","0.00","0.00","","5.00","0.00","0.00","2.60","","1.00","0.00","0.00","4.00","","0.00","0.00","","",""
"кресла автобуса","2026-06-30 - 2026-09-28","6.00","0.00","0.00","4.33","","0.00","0.00","","0.00","0.00","","","","6.00","0.00","0.00","4.33","","0.00","0.00","","",""
"покрытие для пола в автобус противоскользящее","2026-06-30 - 2026-09-28","6.00","1.00","16.67","9.00","6.00","0.00","0.00","","0.00","0.00","","","","5.00","1.00","20.00","8.60","6.00","1.00","0.00","0.00","11.00",""
"направляющие для ночных штор газель некст","2026-06-30 - 2026-09-28","6.00","0.00","0.00","8.83","","0.00","0.00","","0.00","0.00","","","","6.00","0.00","0.00","8.83","","0.00","0.00","","",""
"комплект штор на газель некст с направляющими","2026-06-30 - 2026-09-28","6.00","0.00","0.00","3.33","","0.00","0.00","","4.00","0.00","0.00","2.50","","2.00","0.00","0.00","5.00","","0.00","0.00","","",""
"курник водителя в бусе","2026-06-30 - 2026-09-28","6.00","0.00","0.00","10.17","","0.00","0.00","","0.00","0.00","","","","5.00","0.00","0.00","10.00","","1.00","0.00","0.00","11.00",""
"шторки на мерседес спринтер классик","2026-06-30 - 2026-09-28","6.00","0.00","0.00","9.17","","0.00","0.00","","0.00","0.00","","","","3.00","0.00","0.00","7.33","","3.00","0.00","0.00","11.00",""
"купить пассажирские сиденья на бусик мерседес спринтер","2026-06-30 - 2026-09-28","6.00","0.00","0.00","4.00","","0.00","0.00","","0.00","0.00","","","","6.00","0.00","0.00","4.00","","0.00","0.00","","",""
"выдвижная подножка для микроавтобуса","2026-06-30 - 2026-09-28","6.00","1.00","16.67","7.50","1.00","1.00","1.00","100.00","0.00","0.00","","","","4.00","0.00","0.00","8.25","","1.00","0.00","0.00","11.00",""
"шторки на окна микроавтобус","2026-06-30 - 2026-09-28","6.00","0.00","0.00","9.67","","0.00","0.00","","0.00","0.00","","","","3.00","0.00","0.00","8.00","","3.00","0.00","0.00","11.33",""
"откидной столик в автомобиль на спинку сиденья","2026-06-30 - 2026-09-28","6.00","0.00","0.00","11.50","","0.00","0.00","","0.00","0.00","","","","1.00","0.00","0.00","10.00","","5.00","0.00","0.00","11.80",""
"подлокотник в автобус","2026-06-30 - 2026-09-28","6.00","0.00","0.00","8.17","","0.00","0.00","","0.00","0.00","","","","4.00","0.00","0.00","6.50","","2.00","0.00","0.00","11.50",""
"шторки газель","2026-06-30 - 2026-09-28","6.00","0.00","0.00","7.83","","0.00","0.00","","0.00","0.00","","","","4.00","0.00","0.00","5.75","","2.00","0.00","0.00","12.00",""
"кресла в микроавтобус","2026-06-30 - 2026-09-28","6.00","0.00","0.00","4.50","","1.00","0.00","0.00","1.00","0.00","0.00","3.00","","4.00","0.00","0.00","5.75","","0.00","0.00","","",""
"поручни для транспорта","2026-06-30 - 2026-09-28","6.00","2.00","33.33","10.83","12.00","0.00","0.00","","0.00","0.00","","","","1.00","0.00","0.00","6.00","","5.00","2.00","40.00","11.80","12.00"
"покрытие на пол линолеум заводской пежо боксер автобус","2026-06-30 - 2026-09-28","6.00","3.00","50.00","9.83","10.00","0.00","0.00","","0.00","0.00","","","","6.00","3.00","50.00","9.83","10.00","0.00","0.00","","",""
"запчасти для туристического кресла складного","2026-06-30 - 2026-09-28","6.00","0.00","0.00","13.50","","0.00","0.00","","0.00","0.00","","","","0.00","0.00","","","","6.00","0.00","0.00","13.50",""
"баском прайс","2026-06-30 - 2026-09-28","6.00","0.00","0.00","6.33","","0.00","0.00","","0.00","0.00","","","","6.00","0.00","0.00","6.33","","0.00","0.00","","",""
"стекло люка форд транзит 2016","2026-06-30 - 2026-09-28","6.00","0.00","0.00","3.67","","0.00","0.00","","2.00","0.00","0.00","2.50","","4.00","0.00","0.00","4.25","","0.00","0.00","","",""
"фурнитура для туристического кресла","2026-06-30 - 2026-09-28","6.00","0.00","0.00","12.00","","0.00","0.00","","0.00","0.00","","","","1.00","0.00","0.00","10.00","","5.00","0.00","0.00","12.40",""
"шторки на форд транзит","2026-06-30 - 2026-09-28","6.00","0.00","0.00","9.50","","0.00","0.00","","0.00","0.00","","","","4.00","0.00","0.00","8.25","","2.00","0.00","0.00","12.00",""
"боковые подножки микроавтобус","2026-06-30 - 2026-09-28","6.00","1.00","16.67","2.33","1.00","2.00","1.00","50.00","2.00","0.00","0.00","2.00","","2.00","0.00","0.00","4.00","","0.00","0.00","","",""
"лобовое стекло пежо боксер 3 купить","2026-06-30 - 2026-09-28","6.00","0.00","0.00","17.17","","0.00","0.00","","0.00","0.00","","","","4.00","0.00","0.00","6.25","","2.00","0.00","0.00","39.00",""
"передние сидение соболь раздвижное","2026-06-30 - 2026-09-28","6.00","0.00","0.00","12.33","","0.00","0.00","","0.00","0.00","","","","0.00","0.00","","","","6.00","0.00","0.00","12.33",""
"шторки в салон автобуса пассажирского форд транзит 12 год","2026-06-30 - 2026-09-28","6.00","0.00","0.00","10.33","","0.00","0.00","","0.00","0.00","","","","4.00","0.00","0.00","9.50","","2.00","0.00","0.00","12.00",""
"сиденье в соболь","2026-06-30 - 2026-09-28","6.00","0.00","0.00","7.17","","0.00","0.00","","1.00","0.00","0.00","3.00","","4.00","0.00","0.00","7.25","","1.00","0.00","0.00","11.00",""
"подножка на задний борт газель","2026-06-30 - 2026-09-28","6.00","0.00","0.00","13.33","","0.00","0.00","","0.00","0.00","","","","1.00","0.00","0.00","10.00","","5.00","0.00","0.00","14.00",""
"диван перегородка","2026-06-30 - 2026-09-28","6.00","1.00","16.67","5.00","2.00","2.00","0.00","0.00","1.00","1.00","100.00","2.00","2.00","2.00","0.00","0.00","7.00","","1.00","0.00","0.00","12.00",""
"крепление пассажирского сиденья баргузин","2026-06-30 - 2026-09-28","6.00","0.00","0.00","6.00","","0.00","0.00","","0.00","0.00","","","","6.00","0.00","0.00","6.00","","0.00","0.00","","",""
"сидения для минивэна","2026-06-30 - 2026-09-28","6.00","1.00","16.67","4.00","3.00","0.00","0.00","","4.00","1.00","25.00","3.00","3.00","2.00","0.00","0.00","6.00","","0.00","0.00","","",""
"обшивка пежо боксер","2026-06-30 - 2026-09-28","6.00","0.00","0.00","13.17","","0.00","0.00","","0.00","0.00","","","","3.00","0.00","0.00","9.33","","3.00","0.00","0.00","17.00",""
"ривьера сиденья для микроавтобусов","2026-06-30 - 2026-09-28","6.00","0.00","0.00","8.00","","0.00","0.00","","0.00","0.00","","","","6.00","0.00","0.00","8.00","","0.00","0.00","","",""
"сиденье водительское купить","2026-06-30 - 2026-09-28","6.00","1.00","16.67","23.17","10.00","0.00","0.00","","0.00","0.00","","","","1.00","1.00","100.00","10.00","10.00","5.00","0.00","0.00","25.80",""
"трёхточечные ремни безопасности для автобуса в спб","2026-06-30 - 2026-09-28","6.00","1.00","16.67","8.83","7.00","0.00","0.00","","0.00","0.00","","","","4.00","1.00","25.00","7.25","7.00","2.00","0.00","0.00","12.00",""
"откидной механизм сиденья","2026-06-30 - 2026-09-28","6.00","0.00","0.00","9.83","","0.00","0.00","","0.00","0.00","","","","2.00","0.00","0.00","4.00","","4.00","0.00","0.00","12.75",""
"багажник в автобусе","2026-06-30 - 2026-09-28","6.00","0.00","0.00","10.33","","0.00","0.00","","0.00","0.00","","","","3.00","0.00","0.00","9.33","","3.00","0.00","0.00","11.33",""
"шторы в кабину автобуса","2026-06-30 - 2026-09-28","6.00","0.00","0.00","9.83","","0.00","0.00","","0.00","0.00","","","","4.00","0.00","0.00","8.25","","2.00","0.00","0.00","13.00",""
"заднее сиденье автобуса","2026-06-30 - 2026-09-28","6.00","0.00","0.00","8.67","","0.00","0.00","","0.00","0.00","","","","6.00","0.00","0.00","8.67","","0.00","0.00","","",""
"сиденья для соболя","2026-06-30 - 2026-09-28","6.00","0.00","0.00","6.67","","0.00","0.00","","0.00","0.00","","","","6.00","0.00","0.00","6.67","","0.00","0.00","","",""
"откидная спинка сиденья газ соболь","2026-06-30 - 2026-09-28","6.00","0.00","0.00","7.17","","0.00","0.00","","0.00","0.00","","","","6.00","0.00","0.00","7.17","","0.00","0.00","","",""
"крепление для перил к полу perila-don.ru","2026-06-30 - 2026-09-28","6.00","0.00","0.00","8.33","","0.00","0.00","","0.00","0.00","","","","3.00","0.00","0.00","5.67","","3.00","0.00","0.00","11.00",""
"подножка мерседес спринтер","2026-06-30 - 2026-09-28","6.00","0.00","0.00","10.17","","0.00","0.00","","0.00","0.00","","","","3.00","0.00","0.00","8.33","","3.00","0.00","0.00","12.00",""
"полозья для шторок в авто","2026-06-30 - 2026-09-28","6.00","0.00","0.00","12.33","","0.00","0.00","","0.00","0.00","","","","0.00","0.00","","","","6.00","0.00","0.00","12.33",""
"подножка для газели некст","2026-06-30 - 2026-09-28","6.00","0.00","0.00","8.33","","0.00","0.00","","0.00","0.00","","","","5.00","0.00","0.00","7.80","","1.00","0.00","0.00","11.00",""
"подножка газель","2026-06-30 - 2026-09-28","6.00","0.00","0.00","16.33","","0.00","0.00","","0.00","0.00","","","","2.00","0.00","0.00","8.50","","4.00","0.00","0.00","20.25",""
"сидения grl","2026-06-30 - 2026-09-28","6.00","0.00","0.00","6.17","","0.00","0.00","","0.00","0.00","","","","6.00","0.00","0.00","6.17","","0.00","0.00","","",""
"шторы для газель некст","2026-06-30 - 2026-09-28","6.00","0.00","0.00","4.50","","0.00","0.00","","2.00","0.00","0.00","2.50","","4.00","0.00","0.00","5.50","","0.00","0.00","","",""
"подлокотник складной","2026-06-30 - 2026-09-28","6.00","1.00","16.67","9.67","8.00","0.00","0.00","","0.00","0.00","","","","3.00","1.00","33.33","8.33","8.00","3.00","0.00","0.00","11.00",""
"подголовники на автобус","2026-06-30 - 2026-09-28","6.00","1.00","16.67","5.50","3.00","0.00","0.00","","1.00","1.00","100.00","3.00","3.00","5.00","0.00","0.00","6.00","","0.00","0.00","","",""
"выдвижной подиум для гроба схема","2026-06-30 - 2026-09-28","6.00","0.00","0.00","9.17","","0.00","0.00","","0.00","0.00","","","","4.00","0.00","0.00","8.25","","2.00","0.00","0.00","11.00",""
"линолиум в салон автобуса","2026-06-30 - 2026-09-28","6.00","0.00","0.00","10.00","","0.00","0.00","","0.00","0.00","","","","4.00","0.00","0.00","9.25","","2.00","0.00","0.00","11.50",""
"кресло гида","2026-06-30 - 2026-09-28","6.00","3.00","50.00","5.17","5.67","1.00","0.00","0.00","0.00","0.00","","","","5.00","3.00","60.00","6.00","5.67","0.00","0.00","","",""
"рельсы для крепления сидений в авто","2026-06-30 - 2026-09-28","6.00","0.00","0.00","8.67","","0.00","0.00","","0.00","0.00","","","","6.00","0.00","0.00","8.67","","0.00","0.00","","",""
"крепление поручня в автобусе","2026-06-30 - 2026-09-28","6.00","0.00","0.00","11.50","","0.00","0.00","","0.00","0.00","","","","0.00","0.00","","","","6.00","0.00","0.00","11.50",""
"шторы в газель некст кабину","2026-06-30 - 2026-09-28","6.00","0.00","0.00","8.83","","0.00","0.00","","0.00","0.00","","","","6.00","0.00","0.00","8.83","","0.00","0.00","","",""
"диван-трансформер для форд транзит купить в спб","2026-06-30 - 2026-09-28","6.00","1.00","16.67","10.17","11.00","0.00","0.00","","0.00","0.00","","","","3.00","0.00","0.00","8.67","","3.00","1.00","33.33","11.67","11.00"
"подлокотник на автобус","2026-06-30 - 2026-09-28","6.00","0.00","0.00","10.33","","0.00","0.00","","0.00","0.00","","","","3.00","0.00","0.00","9.00","","3.00","0.00","0.00","11.67",""
"тюнинг микроавтобусов стоимость","2026-06-30 - 2026-09-28","6.00","0.00","0.00","30.17","","0.00","0.00","","0.00","0.00","","","","0.00","0.00","","","","6.00","0.00","0.00","30.17",""
"подножка для автобуса","2026-06-30 - 2026-09-28","6.00","1.00","16.67","7.83","12.00","0.00","0.00","","1.00","0.00","0.00","3.00","","3.00","0.00","0.00","7.00","","2.00","1.00","50.00","11.50","12.00"
"купить автомобильный диван","2026-06-30 - 2026-09-28","6.00","1.00","16.67","8.00","7.00","0.00","0.00","","0.00","0.00","","","","5.00","1.00","20.00","7.00","7.00","1.00","0.00","0.00","13.00",""
"лючки на рефрижератор","2026-06-30 - 2026-09-28","6.00","0.00","0.00","9.50","","0.00","0.00","","0.00","0.00","","","","5.00","0.00","0.00","9.20","","1.00","0.00","0.00","11.00",""
"двухточечный ремень безопасности купить","2026-06-30 - 2026-09-28","6.00","0.00","0.00","8.17","","0.00","0.00","","1.00","0.00","0.00","2.00","","4.00","0.00","0.00","7.50","","1.00","0.00","0.00","17.00",""
"сиденье трансформер для микроавтобуса","2026-06-30 - 2026-09-28","6.00","0.00","0.00","8.00","","0.00","0.00","","0.00","0.00","","","","5.00","0.00","0.00","7.00","","1.00","0.00","0.00","13.00",""
"подножка задняя на газель","2026-06-30 - 2026-09-28","6.00","0.00","0.00","6.83","","0.00","0.00","","0.00","0.00","","","","6.00","0.00","0.00","6.83","","0.00","0.00","","",""
"механизм откидного сиденья","2026-06-30 - 2026-09-28","6.00","0.00","0.00","10.33","","0.00","0.00","","0.00","0.00","","","","2.00","0.00","0.00","9.00","","4.00","0.00","0.00","11.00",""
"поворотные сиденья для микроавтобуса купить бу","2026-06-30 - 2026-09-28","6.00","0.00","0.00","10.50","","0.00","0.00","","0.00","0.00","","","","3.00","0.00","0.00","7.67","","3.00","0.00","0.00","13.33",""
"рельсы для сидений автомобиля","2026-06-30 - 2026-09-28","6.00","0.00","0.00","9.33","","0.00","0.00","","0.00","0.00","","","","4.00","0.00","0.00","8.50","","2.00","0.00","0.00","11.00",""
"кресло для автобуса","2026-06-30 - 2026-09-28","6.00","1.00","16.67","4.83","4.00","1.00","0.00","0.00","0.00","0.00","","","","5.00","1.00","20.00","5.60","4.00","0.00","0.00","","",""
"мебель для микроавтобусов","2026-06-30 - 2026-09-28","6.00","1.00","16.67","4.50","1.00","2.00","1.00","50.00","0.00","0.00","","","","4.00","0.00","0.00","6.25","","0.00","0.00","","",""
"перегородка в салон микроавтобуса","2026-06-30 - 2026-09-28","6.00","0.00","0.00","7.00","","0.00","0.00","","1.00","0.00","0.00","2.00","","4.00","0.00","0.00","7.00","","1.00","0.00","0.00","12.00",""
"подножка мерседес спринтер классик","2026-06-30 - 2026-09-28","6.00","0.00","0.00","9.17","","0.00","0.00","","0.00","0.00","","","","3.00","0.00","0.00","6.00","","3.00","0.00","0.00","12.33",""
"багажник на автобус","2026-06-30 - 2026-09-28","6.00","0.00","0.00","3.50","","0.00","0.00","","2.00","0.00","0.00","2.00","","4.00","0.00","0.00","4.25","","0.00","0.00","","",""
"купить поручни в автобус","2026-06-30 - 2026-09-28","6.00","0.00","0.00","7.33","","0.00","0.00","","1.00","0.00","0.00","2.00","","4.00","0.00","0.00","7.50","","1.00","0.00","0.00","12.00",""
"механизм складывания стола вертикально для микроавтобуса","2026-06-30 - 2026-09-28","6.00","0.00","0.00","7.17","","0.00","0.00","","1.00","0.00","0.00","3.00","","5.00","0.00","0.00","8.00","","0.00","0.00","","",""
"сиденья автобусов","2026-06-30 - 2026-09-28","6.00","0.00","0.00","6.00","","0.00","0.00","","0.00","0.00","","","","6.00","0.00","0.00","6.00","","0.00","0.00","","",""
"купить сиденья в автобус иркутская область","2026-06-30 - 2026-09-28","6.00","0.00","0.00","7.17","","0.00","0.00","","0.00","0.00","","","","6.00","0.00","0.00","7.17","","0.00","0.00","","",""
"дополнительная подножка на газель","2026-06-30 - 2026-09-28","6.00","0.00","0.00","11.50","","0.00","0.00","","0.00","0.00","","","","2.00","0.00","0.00","7.00","","4.00","0.00","0.00","13.75",""
"универсальный электропривод сдвижной двери микроавтобуса купить","2026-06-30 - 2026-09-28","6.00","0.00","0.00","11.00","","0.00","0.00","","0.00","0.00","","","","2.00","0.00","0.00","10.00","","4.00","0.00","0.00","11.50",""
"сидушка в автобусе","2026-06-30 - 2026-09-28","6.00","0.00","0.00","7.17","","0.00","0.00","","1.00","0.00","0.00","3.00","","5.00","0.00","0.00","8.00","","0.00","0.00","","",""
"обивка сидений пежо боксер для перетяжки","2026-06-30 - 2026-09-28","6.00","0.00","0.00","8.33","","0.00","0.00","","0.00","0.00","","","","6.00","0.00","0.00","8.33","","0.00","0.00","","",""
"боковая подножка форд транзит","2026-06-30 - 2026-09-28","6.00","0.00","0.00","7.83","","0.00","0.00","","0.00","0.00","","","","5.00","0.00","0.00","6.80","","1.00","0.00","0.00","13.00",""
"защелка боковой форточки микроавтобуса","2026-06-30 - 2026-09-28","6.00","1.00","16.67","4.83","4.00","0.00","0.00","","1.00","0.00","0.00","3.00","","5.00","1.00","20.00","5.20","4.00","0.00","0.00","","",""
"аксессуары для микроавтобуса","2026-06-30 - 2026-09-28","6.00","0.00","0.00","6.50","","0.00","0.00","","1.00","0.00","0.00","3.00","","4.00","0.00","0.00","6.00","","1.00","0.00","0.00","12.00",""
"подсветка салона микроавтобуса","2026-06-30 - 2026-09-28","6.00","0.00","0.00","7.83","","0.00","0.00","","1.00","0.00","0.00","2.00","","5.00","0.00","0.00","9.00","","0.00","0.00","","",""
"привод кроко","2026-06-30 - 2026-09-28","6.00","0.00","0.00","12.50","","0.00","0.00","","0.00","0.00","","","","2.00","0.00","0.00","9.50","","4.00","0.00","0.00","14.00",""
"кресло водительское на соболь купить","2026-06-30 - 2026-09-28","6.00","1.00","16.67","3.17","7.00","1.00","0.00","0.00","3.00","0.00","0.00","2.33","","2.00","1.00","50.00","5.50","7.00","0.00","0.00","","",""
"электропривод двери форд транзит","2026-06-30 - 2026-09-28","6.00","1.00","16.67","8.83","8.00","0.00","0.00","","0.00","0.00","","","","5.00","1.00","20.00","8.40","8.00","1.00","0.00","0.00","11.00",""
"подлокотник для микроавтобуса","2026-06-30 - 2026-09-28","6.00","0.00","0.00","8.17","","0.00","0.00","","0.00","0.00","","","","4.00","0.00","0.00","6.50","","2.00","0.00","0.00","11.50",""
"шторки в микроавтобус купить","2026-06-30 - 2026-09-28","6.00","0.00","0.00","7.67","","0.00","0.00","","1.00","0.00","0.00","3.00","","5.00","0.00","0.00","8.60","","0.00","0.00","","",""
"уплотнитель на автобусное стекло 85×74 см","2026-06-30 - 2026-09-28","6.00","0.00","0.00","6.00","","0.00","0.00","","0.00","0.00","","","","6.00","0.00","0.00","6.00","","0.00","0.00","","",""
"шторы в автобус комплект на газель","2026-06-30 - 2026-09-28","6.00","0.00","0.00","5.17","","0.00","0.00","","0.00","0.00","","","","6.00","0.00","0.00","5.17","","0.00","0.00","","",""
"купить сиденья в салон автобуса","2026-06-30 - 2026-09-28","6.00","3.00","50.00","4.50","5.33","0.00","0.00","","2.00","1.00","50.00","3.00","3.00","4.00","2.00","50.00","5.25","6.50","0.00","0.00","","",""
"шторки на микроавтобус","2026-06-30 - 2026-09-28","6.00","1.00","16.67","7.50","5.00","0.00","0.00","","0.00","0.00","","","","6.00","1.00","16.67","7.50","5.00","0.00","0.00","","",""
"замок форточки нового образца 58мм","2026-06-30 - 2026-09-28","6.00","4.00","66.67","7.00","7.00","0.00","0.00","","1.00","1.00","100.00","3.00","3.00","5.00","3.00","60.00","7.80","8.33","0.00","0.00","","",""
"сиденья на микроавтобус","2026-06-30 - 2026-09-28","6.00","0.00","0.00","5.17","","1.00","0.00","0.00","0.00","0.00","","","","5.00","0.00","0.00","6.00","","0.00","0.00","","",""
"сиденье водительское газон некст","2026-06-30 - 2026-09-28","6.00","1.00","16.67","11.67","9.00","0.00","0.00","","0.00","0.00","","","","2.00","1.00","50.00","8.00","9.00","4.00","0.00","0.00","13.50",""
"форд транзит фургон 2014 обшивка пластиком","2026-06-30 - 2026-09-28","6.00","1.00","16.67","6.67","5.00","0.00","0.00","","0.00","0.00","","","","6.00","1.00","16.67","6.67","5.00","0.00","0.00","","",""
"газель шторка","2026-06-30 - 2026-09-28","6.00","0.00","0.00","7.50","","0.00","0.00","","0.00","0.00","","","","5.00","0.00","0.00","6.80","","1.00","0.00","0.00","11.00",""
"продажа сидений для микроавтобусов","2026-06-30 - 2026-09-28","6.00","0.00","0.00","4.17","","0.00","0.00","","0.00","0.00","","","","6.00","0.00","0.00","4.17","","0.00","0.00","","",""
"лючки для проветривания фургона","2026-06-30 - 2026-09-28","6.00","0.00","0.00","11.50","","0.00","0.00","","0.00","0.00","","","","2.00","0.00","0.00","10.00","","4.00","0.00","0.00","12.25",""
"диван в газель некст","2026-06-30 - 2026-09-28","6.00","0.00","0.00","11.33","","0.00","0.00","","0.00","0.00","","","","2.00","0.00","0.00","10.00","","4.00","0.00","0.00","12.00",""
"купить сиденья для автобуса иркутск","2026-06-30 - 2026-09-28","6.00","0.00","0.00","2.83","","0.00","0.00","","4.00","0.00","0.00","2.25","","2.00","0.00","0.00","4.00","","0.00","0.00","","",""
"автомобильное кресло для взрослых","2026-06-30 - 2026-09-28","6.00","0.00","0.00","7.33","","0.00","0.00","","0.00","0.00","","","","6.00","0.00","0.00","7.33","","0.00","0.00","","",""
"багажник рюкзак","2026-06-30 - 2026-09-28","6.00","0.00","0.00","6.83","","0.00","0.00","","1.00","0.00","0.00","3.00","","5.00","0.00","0.00","7.60","","0.00","0.00","","",""
"цанговое крепление сидушки","2026-06-30 - 2026-09-28","6.00","0.00","0.00","2.17","","3.00","0.00","0.00","2.00","0.00","0.00","2.00","","1.00","0.00","0.00","6.00","","0.00","0.00","","",""
"диван газель бизнес","2026-06-30 - 2026-09-28","6.00","0.00","0.00","7.50","","1.00","0.00","0.00","0.00","0.00","","","","4.00","0.00","0.00","8.25","","1.00","0.00","0.00","11.00",""
"обшивка задних дверей фиат дукато 3 автобус","2026-06-30 - 2026-09-28","6.00","0.00","0.00","5.33","","0.00","0.00","","0.00","0.00","","","","6.00","0.00","0.00","5.33","","0.00","0.00","","",""
"сиденье водительское","2026-06-30 - 2026-09-28","6.00","0.00","0.00","29.17","","0.00","0.00","","0.00","0.00","","","","0.00","0.00","","","","6.00","0.00","0.00","29.17",""
"складной подлокотник турист луидор в микроавтобус","2026-06-30 - 2026-09-28","6.00","1.00","16.67","2.83","2.00","0.00","0.00","","6.00","1.00","16.67","2.83","2.00","0.00","0.00","","","","0.00","0.00","","",""
"где делают под заказ полку на автобус для терминала","2026-06-30 - 2026-09-28","6.00","0.00","0.00","6.67","","0.00","0.00","","0.00","0.00","","","","5.00","0.00","0.00","5.60","","1.00","0.00","0.00","12.00",""
"поворотный механизм для сидений","2026-06-30 - 2026-09-28","6.00","0.00","0.00","10.50","","0.00","0.00","","0.00","0.00","","","","5.00","0.00","0.00","8.60","","1.00","0.00","0.00","20.00",""
"сидение в автобусе бу","2026-06-30 - 2026-09-28","6.00","0.00","0.00","11.67","","0.00","0.00","","0.00","0.00","","","","0.00","0.00","","","","6.00","0.00","0.00","11.67",""
"мерседес спринтер установка подножки под сдвижную дверь","2026-06-30 - 2026-09-28","6.00","0.00","0.00","11.33","","0.00","0.00","","0.00","0.00","","","","0.00","0.00","","","","6.00","0.00","0.00","11.33",""
"сиденье хлопушка","2026-06-30 - 2026-09-28","6.00","0.00","0.00","5.83","","0.00","0.00","","0.00","0.00","","","","6.00","0.00","0.00","5.83","","0.00","0.00","","",""
"подлокотник в автобусе","2026-06-30 - 2026-09-28","6.00","0.00","0.00","7.33","","0.00","0.00","","0.00","0.00","","","","6.00","0.00","0.00","7.33","","0.00","0.00","","",""
"сколько стоит боковое окно натавтобус","2026-06-30 - 2026-09-28","6.00","0.00","0.00","10.00","","0.00","0.00","","0.00","0.00","","","","4.00","0.00","0.00","9.25","","2.00","0.00","0.00","11.50",""
"диван-трансформер «тандем»","2026-06-30 - 2026-09-28","6.00","1.00","16.67","3.33","3.00","2.00","0.00","0.00","1.00","1.00","100.00","3.00","3.00","3.00","0.00","0.00","5.00","","0.00","0.00","","",""
"ремень безопасности двухточечный купить","2026-06-30 - 2026-09-28","6.00","0.00","0.00","12.67","","0.00","0.00","","0.00","0.00","","","","3.00","0.00","0.00","7.67","","3.00","0.00","0.00","17.67",""
"сиденье boktaas","2026-06-30 - 2026-09-28","6.00","0.00","0.00","8.33","","0.00","0.00","","0.00","0.00","","","","5.00","0.00","0.00","7.40","","1.00","0.00","0.00","13.00",""
"диван спальник в газель","2026-06-30 - 2026-09-28","6.00","0.00","0.00","14.33","","0.00","0.00","","0.00","0.00","","","","1.00","0.00","0.00","10.00","","5.00","0.00","0.00","15.20",""
"б/у сиденье от автобуса в перми","2026-06-30 - 2026-09-28","6.00","0.00","0.00","11.33","","0.00","0.00","","0.00","0.00","","","","1.00","0.00","0.00","10.00","","5.00","0.00","0.00","11.60",""
"крепление для инвалидной коляски в автомобиль","2026-06-30 - 2026-09-28","6.00","0.00","0.00","9.83","","0.00","0.00","","0.00","0.00","","","","4.00","0.00","0.00","9.00","","2.00","0.00","0.00","11.50",""
"занавески газель некст","2026-06-30 - 2026-09-28","6.00","0.00","0.00","5.00","","1.00","0.00","0.00","1.00","0.00","0.00","2.00","","4.00","0.00","0.00","6.75","","0.00","0.00","","",""
"столик на спинку сиденья в автомобиль","2026-06-30 - 2026-09-28","6.00","1.00","16.67","10.33","6.00","0.00","0.00","","0.00","0.00","","","","2.00","1.00","50.00","7.50","6.00","4.00","0.00","0.00","11.75",""
"шторки на мерседес спринтер","2026-06-30 - 2026-09-28","6.00","0.00","0.00","8.17","","0.00","0.00","","0.00","0.00","","","","6.00","0.00","0.00","8.17","","0.00","0.00","","",""
"электропривод сдвижной двери мерседес спринтер","2026-06-30 - 2026-09-28","6.00","0.00","0.00","11.50","","0.00","0.00","","0.00","0.00","","","","1.00","0.00","0.00","10.00","","5.00","0.00","0.00","11.80",""
"сиденье с пружинами","2026-06-30 - 2026-09-28","6.00","0.00","0.00","9.50","","0.00","0.00","","0.00","0.00","","","","3.00","0.00","0.00","7.00","","3.00","0.00","0.00","12.00",""
"подножка пассажирская боковая для микроавтобуса купить","2026-06-30 - 2026-09-28","6.00","1.00","16.67","1.33","2.00","4.00","0.00","0.00","2.00","1.00","50.00","2.00","2.00","0.00","0.00","","","","0.00","0.00","","",""
"сиденья турист для микроавтобуса","2026-06-30 - 2026-09-28","6.00","2.00","33.33","1.67","1.50","2.00","1.00","50.00","4.00","1.00","25.00","2.00","2.00","0.00","0.00","","","","0.00","0.00","","",""
"уплотнитель люка соболь","2026-06-30 - 2026-09-28","6.00","1.00","16.67","9.83","1.00","1.00","1.00","100.00","0.00","0.00","","","","1.00","0.00","0.00","10.00","","4.00","0.00","0.00","12.00",""
"купить раскладной диван в газель бизнес в екатеринбурге","2026-06-30 - 2026-09-28","6.00","1.00","16.67","10.83","8.00","0.00","0.00","","0.00","0.00","","","","2.00","1.00","50.00","8.50","8.00","4.00","0.00","0.00","12.00",""
"дополнительный багажник на микроавтобус","2026-06-30 - 2026-09-28","6.00","2.00","33.33","3.67","3.50","0.00","0.00","","3.00","1.00","33.33","2.67","2.00","3.00","1.00","33.33","4.67","5.00","0.00","0.00","","",""
"диван трансформер в соболь","2026-06-30 - 2026-09-28","6.00","0.00","0.00","10.33","","0.00","0.00","","0.00","0.00","","","","4.00","0.00","0.00","9.25","","2.00","0.00","0.00","12.50",""
"шторки в салон микроавтобуса пежо боксер 3","2026-06-30 - 2026-09-28","6.00","1.00","16.67","3.17","4.00","2.00","0.00","0.00","0.00","0.00","","","","4.00","1.00","25.00","4.25","4.00","0.00","0.00","","",""
"купить диван в газель","2026-06-30 - 2026-09-28","6.00","0.00","0.00","9.50","","0.00","0.00","","0.00","0.00","","","","6.00","0.00","0.00","9.50","","0.00","0.00","","",""
"пластик салона пежо боксер купить","2026-06-30 - 2026-09-28","6.00","0.00","0.00","6.67","","0.00","0.00","","0.00","0.00","","","","6.00","0.00","0.00","6.67","","0.00","0.00","","",""
"сиденье водителя купить","2026-06-30 - 2026-09-28","6.00","0.00","0.00","19.83","","0.00","0.00","","0.00","0.00","","","","2.00","0.00","0.00","7.00","","4.00","0.00","0.00","26.25",""
"боковые шторки на газель","2026-06-30 - 2026-09-28","6.00","0.00","0.00","10.83","","0.00","0.00","","0.00","0.00","","","","2.00","0.00","0.00","8.00","","4.00","0.00","0.00","12.25",""
"крепление пассажирского сиденья соболь","2026-06-30 - 2026-09-28","5.00","0.00","0.00","4.60","","0.00","0.00","","1.00","0.00","0.00","3.00","","4.00","0.00","0.00","5.00","","0.00","0.00","","",""
"полозья для авто сидений","2026-06-30 - 2026-09-28","5.00","0.00","0.00","6.60","","0.00","0.00","","2.00","0.00","0.00","2.00","","2.00","0.00","0.00","8.00","","1.00","0.00","0.00","13.00",""
"наклейки на автобус для перевозки пассажиров","2026-06-30 - 2026-09-28","5.00","0.00","0.00","10.80","","0.00","0.00","","0.00","0.00","","","","2.00","0.00","0.00","9.00","","3.00","0.00","0.00","12.00",""
"крепление автобусных перрил","2026-06-30 - 2026-09-28","5.00","0.00","0.00","10.00","","0.00","0.00","","0.00","0.00","","","","3.00","0.00","0.00","9.33","","2.00","0.00","0.00","11.00",""
"купить салон автобуса","2026-06-30 - 2026-09-28","5.00","0.00","0.00","8.60","","0.00","0.00","","0.00","0.00","","","","5.00","0.00","0.00","8.60","","0.00","0.00","","",""
"вентиляция на форд транзит в грузовой отсек на крышу","2026-06-30 - 2026-09-28","5.00","1.00","20.00","3.20","3.00","0.00","0.00","","4.00","1.00","25.00","3.00","3.00","1.00","0.00","0.00","4.00","","0.00","0.00","","",""
"пассажирские сидения","2026-06-30 - 2026-09-28","5.00","0.00","0.00","6.60","","0.00","0.00","","0.00","0.00","","","","5.00","0.00","0.00","6.60","","0.00","0.00","","",""
"купить люк на микроавтобус","2026-06-30 - 2026-09-28","5.00","0.00","0.00","5.00","","0.00","0.00","","1.00","0.00","0.00","3.00","","4.00","0.00","0.00","5.50","","0.00","0.00","","",""
"сетки на окна форд транзит","2026-06-30 - 2026-09-28","5.00","0.00","0.00","11.80","","0.00","0.00","","0.00","0.00","","","","1.00","0.00","0.00","10.00","","4.00","0.00","0.00","12.25",""
"комплектующие для автобуса","2026-06-30 - 2026-09-28","5.00","0.00","0.00","2.60","","1.00","0.00","0.00","3.00","0.00","0.00","2.67","","1.00","0.00","0.00","4.00","","0.00","0.00","","",""
"сиденье пластиковое для автобуса","2026-06-30 - 2026-09-28","5.00","0.00","0.00","8.00","","0.00","0.00","","0.00","0.00","","","","4.00","0.00","0.00","7.25","","1.00","0.00","0.00","11.00",""
"комплектующие для микроавтобусов в нижнем новгороде","2026-06-30 - 2026-09-28","5.00","0.00","0.00","6.20","","0.00","0.00","","0.00","0.00","","","","5.00","0.00","0.00","6.20","","0.00","0.00","","",""
"полка в автобус туристический","2026-06-30 - 2026-09-28","5.00","0.00","0.00","3.60","","0.00","0.00","","3.00","0.00","0.00","3.00","","2.00","0.00","0.00","4.50","","0.00","0.00","","",""
"купить шторки на окна газель","2026-06-30 - 2026-09-28","5.00","0.00","0.00","8.40","","0.00","0.00","","0.00","0.00","","","","4.00","0.00","0.00","7.75","","1.00","0.00","0.00","11.00",""
"занавески в микроавтобус","2026-06-30 - 2026-09-28","5.00","0.00","0.00","7.60","","0.00","0.00","","0.00","0.00","","","","5.00","0.00","0.00","7.60","","0.00","0.00","","",""
"диван в автобус","2026-06-30 - 2026-09-28","5.00","0.00","0.00","6.40","","0.00","0.00","","0.00","0.00","","","","5.00","0.00","0.00","6.40","","0.00","0.00","","",""
"сидение водительское соболь nn","2026-06-30 - 2026-09-28","5.00","0.00","0.00","7.80","","0.00","0.00","","0.00","0.00","","","","4.00","0.00","0.00","7.00","","1.00","0.00","0.00","11.00",""
"пластик сиденья фиат дукато","2026-06-30 - 2026-09-28","5.00","0.00","0.00","4.80","","0.00","0.00","","1.00","0.00","0.00","3.00","","4.00","0.00","0.00","5.25","","0.00","0.00","","",""
"автобусные сиденья б/у купить","2026-06-30 - 2026-09-28","5.00","0.00","0.00","8.20","","0.00","0.00","","0.00","0.00","","","","5.00","0.00","0.00","8.20","","0.00","0.00","","",""
"электропривод сдвижной двери турецкий","2026-06-30 - 2026-09-28","5.00","1.00","20.00","5.40","6.00","0.00","0.00","","0.00","0.00","","","","5.00","1.00","20.00","5.40","6.00","0.00","0.00","","",""
"диван с перегородкой для микроавтобуса","2026-06-30 - 2026-09-28","5.00","1.00","20.00","2.40","3.00","0.00","0.00","","5.00","1.00","20.00","2.40","3.00","0.00","0.00","","","","0.00","0.00","","",""
"боковая подножка на мерседес спринтер классик 413","2026-06-30 - 2026-09-28","5.00","1.00","20.00","2.20","2.00","0.00","0.00","","5.00","1.00","20.00","2.20","2.00","0.00","0.00","","","","0.00","0.00","","",""
"электропривод двери форд транзит 8","2026-06-30 - 2026-09-28","5.00","0.00","0.00","9.80","","0.00","0.00","","0.00","0.00","","","","2.00","0.00","0.00","8.00","","3.00","0.00","0.00","11.00",""
"диван спальник в газель бизнес","2026-06-30 - 2026-09-28","5.00","0.00","0.00","13.20","","0.00","0.00","","0.00","0.00","","","","0.00","0.00","","","","5.00","0.00","0.00","13.20",""
"стекло боковины задней next цмф 1755х702 правое","2026-06-30 - 2026-09-28","5.00","0.00","0.00","11.00","","0.00","0.00","","0.00","0.00","","","","2.00","0.00","0.00","9.50","","3.00","0.00","0.00","12.00",""
"диван в микроавтобус раскладной подольск купить","2026-06-30 - 2026-09-28","5.00","0.00","0.00","4.20","","0.00","0.00","","2.00","0.00","0.00","3.00","","3.00","0.00","0.00","5.00","","0.00","0.00","","",""
"пыльники на рельсы сидений","2026-06-30 - 2026-09-28","5.00","1.00","20.00","13.20","15.00","0.00","0.00","","0.00","0.00","","","","0.00","0.00","","","","5.00","1.00","20.00","13.20","15.00"
"купить на форд транзит на сдвижную дверь привод 2014 г","2026-06-30 - 2026-09-28","5.00","0.00","0.00","9.00","","0.00","0.00","","0.00","0.00","","","","2.00","0.00","0.00","4.50","","3.00","0.00","0.00","12.00",""
"люк салонный форд транзит поколение","2026-06-30 - 2026-09-28","5.00","3.00","60.00","2.00","2.67","2.00","0.00","0.00","3.00","3.00","100.00","2.67","2.67","0.00","0.00","","","","0.00","0.00","","",""
"ламбрекены на форд транзит","2026-06-30 - 2026-09-28","5.00","0.00","0.00","12.60","","0.00","0.00","","0.00","0.00","","","","0.00","0.00","","","","5.00","0.00","0.00","12.60",""
"стол в машинстол в машину tdo.ru","2026-06-30 - 2026-09-28","5.00","0.00","0.00","7.00","","0.00","0.00","","1.00","0.00","0.00","3.00","","4.00","0.00","0.00","8.00","","0.00","0.00","","",""
"купить сиденья на соболь","2026-06-30 - 2026-09-28","5.00","0.00","0.00","9.20","","0.00","0.00","","0.00","0.00","","","","2.00","0.00","0.00","6.00","","3.00","0.00","0.00","11.33",""
"сиденье grl спринтер купить","2026-06-30 - 2026-09-28","5.00","1.00","20.00","5.00","5.00","0.00","0.00","","0.00","0.00","","","","5.00","1.00","20.00","5.00","5.00","0.00","0.00","","",""
"сиденья пассажирское","2026-06-30 - 2026-09-28","5.00","0.00","0.00","8.40","","0.00","0.00","","0.00","0.00","","","","4.00","0.00","0.00","7.25","","1.00","0.00","0.00","13.00",""
"сидение газель нн","2026-06-30 - 2026-09-28","5.00","0.00","0.00","8.40","","0.00","0.00","","0.00","0.00","","","","3.00","0.00","0.00","6.33","","2.00","0.00","0.00","11.50",""
"сиденья ривьера для микроавтобусов купить","2026-06-30 - 2026-09-28","5.00","0.00","0.00","6.80","","0.00","0.00","","0.00","0.00","","","","5.00","0.00","0.00","6.80","","0.00","0.00","","",""
"купить сиденье на газон некст водительское","2026-06-30 - 2026-09-28","5.00","1.00","20.00","10.20","11.00","0.00","0.00","","0.00","0.00","","","","2.00","0.00","0.00","8.50","","3.00","1.00","33.33","11.33","11.00"
"подножка боковой двери газель","2026-06-30 - 2026-09-28","5.00","0.00","0.00","10.60","","0.00","0.00","","0.00","0.00","","","","3.00","0.00","0.00","9.00","","2.00","0.00","0.00","13.00",""
"где купить бу автостекло газель некст удлин.","2026-06-30 - 2026-09-28","5.00","0.00","0.00","8.20","","0.00","0.00","","0.00","0.00","","","","5.00","0.00","0.00","8.20","","0.00","0.00","","",""
"складные сиденья на микроавтобус","2026-06-30 - 2026-09-28","5.00","0.00","0.00","9.00","","0.00","0.00","","0.00","0.00","","","","4.00","0.00","0.00","8.50","","1.00","0.00","0.00","11.00",""
"шторы в пежо боксёр","2026-06-30 - 2026-09-28","5.00","2.00","40.00","4.60","8.00","0.00","0.00","","2.00","0.00","0.00","2.00","","3.00","2.00","66.67","6.33","8.00","0.00","0.00","","",""
"подножка задней двери газель","2026-06-30 - 2026-09-28","5.00","1.00","20.00","3.00","1.00","2.00","1.00","50.00","1.00","0.00","0.00","3.00","","2.00","0.00","0.00","5.00","","0.00","0.00","","",""
"диван перегородка газель","2026-06-30 - 2026-09-28","5.00","0.00","0.00","2.60","","0.00","0.00","","5.00","0.00","0.00","2.60","","0.00","0.00","","","","0.00","0.00","","",""
"водительское сиденье газель nn","2026-06-30 - 2026-09-28","5.00","0.00","0.00","10.60","","0.00","0.00","","0.00","0.00","","","","1.00","0.00","0.00","8.00","","4.00","0.00","0.00","11.25",""
"шторки в пассажирскую газель","2026-06-30 - 2026-09-28","5.00","0.00","0.00","7.20","","0.00","0.00","","0.00","0.00","","","","5.00","0.00","0.00","7.20","","0.00","0.00","","",""
"диваны типа ривьера в авто","2026-06-30 - 2026-09-28","5.00","0.00","0.00","3.40","","0.00","0.00","","2.00","0.00","0.00","2.00","","3.00","0.00","0.00","4.33","","0.00","0.00","","",""
"ремень безопасности поясной","2026-06-30 - 2026-09-28","5.00","0.00","0.00","8.40","","0.00","0.00","","0.00","0.00","","","","4.00","0.00","0.00","7.50","","1.00","0.00","0.00","12.00",""
"поручни для пассажирских автобусов купить","2026-06-30 - 2026-09-28","5.00","1.00","20.00","6.60","11.00","0.00","0.00","","0.00","0.00","","","","4.00","0.00","0.00","5.50","","1.00","1.00","100.00","11.00","11.00"
"купить диван в газель некст","2026-06-30 - 2026-09-28","5.00","0.00","0.00","11.80","","0.00","0.00","","0.00","0.00","","","","1.00","0.00","0.00","10.00","","4.00","0.00","0.00","12.25",""
"занавески на форд транзит","2026-06-30 - 2026-09-28","5.00","0.00","0.00","12.80","","0.00","0.00","","0.00","0.00","","","","0.00","0.00","","","","5.00","0.00","0.00","12.80",""
"шторы для газели некст микроавтобус разделяющи водителя и пассажиров","2026-06-30 - 2026-09-28","5.00","2.00","40.00","2.40","2.50","3.00","1.00","33.33","0.00","0.00","","","","2.00","1.00","50.00","4.50","4.00","0.00","0.00","","",""
"форд транзит подножка","2026-06-30 - 2026-09-28","5.00","0.00","0.00","10.80","","0.00","0.00","","0.00","0.00","","","","1.00","0.00","0.00","6.00","","4.00","0.00","0.00","12.00",""
"стекло для люка","2026-06-30 - 2026-09-28","5.00","0.00","0.00","9.00","","0.00","0.00","","0.00","0.00","","","","3.00","0.00","0.00","7.67","","2.00","0.00","0.00","11.00",""
"багажник на задние двери (рюкзак) на mercedes sprinter classic","2026-06-30 - 2026-09-28","5.00","0.00","0.00","2.20","","3.00","0.00","0.00","0.00","0.00","","","","2.00","0.00","0.00","4.00","","0.00","0.00","","",""
"сиденья с туристического автобуса сетра купить","2026-06-30 - 2026-09-28","5.00","0.00","0.00","4.80","","0.00","0.00","","0.00","0.00","","","","5.00","0.00","0.00","4.80","","0.00","0.00","","",""
"подголовник на липучке для кресла","2026-06-30 - 2026-09-28","5.00","0.00","0.00","10.40","","0.00","0.00","","0.00","0.00","","","","2.00","0.00","0.00","9.00","","3.00","0.00","0.00","11.33",""
"шторки салона мерседес спринтер","2026-06-30 - 2026-09-28","5.00","0.00","0.00","10.00","","0.00","0.00","","0.00","0.00","","","","3.00","0.00","0.00","9.33","","2.00","0.00","0.00","11.00",""
"изготовление подиума в ритуальные машины","2026-06-30 - 2026-09-28","5.00","1.00","20.00","10.00","10.00","0.00","0.00","","0.00","0.00","","","","4.00","1.00","25.00","9.75","10.00","1.00","0.00","0.00","11.00",""
"отопитель салона автобуса","2026-06-30 - 2026-09-28","5.00","0.00","0.00","13.60","","0.00","0.00","","0.00","0.00","","","","1.00","0.00","0.00","10.00","","4.00","0.00","0.00","14.50",""
"шторки для автобусов","2026-06-30 - 2026-09-28","5.00","0.00","0.00","8.40","","0.00","0.00","","1.00","0.00","0.00","3.00","","2.00","0.00","0.00","8.00","","2.00","0.00","0.00","11.50",""
"ночные шторы на газель некст с само крепежом","2026-06-30 - 2026-09-28","5.00","0.00","0.00","10.40","","0.00","0.00","","0.00","0.00","","","","3.00","0.00","0.00","9.33","","2.00","0.00","0.00","12.00",""
"столик на автомобильное кресло микроавтобус","2026-06-30 - 2026-09-28","5.00","3.00","60.00","1.00","1.00","5.00","3.00","60.00","0.00","0.00","","","","0.00","0.00","","","","0.00","0.00","","",""
"аксессуары для автобусов","2026-06-30 - 2026-09-28","5.00","2.00","40.00","7.20","8.00","0.00","0.00","","1.00","0.00","0.00","3.00","","4.00","2.00","50.00","8.25","8.00","0.00","0.00","","",""
"быстросъемные крепления сидений соболь","2026-06-30 - 2026-09-28","5.00","0.00","0.00","8.60","","0.00","0.00","","0.00","0.00","","","","4.00","0.00","0.00","7.75","","1.00","0.00","0.00","12.00",""
"россид","2026-06-30 - 2026-09-28","5.00","0.00","0.00","8.60","","0.00","0.00","","0.00","0.00","","","","5.00","0.00","0.00","8.60","","0.00","0.00","","",""
"сиденье от маршрутки","2026-06-30 - 2026-09-28","5.00","0.00","0.00","6.40","","0.00","0.00","","0.00","0.00","","","","5.00","0.00","0.00","6.40","","0.00","0.00","","",""
"подножка на школьную газель некст купить","2026-06-30 - 2026-09-28","5.00","0.00","0.00","11.00","","0.00","0.00","","0.00","0.00","","","","3.00","0.00","0.00","9.67","","2.00","0.00","0.00","13.00",""
"откидные сиденья в автобусе","2026-06-30 - 2026-09-28","5.00","0.00","0.00","11.80","","0.00","0.00","","0.00","0.00","","","","1.00","0.00","0.00","10.00","","4.00","0.00","0.00","12.25",""
"купить люк на форд транзит","2026-06-30 - 2026-09-28","5.00","0.00","0.00","5.60","","0.00","0.00","","0.00","0.00","","","","5.00","0.00","0.00","5.60","","0.00","0.00","","",""
"столик трансформер для передних пассажиров","2026-06-30 - 2026-09-28","5.00","0.00","0.00","10.40","","0.00","0.00","","0.00","0.00","","","","3.00","0.00","0.00","10.00","","2.00","0.00","0.00","11.00",""
"купить люк на автобус","2026-06-30 - 2026-09-28","5.00","0.00","0.00","7.40","","0.00","0.00","","0.00","0.00","","","","5.00","0.00","0.00","7.40","","0.00","0.00","","",""
"сидушки автобус туристического год 209 года в баре","2026-06-30 - 2026-09-28","5.00","0.00","0.00","10.60","","0.00","0.00","","0.00","0.00","","","","2.00","0.00","0.00","9.50","","3.00","0.00","0.00","11.33",""
"обшивка салона пассажирского пежо боксер","2026-06-30 - 2026-09-28","5.00","3.00","60.00","2.20","3.00","3.00","0.00","0.00","1.00","3.00","300.00","3.00","3.00","1.00","0.00","0.00","5.00","","0.00","0.00","","",""
"полозья для штор в автобус","2026-06-30 - 2026-09-28","5.00","1.00","20.00","7.00","9.00","0.00","0.00","","1.00","0.00","0.00","2.00","","4.00","1.00","25.00","8.25","9.00","0.00","0.00","","",""
"купить водительское сиденье на газель некст","2026-06-30 - 2026-09-28","5.00","1.00","20.00","26.40","15.00","0.00","0.00","","0.00","0.00","","","","0.00","0.00","","","","5.00","1.00","20.00","26.40","15.00"
"выдвижной подиум для гроба","2026-06-30 - 2026-09-28","5.00","0.00","0.00","3.00","","0.00","0.00","","5.00","0.00","0.00","3.00","","0.00","0.00","","","","0.00","0.00","","",""
"подножка форд транзит 2006-2014 пассажирская пластиковая","2026-06-30 - 2026-09-28","5.00","0.00","0.00","5.40","","0.00","0.00","","2.00","0.00","0.00","3.00","","3.00","0.00","0.00","7.00","","0.00","0.00","","",""
"купить шторки на автобус","2026-06-30 - 2026-09-28","5.00","0.00","0.00","10.20","","0.00","0.00","","0.00","0.00","","","","2.00","0.00","0.00","8.00","","3.00","0.00","0.00","11.67",""
"продам трехместный сидения для микроавтобуса авито ру по россии","2026-06-30 - 2026-09-28","5.00","0.00","0.00","8.40","","0.00","0.00","","0.00","0.00","","","","5.00","0.00","0.00","8.40","","0.00","0.00","","",""
"подножка для мерседес спринтер","2026-06-30 - 2026-09-28","5.00","0.00","0.00","10.20","","0.00","0.00","","0.00","0.00","","","","2.00","0.00","0.00","7.50","","3.00","0.00","0.00","12.00",""
"купить боковое стекло на пежо боксер","2026-06-30 - 2026-09-28","5.00","0.00","0.00","8.40","","0.00","0.00","","0.00","0.00","","","","5.00","0.00","0.00","8.40","","0.00","0.00","","",""
"подголовники для автобуса","2026-06-30 - 2026-09-28","5.00","0.00","0.00","5.20","","0.00","0.00","","1.00","0.00","0.00","3.00","","4.00","0.00","0.00","5.75","","0.00","0.00","","",""
"купить хромированные накладки на спринтер 906","2026-06-30 - 2026-09-28","5.00","0.00","0.00","11.00","","0.00","0.00","","0.00","0.00","","","","1.00","0.00","0.00","9.00","","4.00","0.00","0.00","11.50",""
"люк в крышу микроавтобуса","2026-06-30 - 2026-09-28","5.00","1.00","20.00","3.00","1.00","2.00","1.00","50.00","0.00","0.00","","","","3.00","0.00","0.00","4.33","","0.00","0.00","","",""
"люк в автобусе","2026-06-30 - 2026-09-28","5.00","0.00","0.00","18.60","","0.00","0.00","","0.00","0.00","","","","2.00","0.00","0.00","8.50","","3.00","0.00","0.00","25.33",""
"купить сиденья на минивэн","2026-06-30 - 2026-09-28","5.00","0.00","0.00","3.80","","0.00","0.00","","2.00","0.00","0.00","2.50","","3.00","0.00","0.00","4.67","","0.00","0.00","","",""
"алькала ткань мебельная","2026-06-30 - 2026-09-28","5.00","0.00","0.00","14.00","","0.00","0.00","","0.00","0.00","","","","1.00","0.00","0.00","9.00","","4.00","0.00","0.00","15.25",""
"диван на газоне","2026-06-30 - 2026-09-28","5.00","0.00","0.00","3.60","","0.00","0.00","","2.00","0.00","0.00","3.00","","3.00","0.00","0.00","4.00","","0.00","0.00","","",""
"купить стекло на люк","2026-06-30 - 2026-09-28","5.00","0.00","0.00","10.40","","0.00","0.00","","0.00","0.00","","","","2.00","0.00","0.00","9.00","","3.00","0.00","0.00","11.33",""
"направляющая для автомобильных штор","2026-06-30 - 2026-09-28","5.00","0.00","0.00","10.40","","0.00","0.00","","0.00","0.00","","","","2.00","0.00","0.00","7.00","","3.00","0.00","0.00","12.67",""
"полка потолочная в микроавтобус","2026-06-30 - 2026-09-28","5.00","0.00","0.00","6.00","","0.00","0.00","","0.00","0.00","","","","5.00","0.00","0.00","6.00","","0.00","0.00","","",""
"ремень двухточечный автомобильный","2026-06-30 - 2026-09-28","5.00","0.00","0.00","8.80","","0.00","0.00","","1.00","0.00","0.00","3.00","","3.00","0.00","0.00","9.33","","1.00","0.00","0.00","13.00",""
"шторы на газель некст на направляющих","2026-06-30 - 2026-09-28","5.00","0.00","0.00","11.80","","0.00","0.00","","0.00","0.00","","","","1.00","0.00","0.00","8.00","","4.00","0.00","0.00","12.75",""
"водительское сиденье для автобуса","2026-06-30 - 2026-09-28","5.00","0.00","0.00","6.20","","0.00","0.00","","2.00","0.00","0.00","3.00","","3.00","0.00","0.00","8.33","","0.00","0.00","","",""
"обшивка подножки боковой двери мерседес спринтер классик","2026-06-30 - 2026-09-28","5.00","0.00","0.00","7.00","","0.00","0.00","","0.00","0.00","","","","5.00","0.00","0.00","7.00","","0.00","0.00","","",""
"подножка сдвижной двери форд транзит комби 2011г купить","2026-06-30 - 2026-09-28","5.00","0.00","0.00","5.20","","0.00","0.00","","0.00","0.00","","","","5.00","0.00","0.00","5.20","","0.00","0.00","","",""
"сиденья тандем","2026-06-30 - 2026-09-28","5.00","1.00","20.00","4.40","3.00","0.00","0.00","","1.00","1.00","100.00","3.00","3.00","4.00","0.00","0.00","4.75","","0.00","0.00","","",""
"напольный линолеум для автобусов.","2026-06-30 - 2026-09-28","5.00","1.00","20.00","11.00","12.00","0.00","0.00","","0.00","0.00","","","","1.00","0.00","0.00","5.00","","4.00","1.00","25.00","12.50","12.00"
"сиденье антивандальное для автобуса купить в москве","2026-06-30 - 2026-09-28","5.00","1.00","20.00","3.80","4.00","0.00","0.00","","2.00","0.00","0.00","3.00","","3.00","1.00","33.33","4.33","4.00","0.00","0.00","","",""
"салазки сиденья водителя автобуса","2026-06-30 - 2026-09-28","5.00","2.00","40.00","3.20","6.50","3.00","0.00","0.00","0.00","0.00","","","","2.00","2.00","100.00","6.50","6.50","0.00","0.00","","",""
"форд транзит панель обшивки номер 1","2026-06-30 - 2026-09-28","5.00","0.00","0.00","6.20","","0.00","0.00","","0.00","0.00","","","","5.00","0.00","0.00","6.20","","0.00","0.00","","",""
"подножка боковая газель","2026-06-30 - 2026-09-28","5.00","0.00","0.00","7.80","","0.00","0.00","","0.00","0.00","","","","4.00","0.00","0.00","7.00","","1.00","0.00","0.00","11.00",""
"тряпичные шторки для фольксваген крафтер 2018","2026-06-30 - 2026-09-28","5.00","1.00","20.00","7.00","7.00","0.00","0.00","","0.00","0.00","","","","5.00","1.00","20.00","7.00","7.00","0.00","0.00","","",""
"сколько стоит обшивка на микроавтобус","2026-06-30 - 2026-09-28","5.00","0.00","0.00","4.20","","0.00","0.00","","1.00","0.00","0.00","2.00","","4.00","0.00","0.00","4.75","","0.00","0.00","","",""
"столик в газель фермер","2026-06-30 - 2026-09-28","5.00","0.00","0.00","12.20","","0.00","0.00","","1.00","0.00","0.00","2.00","","0.00","0.00","","","","4.00","0.00","0.00","14.75",""
"подлокотник турист","2026-06-30 - 2026-09-28","5.00","3.00","60.00","5.40","4.00","0.00","0.00","","2.00","2.00","100.00","3.00","3.00","3.00","1.00","33.33","7.00","6.00","0.00","0.00","","",""
"багажник рюкзак для спринтера","2026-06-30 - 2026-09-28","5.00","0.00","0.00","3.20","","0.00","0.00","","3.00","0.00","0.00","2.67","","2.00","0.00","0.00","4.00","","0.00","0.00","","",""
"двухточечный ремень безопасности в машине","2026-06-30 - 2026-09-28","5.00","0.00","0.00","12.60","","0.00","0.00","","0.00","0.00","","","","0.00","0.00","","","","5.00","0.00","0.00","12.60",""
"автомобильный диван на соболь","2026-06-30 - 2026-09-28","5.00","0.00","0.00","6.80","","0.00","0.00","","0.00","0.00","","","","5.00","0.00","0.00","6.80","","0.00","0.00","","",""
"купить раскладное сидение для газон некст в калину","2026-06-30 - 2026-09-28","5.00","0.00","0.00","8.20","","0.00","0.00","","0.00","0.00","","","","5.00","0.00","0.00","8.20","","0.00","0.00","","",""
"bus com.ru","2026-06-30 - 2026-09-28","5.00","1.00","20.00","3.00","1.00","1.00","1.00","100.00","2.00","0.00","0.00","2.50","","2.00","0.00","0.00","4.50","","0.00","0.00","","",""
"стекла газель некст","2026-06-30 - 2026-09-28","5.00","0.00","0.00","10.60","","0.00","0.00","","0.00","0.00","","","","2.00","0.00","0.00","9.00","","3.00","0.00","0.00","11.67",""
"заглушка на рельсы автомобильные сиденья","2026-06-30 - 2026-09-28","5.00","0.00","0.00","5.80","","0.00","0.00","","0.00","0.00","","","","5.00","0.00","0.00","5.80","","0.00","0.00","","",""
"шторки в салон газель некст пассажирская","2026-06-30 - 2026-09-28","5.00","1.00","20.00","2.20","1.00","2.00","1.00","50.00","2.00","0.00","0.00","2.50","","1.00","0.00","0.00","4.00","","0.00","0.00","","",""
"размер шторки в кабину газели некст","2026-06-30 - 2026-09-28","5.00","0.00","0.00","10.60","","0.00","0.00","","0.00","0.00","","","","3.00","0.00","0.00","10.00","","2.00","0.00","0.00","11.50",""
"столик на микроавтобус купить бу","2026-06-30 - 2026-09-28","5.00","0.00","0.00","9.80","","0.00","0.00","","0.00","0.00","","","","5.00","0.00","0.00","9.80","","0.00","0.00","","",""
"ремень безопасности двухточечный статический","2026-06-30 - 2026-09-28","5.00","0.00","0.00","4.40","","1.00","0.00","0.00","1.00","0.00","0.00","3.00","","3.00","0.00","0.00","6.00","","0.00","0.00","","",""
"купить диван на авто","2026-06-30 - 2026-09-28","5.00","0.00","0.00","8.20","","0.00","0.00","","0.00","0.00","","","","4.00","0.00","0.00","7.00","","1.00","0.00","0.00","13.00",""
"купить полозья для ночных штор газель некст","2026-06-30 - 2026-09-28","5.00","0.00","0.00","7.20","","0.00","0.00","","0.00","0.00","","","","5.00","0.00","0.00","7.20","","0.00","0.00","","",""
"диван для газели раскладной","2026-06-30 - 2026-09-28","5.00","0.00","0.00","9.60","","0.00","0.00","","0.00","0.00","","","","3.00","0.00","0.00","7.67","","2.00","0.00","0.00","12.50",""
"шторки на окна для минивэна","2026-06-30 - 2026-09-28","5.00","0.00","0.00","11.60","","0.00","0.00","","0.00","0.00","","","","0.00","0.00","","","","5.00","0.00","0.00","11.60",""
"багажник на газель на зад","2026-06-30 - 2026-09-28","5.00","0.00","0.00","1.00","","5.00","0.00","0.00","0.00","0.00","","","","0.00","0.00","","","","0.00","0.00","","",""
"купить раскладной диван в авто","2026-06-30 - 2026-09-28","5.00","0.00","0.00","10.40","","0.00","0.00","","0.00","0.00","","","","3.00","0.00","0.00","10.00","","2.00","0.00","0.00","11.00",""
"сиденья vip","2026-06-30 - 2026-09-28","5.00","0.00","0.00","3.40","","0.00","0.00","","3.00","0.00","0.00","2.33","","2.00","0.00","0.00","5.00","","0.00","0.00","","",""
"люк на крышу автобуса","2026-06-30 - 2026-09-28","5.00","1.00","20.00","3.20","2.00","1.00","0.00","0.00","1.00","1.00","100.00","2.00","2.00","3.00","0.00","0.00","4.33","","0.00","0.00","","",""
"кресла для автобуса","2026-06-30 - 2026-09-28","5.00","0.00","0.00","5.40","","1.00","0.00","0.00","0.00","0.00","","","","4.00","0.00","0.00","6.50","","0.00","0.00","","",""
"складной механизм для сидения","2026-06-30 - 2026-09-28","5.00","0.00","0.00","10.20","","0.00","0.00","","0.00","0.00","","","","3.00","0.00","0.00","9.00","","2.00","0.00","0.00","12.00",""
"530х610х820мм","2026-06-30 - 2026-09-28","5.00","1.00","20.00","3.00","4.00","1.00","0.00","0.00","2.00","0.00","0.00","3.00","","2.00","1.00","50.00","4.00","4.00","0.00","0.00","","",""
"заглушка для направляющих (салазки) сиденья авто","2026-06-30 - 2026-09-28","5.00","1.00","20.00","9.20","8.00","0.00","0.00","","0.00","0.00","","","","4.00","1.00","25.00","8.50","8.00","1.00","0.00","0.00","12.00",""
"быстросъёмные зажимы для пристегивания сиденья в автобусе","2026-06-30 - 2026-09-28","5.00","1.00","20.00","4.20","5.00","0.00","0.00","","1.00","0.00","0.00","2.00","","4.00","1.00","25.00","4.75","5.00","0.00","0.00","","",""
"купить рельсы для крепления сидений в микроавтобус","2026-06-30 - 2026-09-28","5.00","0.00","0.00","10.20","","0.00","0.00","","0.00","0.00","","","","4.00","0.00","0.00","10.00","","1.00","0.00","0.00","11.00",""
"переоборудование микроавтобусов в ростове","2026-06-30 - 2026-09-28","5.00","0.00","0.00","34.80","","0.00","0.00","","0.00","0.00","","","","0.00","0.00","","","","5.00","0.00","0.00","34.80",""
"сиденье пассажирское двойное","2026-06-30 - 2026-09-28","5.00","0.00","0.00","10.20","","0.00","0.00","","0.00","0.00","","","","3.00","0.00","0.00","9.00","","2.00","0.00","0.00","12.00",""
"шторы на газель некст на цм. направляющих","2026-06-30 - 2026-09-28","5.00","1.00","20.00","1.80","3.00","3.00","0.00","0.00","2.00","1.00","50.00","3.00","3.00","0.00","0.00","","","","0.00","0.00","","",""
"двойной ремень безопасности","2026-06-30 - 2026-09-28","5.00","0.00","0.00","6.60","","0.00","0.00","","0.00","0.00","","","","5.00","0.00","0.00","6.60","","0.00","0.00","","",""
"направляющие продольные фургона купить москва","2026-06-30 - 2026-09-28","5.00","0.00","0.00","10.20","","0.00","0.00","","0.00","0.00","","","","3.00","0.00","0.00","9.67","","2.00","0.00","0.00","11.00",""
"туристический сиденья в новосибирск б/у","2026-06-30 - 2026-09-28","5.00","1.00","20.00","5.80","5.00","0.00","0.00","","0.00","0.00","","","","5.00","1.00","20.00","5.80","5.00","0.00","0.00","","",""
"купить пассажирские кресла люкс в микроавтобус","2026-06-30 - 2026-09-28","5.00","1.00","20.00","2.20","3.00","1.00","0.00","0.00","4.00","1.00","25.00","2.50","3.00","0.00","0.00","","","","0.00","0.00","","",""
"крепление поручня к-002","2026-06-30 - 2026-09-28","5.00","0.00","0.00","7.80","","0.00","0.00","","0.00","0.00","","","","5.00","0.00","0.00","7.80","","0.00","0.00","","",""
"поворотный механизм для кресла автомобиля","2026-06-30 - 2026-09-28","5.00","0.00","0.00","14.20","","0.00","0.00","","0.00","0.00","","","","1.00","0.00","0.00","10.00","","4.00","0.00","0.00","15.25",""
"багажник навесной газель next","2026-06-30 - 2026-09-28","5.00","1.00","20.00","1.60","1.00","2.00","1.00","50.00","3.00","0.00","0.00","2.00","","0.00","0.00","","","","0.00","0.00","","",""
"купить заднюю подножку на газель","2026-06-30 - 2026-09-28","5.00","3.00","60.00","8.80","7.33","0.00","0.00","","0.00","0.00","","","","4.00","3.00","75.00","7.75","7.33","1.00","0.00","0.00","13.00",""
"стекло переднее 1130-780 купить","2026-06-30 - 2026-09-28","5.00","0.00","0.00","7.40","","0.00","0.00","","1.00","0.00","0.00","3.00","","4.00","0.00","0.00","8.50","","0.00","0.00","","",""
"полозья сиденья","2026-06-30 - 2026-09-28","5.00","0.00","0.00","12.20","","0.00","0.00","","0.00","0.00","","","","1.00","0.00","0.00","10.00","","4.00","0.00","0.00","12.75",""
"шторки на газель некст автобус","2026-06-30 - 2026-09-28","5.00","3.00","60.00","5.60","1.00","1.00","3.00","300.00","0.00","0.00","","","","4.00","0.00","0.00","6.75","","0.00","0.00","","",""
"заглушка для защиты от грязи рельс в салоне w447","2026-06-30 - 2026-09-28","5.00","2.00","40.00","13.00","12.00","0.00","0.00","","0.00","0.00","","","","0.00","0.00","","","","5.00","2.00","40.00","13.00","12.00"
"подголовники в автобус","2026-06-30 - 2026-09-28","5.00","2.00","40.00","4.60","4.00","0.00","0.00","","0.00","0.00","","","","5.00","2.00","40.00","4.60","4.00","0.00","0.00","","",""
"сидения автобуса в иркутске","2026-06-30 - 2026-09-28","5.00","0.00","0.00","9.20","","0.00","0.00","","0.00","0.00","","","","4.00","0.00","0.00","8.75","","1.00","0.00","0.00","11.00",""
"сиденья соболь нн","2026-06-30 - 2026-09-28","5.00","0.00","0.00","3.80","","0.00","0.00","","2.00","0.00","0.00","3.00","","3.00","0.00","0.00","4.33","","0.00","0.00","","",""
"заглушка резиновая в рельсы (салазки) сидений","2026-06-30 - 2026-09-28","5.00","1.00","20.00","4.00","4.00","1.00","0.00","0.00","0.00","0.00","","","","4.00","1.00","25.00","4.75","4.00","0.00","0.00","","",""
"сиденье водительское газель некст","2026-06-30 - 2026-09-28","5.00","0.00","0.00","19.20","","0.00","0.00","","0.00","0.00","","","","0.00","0.00","","","","5.00","0.00","0.00","19.20",""
"быстросъемный механизм на салазках для сиденья","2026-06-30 - 2026-09-28","5.00","0.00","0.00","9.40","","0.00","0.00","","0.00","0.00","","","","4.00","0.00","0.00","8.75","","1.00","0.00","0.00","12.00",""
"диван спальник в газон некст","2026-06-30 - 2026-09-28","5.00","0.00","0.00","12.00","","0.00","0.00","","0.00","0.00","","","","0.00","0.00","","","","5.00","0.00","0.00","12.00",""
"сиденье антивандальное для автобуса","2026-06-30 - 2026-09-28","5.00","1.00","20.00","7.60","9.00","0.00","0.00","","0.00","0.00","","","","5.00","1.00","20.00","7.60","9.00","0.00","0.00","","",""
"баск пробка","2026-06-30 - 2026-09-28","5.00","0.00","0.00","7.20","","0.00","0.00","","0.00","0.00","","","","5.00","0.00","0.00","7.20","","0.00","0.00","","",""
"стол в машину tdo.ru","2026-06-30 - 2026-09-28","5.00","0.00","0.00","9.40","","0.00","0.00","","0.00","0.00","","","","4.00","0.00","0.00","9.00","","1.00","0.00","0.00","11.00",""
"пневмо сиденье на газон","2026-06-30 - 2026-09-28","5.00","0.00","0.00","9.60","","0.00","0.00","","0.00","0.00","","","","2.00","0.00","0.00","7.50","","3.00","0.00","0.00","11.00",""
"никелированная накладка на подсветку номера заднего крафтер","2026-06-30 - 2026-09-28","5.00","0.00","0.00","7.80","","0.00","0.00","","0.00","0.00","","","","5.00","0.00","0.00","7.80","","0.00","0.00","","",""
"салазки для штор в кабину грузовика","2026-06-30 - 2026-09-28","5.00","0.00","0.00","10.00","","0.00","0.00","","0.00","0.00","","","","4.00","0.00","0.00","9.50","","1.00","0.00","0.00","12.00",""
"подголовник прищепка","2026-06-30 - 2026-09-28","5.00","0.00","0.00","11.80","","0.00","0.00","","0.00","0.00","","","","3.00","0.00","0.00","9.00","","2.00","0.00","0.00","16.00",""
"ручка люка для автобуса форд транзит в сборе","2026-06-30 - 2026-09-28","5.00","0.00","0.00","6.60","","0.00","0.00","","0.00","0.00","","","","5.00","0.00","0.00","6.60","","0.00","0.00","","",""
"алюминиевые боковые ограждения для газель некст купить","2026-06-30 - 2026-09-28","5.00","0.00","0.00","10.80","","0.00","0.00","","0.00","0.00","","","","2.00","0.00","0.00","9.50","","3.00","0.00","0.00","11.67",""
"купить поворотные сидения для микроавтобуса","2026-06-30 - 2026-09-28","5.00","0.00","0.00","9.20","","0.00","0.00","","0.00","0.00","","","","3.00","0.00","0.00","7.33","","2.00","0.00","0.00","12.00",""
"шторки на окна микроавтобус купить","2026-06-30 - 2026-09-28","5.00","0.00","0.00","7.40","","0.00","0.00","","0.00","0.00","","","","5.00","0.00","0.00","7.40","","0.00","0.00","","",""
"купить шторки в микроавтобус","2026-06-30 - 2026-09-28","5.00","0.00","0.00","8.20","","0.00","0.00","","0.00","0.00","","","","5.00","0.00","0.00","8.20","","0.00","0.00","","",""
"сайт нижний новгород газель подножка задняя газель некст спец транспорт скорая помощь","2026-06-30 - 2026-09-28","5.00","1.00","20.00","6.80","6.00","0.00","0.00","","0.00","0.00","","","","5.00","1.00","20.00","6.80","6.00","0.00","0.00","","",""
"стекло на люк","2026-06-30 - 2026-09-28","5.00","1.00","20.00","6.60","3.00","0.00","0.00","","2.00","1.00","50.00","3.00","3.00","2.00","0.00","0.00","7.00","","1.00","0.00","0.00","13.00",""
"подножка для боковой пассажирской двери форд транзит 2011г купить","2026-06-30 - 2026-09-28","5.00","0.00","0.00","5.00","","0.00","0.00","","0.00","0.00","","","","5.00","0.00","0.00","5.00","","0.00","0.00","","",""
"диван трансформер тандем","2026-06-30 - 2026-09-28","5.00","0.00","0.00","3.80","","1.00","0.00","0.00","0.00","0.00","","","","4.00","0.00","0.00","4.50","","0.00","0.00","","",""
"купить навесной багажник рюкзак фольксваген крафтер","2026-06-30 - 2026-09-28","5.00","0.00","0.00","3.80","","0.00","0.00","","1.00","0.00","0.00","3.00","","4.00","0.00","0.00","4.00","","0.00","0.00","","",""
"подножка правой боковой двери газель","2026-06-30 - 2026-09-28","5.00","0.00","0.00","5.60","","0.00","0.00","","2.00","0.00","0.00","2.00","","3.00","0.00","0.00","8.00","","0.00","0.00","","",""
"боковое стекло мерседес","2026-06-30 - 2026-09-28","5.00","0.00","0.00","12.40","","0.00","0.00","","0.00","0.00","","","","0.00","0.00","","","","5.00","0.00","0.00","12.40",""
"сиденья в соболе","2026-06-30 - 2026-09-28","5.00","1.00","20.00","3.00","6.00","0.00","0.00","","4.00","0.00","0.00","2.25","","1.00","1.00","100.00","6.00","6.00","0.00","0.00","","",""
"пол для микроавтобуса","2026-06-30 - 2026-09-28","5.00","0.00","0.00","11.40","","0.00","0.00","","0.00","0.00","","","","1.00","0.00","0.00","8.00","","4.00","0.00","0.00","12.25",""
"вытяжка автомобильные","2026-06-30 - 2026-09-28","5.00","0.00","0.00","30.60","","0.00","0.00","","0.00","0.00","","","","0.00","0.00","","","","5.00","0.00","0.00","30.60",""
"статический ремень","2026-06-30 - 2026-09-28","5.00","0.00","0.00","4.40","","1.00","0.00","0.00","3.00","0.00","0.00","2.67","","0.00","0.00","","","","1.00","0.00","0.00","13.00",""
"сиденья соболь купить","2026-06-30 - 2026-09-28","5.00","0.00","0.00","9.40","","0.00","0.00","","0.00","0.00","","","","4.00","0.00","0.00","9.00","","1.00","0.00","0.00","11.00",""
"подголовники для салона автобуса","2026-06-30 - 2026-09-28","5.00","0.00","0.00","5.60","","0.00","0.00","","1.00","0.00","0.00","3.00","","4.00","0.00","0.00","6.25","","0.00","0.00","","",""
"от какой машины водительское сиденье на соболь","2026-06-30 - 2026-09-28","5.00","0.00","0.00","8.60","","0.00","0.00","","0.00","0.00","","","","5.00","0.00","0.00","8.60","","0.00","0.00","","",""
"салазки для микроавтобуса","2026-06-30 - 2026-09-28","5.00","0.00","0.00","3.40","","0.00","0.00","","2.00","0.00","0.00","2.50","","3.00","0.00","0.00","4.00","","0.00","0.00","","",""
"сидения тандем","2026-06-30 - 2026-09-28","5.00","0.00","0.00","5.00","","0.00","0.00","","2.00","0.00","0.00","3.00","","3.00","0.00","0.00","6.33","","0.00","0.00","","",""
"резиновый профиль под стекло mercedes-benz sprinter, (производство турция)","2026-06-30 - 2026-09-28","5.00","1.00","20.00","1.40","1.00","3.00","1.00","33.33","2.00","0.00","0.00","2.00","","0.00","0.00","","","","0.00","0.00","","",""
"автобусная ручка сидения","2026-06-30 - 2026-09-28","5.00","1.00","20.00","9.60","7.00","0.00","0.00","","0.00","0.00","","","","4.00","1.00","25.00","9.00","7.00","1.00","0.00","0.00","12.00",""
"купить вентиляционный люк на рефрижератор","2026-06-30 - 2026-09-28","5.00","0.00","0.00","9.00","","0.00","0.00","","0.00","0.00","","","","3.00","0.00","0.00","7.33","","2.00","0.00","0.00","11.50",""
"запчасти для кресел туристических","2026-06-30 - 2026-09-28","5.00","0.00","0.00","7.80","","0.00","0.00","","0.00","0.00","","","","5.00","0.00","0.00","7.80","","0.00","0.00","","",""
"сиденье луидор","2026-06-30 - 2026-09-28","5.00","2.00","40.00","4.60","5.00","0.00","0.00","","3.00","1.00","33.33","2.00","2.00","2.00","1.00","50.00","8.50","8.00","0.00","0.00","","",""
"шторки форд транзит","2026-06-30 - 2026-09-28","5.00","0.00","0.00","11.20","","0.00","0.00","","0.00","0.00","","","","1.00","0.00","0.00","8.00","","4.00","0.00","0.00","12.00",""
"шторы в салон газель некст","2026-06-30 - 2026-09-28","5.00","2.00","40.00","2.60","2.00","0.00","0.00","","4.00","2.00","50.00","2.00","2.00","1.00","0.00","0.00","5.00","","0.00","0.00","","",""
"купить подножки для микроавтобусов","2026-06-30 - 2026-09-28","5.00","0.00","0.00","3.80","","0.00","0.00","","3.00","0.00","0.00","2.67","","2.00","0.00","0.00","5.50","","0.00","0.00","","",""
"обшивка стоек с динамиками ситроен джампер 2016","2026-06-30 - 2026-09-28","5.00","0.00","0.00","9.60","","0.00","0.00","","0.00","0.00","","","","4.00","0.00","0.00","9.25","","1.00","0.00","0.00","11.00",""
"bus-com.ru","2026-06-30 - 2026-09-28","5.00","2.00","40.00","1.80","1.50","2.00","1.00","50.00","3.00","1.00","33.33","2.33","2.00","0.00","0.00","","","","0.00","0.00","","",""
"сиденья в","2026-06-30 - 2026-09-28","5.00","0.00","0.00","9.80","","0.00","0.00","","0.00","0.00","","","","4.00","0.00","0.00","9.00","","1.00","0.00","0.00","13.00",""
"занавески в газель","2026-06-30 - 2026-09-28","5.00","0.00","0.00","9.20","","0.00","0.00","","0.00","0.00","","","","5.00","0.00","0.00","9.20","","0.00","0.00","","",""
"пневмосиденье на газон некст","2026-06-30 - 2026-09-28","5.00","0.00","0.00","9.20","","0.00","0.00","","0.00","0.00","","","","4.00","0.00","0.00","8.25","","1.00","0.00","0.00","13.00",""
"подлокотники для туристического кресла","2026-06-30 - 2026-09-28","5.00","0.00","0.00","10.00","","0.00","0.00","","0.00","0.00","","","","3.00","0.00","0.00","9.33","","2.00","0.00","0.00","11.00",""
"шторки ночные газель некст","2026-06-30 - 2026-09-28","5.00","1.00","20.00","5.80","6.00","0.00","0.00","","0.00","0.00","","","","5.00","1.00","20.00","5.80","6.00","0.00","0.00","","",""
"нескользкий линолеум stroykomplekt ru","2026-06-30 - 2026-09-28","5.00","0.00","0.00","8.60","","0.00","0.00","","0.00","0.00","","","","4.00","0.00","0.00","8.00","","1.00","0.00","0.00","11.00",""
"шторка для газели","2026-06-30 - 2026-09-28","5.00","0.00","0.00","12.40","","0.00","0.00","","0.00","0.00","","","","0.00","0.00","","","","5.00","0.00","0.00","12.40",""
"раскладной диван в газель грузопассажирский фургон купить","2026-06-30 - 2026-09-28","5.00","0.00","0.00","5.00","","0.00","0.00","","0.00","0.00","","","","5.00","0.00","0.00","5.00","","0.00","0.00","","",""
"полки салона багажа в автобусе купить","2026-06-30 - 2026-09-28","5.00","0.00","0.00","9.20","","0.00","0.00","","0.00","0.00","","","","3.00","0.00","0.00","7.33","","2.00","0.00","0.00","12.00",""
"газель некст шторки от солнца на присосках","2026-06-30 - 2026-09-28","5.00","0.00","0.00","11.00","","0.00","0.00","","0.00","0.00","","","","0.00","0.00","","","","5.00","0.00","0.00","11.00",""
"стекло пежо боксер заднее","2026-06-30 - 2026-09-28","5.00","0.00","0.00","9.60","","0.00","0.00","","0.00","0.00","","","","3.00","0.00","0.00","8.00","","2.00","0.00","0.00","12.00",""
"диван трансформер для микроавтобуса","2026-06-30 - 2026-09-28","5.00","0.00","0.00","3.60","","1.00","0.00","0.00","1.00","0.00","0.00","3.00","","3.00","0.00","0.00","4.67","","0.00","0.00","","",""
"рельсы для сидений автобуса","2026-06-30 - 2026-09-28","5.00","1.00","20.00","3.20","2.00","1.00","0.00","0.00","1.00","1.00","100.00","2.00","2.00","3.00","0.00","0.00","4.33","","0.00","0.00","","",""
"акссессуары для пазика в салон","2026-06-30 - 2026-09-28","5.00","0.00","0.00","10.60","","0.00","0.00","","0.00","0.00","","","","2.00","0.00","0.00","9.50","","3.00","0.00","0.00","11.33",""
"задний ряд сидений микроавтобус","2026-06-30 - 2026-09-28","5.00","0.00","0.00","4.00","","0.00","0.00","","1.00","0.00","0.00","3.00","","4.00","0.00","0.00","4.25","","0.00","0.00","","",""
"где купить сиденье в салон микроавтобуса газель некст","2026-06-30 - 2026-09-28","5.00","0.00","0.00","7.80","","0.00","0.00","","0.00","0.00","","","","5.00","0.00","0.00","7.80","","0.00","0.00","","",""
"звукоизоляция ""изолон"" - 10 мм","2026-06-30 - 2026-09-28","5.00","0.00","0.00","11.00","","0.00","0.00","","0.00","0.00","","","","2.00","0.00","0.00","9.50","","3.00","0.00","0.00","12.00",""
"купить шторы на газель некст на озон","2026-06-30 - 2026-09-28","5.00","0.00","0.00","9.00","","0.00","0.00","","0.00","0.00","","","","4.00","0.00","0.00","8.50","","1.00","0.00","0.00","11.00",""
"подножки на автобус","2026-06-30 - 2026-09-28","5.00","0.00","0.00","4.20","","0.00","0.00","","2.00","0.00","0.00","2.50","","3.00","0.00","0.00","5.33","","0.00","0.00","","",""
"сиденья grl 11","2026-06-30 - 2026-09-28","5.00","0.00","0.00","6.00","","0.00","0.00","","0.00","0.00","","","","5.00","0.00","0.00","6.00","","0.00","0.00","","",""
"баском ру","2026-06-30 - 2026-09-28","5.00","0.00","0.00","4.80","","0.00","0.00","","0.00","0.00","","","","5.00","0.00","0.00","4.80","","0.00","0.00","","",""
"откидной столик в соболь","2026-06-30 - 2026-09-28","5.00","0.00","0.00","4.40","","0.00","0.00","","1.00","0.00","0.00","2.00","","4.00","0.00","0.00","5.00","","0.00","0.00","","",""
"соболь столик","2026-06-30 - 2026-09-28","5.00","0.00","0.00","4.80","","0.00","0.00","","1.00","0.00","0.00","3.00","","4.00","0.00","0.00","5.25","","0.00","0.00","","",""
"диван в газель бизнес купить","2026-06-30 - 2026-09-28","5.00","1.00","20.00","6.60","4.00","0.00","0.00","","0.00","0.00","","","","5.00","1.00","20.00","6.60","4.00","0.00","0.00","","",""
"оборудование для катафалки","2026-06-30 - 2026-09-28","5.00","1.00","20.00","2.00","1.00","2.00","1.00","50.00","3.00","0.00","0.00","2.67","","0.00","0.00","","","","0.00","0.00","","",""
"откидная сидушка в автобусе","2026-06-30 - 2026-09-28","5.00","0.00","0.00","9.60","","0.00","0.00","","0.00","0.00","","","","3.00","0.00","0.00","8.33","","2.00","0.00","0.00","11.50",""
"заглушка рамка пластмассовая на спинке склонного сидения в каравелле","2026-06-30 - 2026-09-28","5.00","0.00","0.00","10.60","","0.00","0.00","","0.00","0.00","","","","2.00","0.00","0.00","9.50","","3.00","0.00","0.00","11.33",""
"размер и толщина левой боковой форточки на газель некст","2026-06-30 - 2026-09-28","5.00","0.00","0.00","11.80","","0.00","0.00","","0.00","0.00","","","","0.00","0.00","","","","5.00","0.00","0.00","11.80",""
"подножка электрическая боксер джампер дукато","2026-06-30 - 2026-09-28","5.00","0.00","0.00","10.80","","0.00","0.00","","0.00","0.00","","","","1.00","0.00","0.00","10.00","","4.00","0.00","0.00","11.00",""
"купить стекло на газель некст","2026-06-30 - 2026-09-28","5.00","0.00","0.00","12.00","","0.00","0.00","","0.00","0.00","","","","2.00","0.00","0.00","10.00","","3.00","0.00","0.00","13.33",""
"пороги подножки на микроавтобус","2026-06-30 - 2026-09-28","5.00","3.00","60.00","2.40","1.00","1.00","3.00","300.00","3.00","0.00","0.00","2.33","","1.00","0.00","0.00","4.00","","0.00","0.00","","",""
"антивандальные сиденья","2026-06-30 - 2026-09-28","5.00","0.00","0.00","9.60","","0.00","0.00","","0.00","0.00","","","","3.00","0.00","0.00","8.33","","2.00","0.00","0.00","11.50",""
"стекла на газель некст","2026-06-30 - 2026-09-28","5.00","2.00","40.00","11.60","9.00","0.00","0.00","","0.00","0.00","","","","3.00","2.00","66.67","8.33","9.00","2.00","0.00","0.00","16.50",""
"люк от автобуса купить","2026-06-30 - 2026-09-28","5.00","0.00","0.00","10.80","","0.00","0.00","","0.00","0.00","","","","2.00","0.00","0.00","7.50","","3.00","0.00","0.00","13.00",""
"столик откидной в машину","2026-06-30 - 2026-09-28","5.00","0.00","0.00","13.40","","0.00","0.00","","0.00","0.00","","","","2.00","0.00","0.00","10.00","","3.00","0.00","0.00","15.67",""
"диван для авто","2026-06-30 - 2026-09-28","5.00","0.00","0.00","10.00","","0.00","0.00","","0.00","0.00","","","","3.00","0.00","0.00","9.33","","2.00","0.00","0.00","11.00",""
"кресло водительское газон некст","2026-06-30 - 2026-09-28","5.00","0.00","0.00","10.80","","0.00","0.00","","0.00","0.00","","","","2.00","0.00","0.00","10.00","","3.00","0.00","0.00","11.33",""
"подиум ритуальный","2026-06-30 - 2026-09-28","5.00","0.00","0.00","4.00","","0.00","0.00","","1.00","0.00","0.00","2.00","","4.00","0.00","0.00","4.50","","0.00","0.00","","",""
"баск фур","2026-06-30 - 2026-09-28","5.00","0.00","0.00","7.60","","0.00","0.00","","0.00","0.00","","","","5.00","0.00","0.00","7.60","","0.00","0.00","","",""
"подлокотники для туристического стула","2026-06-30 - 2026-09-28","5.00","0.00","0.00","7.60","","0.00","0.00","","0.00","0.00","","","","5.00","0.00","0.00","7.60","","0.00","0.00","","",""
"газель некст шторка","2026-06-30 - 2026-09-28","5.00","0.00","0.00","6.00","","0.00","0.00","","1.00","0.00","0.00","3.00","","4.00","0.00","0.00","6.75","","0.00","0.00","","",""
"занавески на газель некст","2026-06-30 - 2026-09-28","5.00","0.00","0.00","6.80","","0.00","0.00","","1.00","0.00","0.00","3.00","","3.00","0.00","0.00","6.67","","1.00","0.00","0.00","11.00",""
"складной столик в автомобиль","2026-06-30 - 2026-09-28","5.00","0.00","0.00","15.60","","0.00","0.00","","0.00","0.00","","","","1.00","0.00","0.00","7.00","","4.00","0.00","0.00","17.75",""
"элементы обшивки салона буса","2026-06-30 - 2026-09-28","5.00","0.00","0.00","4.20","","0.00","0.00","","1.00","0.00","0.00","2.00","","4.00","0.00","0.00","4.75","","0.00","0.00","","",""
"полозья для сидений","2026-06-30 - 2026-09-28","5.00","0.00","0.00","9.20","","0.00","0.00","","0.00","0.00","","","","3.00","0.00","0.00","8.00","","2.00","0.00","0.00","11.00",""
"баскомплект","2026-06-30 - 2026-09-28","5.00","0.00","0.00","8.80","","0.00","0.00","","0.00","0.00","","","","4.00","0.00","0.00","8.00","","1.00","0.00","0.00","12.00",""
"шторка раздвижная форд транзит в салон","2026-06-30 - 2026-09-28","4.00","0.00","0.00","12.50","","0.00","0.00","","0.00","0.00","","","","0.00","0.00","","","","4.00","0.00","0.00","12.50",""
"ремень безопасности пассажирский автобус поясные","2026-06-30 - 2026-09-28","4.00","0.00","0.00","6.00","","0.00","0.00","","0.00","0.00","","","","4.00","0.00","0.00","6.00","","0.00","0.00","","",""
"трехместные сиденья для микроавтобуса купить в спб","2026-06-30 - 2026-09-28","4.00","2.00","50.00","4.00","4.00","0.00","0.00","","1.00","0.00","0.00","3.00","","3.00","2.00","66.67","4.33","4.00","0.00","0.00","","",""
"комфортные сидения для минивэном","2026-06-30 - 2026-09-28","4.00","1.00","25.00","9.25","11.00","0.00","0.00","","0.00","0.00","","","","3.00","0.00","0.00","8.67","","1.00","1.00","100.00","11.00","11.00"
"стекло форточки прозрачное на форд транзит 6 поколение","2026-06-30 - 2026-09-28","4.00","0.00","0.00","7.25","","0.00","0.00","","0.00","0.00","","","","4.00","0.00","0.00","7.25","","0.00","0.00","","",""
"профиль для подиума","2026-06-30 - 2026-09-28","4.00","0.00","0.00","8.75","","0.00","0.00","","0.00","0.00","","","","3.00","0.00","0.00","7.67","","1.00","0.00","0.00","12.00",""
"купить тройное сиденье для микроавтобуса","2026-06-30 - 2026-09-28","4.00","0.00","0.00","5.50","","0.00","0.00","","2.00","0.00","0.00","3.00","","2.00","0.00","0.00","8.00","","0.00","0.00","","",""
"диван газон","2026-06-30 - 2026-09-28","4.00","0.00","0.00","4.00","","0.00","0.00","","2.00","0.00","0.00","3.00","","2.00","0.00","0.00","5.00","","0.00","0.00","","",""
"купить сиденья с автобуса","2026-06-30 - 2026-09-28","4.00","0.00","0.00","6.50","","0.00","0.00","","0.00","0.00","","","","4.00","0.00","0.00","6.50","","0.00","0.00","","",""
"дверь автомат на ford transit","2026-06-30 - 2026-09-28","4.00","0.00","0.00","6.25","","0.00","0.00","","0.00","0.00","","","","4.00","0.00","0.00","6.25","","0.00","0.00","","",""
"куплю диван раскладной на мерседес спринтер 515 906 кузов","2026-06-30 - 2026-09-28","4.00","0.00","0.00","10.50","","0.00","0.00","","0.00","0.00","","","","2.00","0.00","0.00","10.00","","2.00","0.00","0.00","11.00",""
"диван бус","2026-06-30 - 2026-09-28","4.00","0.00","0.00","7.00","","0.00","0.00","","0.00","0.00","","","","4.00","0.00","0.00","7.00","","0.00","0.00","","",""
"кронштейн на автобус","2026-06-30 - 2026-09-28","4.00","0.00","0.00","9.25","","0.00","0.00","","0.00","0.00","","","","2.00","0.00","0.00","7.00","","2.00","0.00","0.00","11.50",""
"столик в лиаз","2026-06-30 - 2026-09-28","4.00","0.00","0.00","8.25","","0.00","0.00","","0.00","0.00","","","","4.00","0.00","0.00","8.25","","0.00","0.00","","",""
"складной столик в микроавтобус","2026-06-30 - 2026-09-28","4.00","0.00","0.00","7.00","","0.00","0.00","","0.00","0.00","","","","4.00","0.00","0.00","7.00","","0.00","0.00","","",""
"раскладной стол в микроавтобус","2026-06-30 - 2026-09-28","4.00","0.00","0.00","4.50","","0.00","0.00","","2.00","0.00","0.00","2.50","","2.00","0.00","0.00","6.50","","0.00","0.00","","",""
"столик откидной от борта микроавтобуса","2026-06-30 - 2026-09-28","4.00","0.00","0.00","2.50","","1.00","0.00","0.00","2.00","0.00","0.00","2.50","","1.00","0.00","0.00","4.00","","0.00","0.00","","",""
"люк автобуса","2026-06-30 - 2026-09-28","4.00","1.00","25.00","11.50","19.00","0.00","0.00","","0.00","0.00","","","","2.00","0.00","0.00","8.00","","2.00","1.00","50.00","15.00","19.00"
"sprinter 515 заднее стекло купить","2026-06-30 - 2026-09-28","4.00","0.00","0.00","6.75","","0.00","0.00","","0.00","0.00","","","","4.00","0.00","0.00","6.75","","0.00","0.00","","",""
"боковое стекло на микроавтобус","2026-06-30 - 2026-09-28","4.00","1.00","25.00","5.00","4.00","0.00","0.00","","1.00","0.00","0.00","3.00","","3.00","1.00","33.33","5.67","4.00","0.00","0.00","","",""
"купить сиденья для минивэна","2026-06-30 - 2026-09-28","4.00","0.00","0.00","4.50","","0.00","0.00","","1.00","0.00","0.00","2.00","","3.00","0.00","0.00","5.33","","0.00","0.00","","",""
"диваны газель","2026-06-30 - 2026-09-28","4.00","0.00","0.00","9.00","","0.00","0.00","","0.00","0.00","","","","4.00","0.00","0.00","9.00","","0.00","0.00","","",""
"подножка сдвижной двери фиат дукато 250","2026-06-30 - 2026-09-28","4.00","5.00","125.00","6.50","4.80","0.00","0.00","","1.00","3.00","300.00","3.00","3.00","3.00","2.00","66.67","7.67","7.50","0.00","0.00","","",""
"механизм для автодивана ривьера","2026-06-30 - 2026-09-28","4.00","0.00","0.00","9.75","","0.00","0.00","","0.00","0.00","","","","3.00","0.00","0.00","9.33","","1.00","0.00","0.00","11.00",""
"шторы в автобус салон форд транзит владивосток","2026-06-30 - 2026-09-28","4.00","1.00","25.00","2.50","3.00","1.00","0.00","0.00","2.00","1.00","50.00","2.50","3.00","1.00","0.00","0.00","4.00","","0.00","0.00","","",""
"шторки на газель некст цмф 7 мест","2026-06-30 - 2026-09-28","4.00","0.00","0.00","6.50","","0.00","0.00","","0.00","0.00","","","","4.00","0.00","0.00","6.50","","0.00","0.00","","",""
"водительское и пассажирское сиденье","2026-06-30 - 2026-09-28","4.00","0.00","0.00","10.00","","0.00","0.00","","0.00","0.00","","","","2.00","0.00","0.00","8.00","","2.00","0.00","0.00","12.00",""
"уплотнитель для направляющих сидений в полу фургона","2026-06-30 - 2026-09-28","4.00","2.00","50.00","6.00","8.50","0.00","0.00","","1.00","0.00","0.00","2.00","","2.00","1.00","50.00","5.00","5.00","1.00","1.00","100.00","12.00","12.00"
"электропривод боковой сдвижной двери для микроавтобуса","2026-06-30 - 2026-09-28","4.00","0.00","0.00","10.50","","0.00","0.00","","0.00","0.00","","","","1.00","0.00","0.00","7.00","","3.00","0.00","0.00","11.67",""
"диван из машины купить","2026-06-30 - 2026-09-28","4.00","0.00","0.00","11.00","","0.00","0.00","","0.00","0.00","","","","3.00","0.00","0.00","9.00","","1.00","0.00","0.00","17.00",""
"сиденья для автобуса газель некст сити","2026-06-30 - 2026-09-28","4.00","0.00","0.00","3.00","","0.00","0.00","","2.00","0.00","0.00","2.00","","2.00","0.00","0.00","4.00","","0.00","0.00","","",""
"подножка на форд транзит 2019 боковая","2026-06-30 - 2026-09-28","4.00","0.00","0.00","10.75","","0.00","0.00","","0.00","0.00","","","","2.00","0.00","0.00","9.00","","2.00","0.00","0.00","12.50",""
"сиденье пассажирское переднее баргузин","2026-06-30 - 2026-09-28","4.00","0.00","0.00","3.00","","1.00","0.00","0.00","1.00","0.00","0.00","3.00","","2.00","0.00","0.00","4.00","","0.00","0.00","","",""
"шторки для минивэна","2026-06-30 - 2026-09-28","4.00","1.00","25.00","10.50","12.00","0.00","0.00","","0.00","0.00","","","","3.00","0.00","0.00","10.00","","1.00","1.00","100.00","12.00","12.00"
"люк аварийно вентиляционный","2026-06-30 - 2026-09-28","4.00","0.00","0.00","12.75","","0.00","0.00","","0.00","0.00","","","","1.00","0.00","0.00","10.00","","3.00","0.00","0.00","13.67",""
"заглушки салазок сидений","2026-06-30 - 2026-09-28","4.00","0.00","0.00","11.00","","0.00","0.00","","0.00","0.00","","","","1.00","0.00","0.00","9.00","","3.00","0.00","0.00","11.67",""
"складной столик sobol nn","2026-06-30 - 2026-09-28","4.00","0.00","0.00","7.25","","0.00","0.00","","0.00","0.00","","","","4.00","0.00","0.00","7.25","","0.00","0.00","","",""
"светодиодные лампы как в салоне автобуса","2026-06-30 - 2026-09-28","4.00","0.00","0.00","5.50","","0.00","0.00","","0.00","0.00","","","","4.00","0.00","0.00","5.50","","0.00","0.00","","",""
"купить автомобильное кресло водителя","2026-06-30 - 2026-09-28","4.00","0.00","0.00","16.75","","0.00","0.00","","0.00","0.00","","","","1.00","0.00","0.00","4.00","","3.00","0.00","0.00","21.00",""
"пассажирское кресло соболь","2026-06-30 - 2026-09-28","4.00","0.00","0.00","5.00","","0.00","0.00","","0.00","0.00","","","","4.00","0.00","0.00","5.00","","0.00","0.00","","",""
"складной столик автомобильный для фуры, легковой машины, микроавтобуса","2026-06-30 - 2026-09-28","4.00","0.00","0.00","9.75","","0.00","0.00","","0.00","0.00","","","","2.00","0.00","0.00","8.50","","2.00","0.00","0.00","11.00",""
"газель нн кресло водительское купить","2026-06-30 - 2026-09-28","4.00","0.00","0.00","10.25","","0.00","0.00","","0.00","0.00","","","","3.00","0.00","0.00","10.00","","1.00","0.00","0.00","11.00",""
"внутренний дизайн обшивки в салоне ситроен джампер","2026-06-30 - 2026-09-28","4.00","0.00","0.00","7.25","","0.00","0.00","","0.00","0.00","","","","4.00","0.00","0.00","7.25","","0.00","0.00","","",""
"раскладной стол отдельно купить для микроавтобуса","2026-06-30 - 2026-09-28","4.00","0.00","0.00","3.75","","0.00","0.00","","2.00","0.00","0.00","2.50","","2.00","0.00","0.00","5.00","","0.00","0.00","","",""
"кофр на заднюю дверь","2026-06-30 - 2026-09-28","4.00","0.00","0.00","9.75","","0.00","0.00","","0.00","0.00","","","","3.00","0.00","0.00","9.33","","1.00","0.00","0.00","11.00",""
"530х820","2026-06-30 - 2026-09-28","4.00","0.00","0.00","6.25","","0.00","0.00","","0.00","0.00","","","","4.00","0.00","0.00","6.25","","0.00","0.00","","",""
"кресло водительское на соболь купить кчр черкесск","2026-06-30 - 2026-09-28","4.00","0.00","0.00","5.25","","0.00","0.00","","0.00","0.00","","","","4.00","0.00","0.00","5.25","","0.00","0.00","","",""
"навесной багажник на форд транзит","2026-06-30 - 2026-09-28","4.00","1.00","25.00","4.00","2.00","1.00","0.00","0.00","1.00","1.00","100.00","2.00","2.00","2.00","0.00","0.00","6.50","","0.00","0.00","","",""
"ламбрекены на мерседес спринтер классик авито","2026-06-30 - 2026-09-28","4.00","0.00","0.00","10.50","","0.00","0.00","","0.00","0.00","","","","1.00","0.00","0.00","9.00","","3.00","0.00","0.00","11.00",""
"обшивка на форд транзит","2026-06-30 - 2026-09-28","4.00","0.00","0.00","12.00","","0.00","0.00","","0.00","0.00","","","","0.00","0.00","","","","4.00","0.00","0.00","12.00",""
"купить стол на соболь в салон.","2026-06-30 - 2026-09-28","4.00","2.00","50.00","5.25","5.00","0.00","0.00","","0.00","0.00","","","","4.00","2.00","50.00","5.25","5.00","0.00","0.00","","",""
"стекла на автобусы","2026-06-30 - 2026-09-28","4.00","1.00","25.00","11.25","1.00","1.00","1.00","100.00","0.00","0.00","","","","1.00","0.00","0.00","4.00","","2.00","0.00","0.00","20.00",""
"комфорт блоки с освещением","2026-06-30 - 2026-09-28","4.00","0.00","0.00","2.75","","0.00","0.00","","3.00","0.00","0.00","2.33","","1.00","0.00","0.00","4.00","","0.00","0.00","","",""
"столик складной газель","2026-06-30 - 2026-09-28","4.00","4.00","100.00","1.75","1.75","3.00","3.00","100.00","0.00","0.00","","","","1.00","1.00","100.00","4.00","4.00","0.00","0.00","","",""
"бусик кресло","2026-06-30 - 2026-09-28","4.00","0.00","0.00","5.25","","0.00","0.00","","0.00","0.00","","","","4.00","0.00","0.00","5.25","","0.00","0.00","","",""
"задняя подножка газель некст цмф","2026-06-30 - 2026-09-28","4.00","1.00","25.00","9.00","11.00","0.00","0.00","","0.00","0.00","","","","3.00","0.00","0.00","8.33","","1.00","1.00","100.00","11.00","11.00"
"сиденья от туристического автобуса","2026-06-30 - 2026-09-28","4.00","0.00","0.00","3.25","","0.00","0.00","","3.00","0.00","0.00","3.00","","1.00","0.00","0.00","4.00","","0.00","0.00","","",""
"автобусные сиденья купить","2026-06-30 - 2026-09-28","4.00","0.00","0.00","6.25","","0.00","0.00","","1.00","0.00","0.00","3.00","","3.00","0.00","0.00","7.33","","0.00","0.00","","",""
"замок форточки фиат дукато 244","2026-06-30 - 2026-09-28","4.00","1.00","25.00","5.75","3.00","0.00","0.00","","1.00","1.00","100.00","3.00","3.00","3.00","0.00","0.00","6.67","","0.00","0.00","","",""
"сиденье водительское газель бизнес","2026-06-30 - 2026-09-28","4.00","0.00","0.00","29.25","","0.00","0.00","","0.00","0.00","","","","0.00","0.00","","","","4.00","0.00","0.00","29.25",""
"столик для соболь","2026-06-30 - 2026-09-28","4.00","0.00","0.00","7.50","","0.00","0.00","","0.00","0.00","","","","3.00","0.00","0.00","6.00","","1.00","0.00","0.00","12.00",""
"ступенька задних дверей газель","2026-06-30 - 2026-09-28","4.00","0.00","0.00","4.50","","0.00","0.00","","1.00","0.00","0.00","3.00","","3.00","0.00","0.00","5.00","","0.00","0.00","","",""
"накладка подножки производитель: россия код товара: po6","2026-06-30 - 2026-09-28","4.00","0.00","0.00","3.75","","0.00","0.00","","1.00","0.00","0.00","3.00","","3.00","0.00","0.00","4.00","","0.00","0.00","","",""
"двухмоторный привод двери микроавтобуса","2026-06-30 - 2026-09-28","4.00","0.00","0.00","10.50","","0.00","0.00","","0.00","0.00","","","","2.00","0.00","0.00","9.50","","2.00","0.00","0.00","11.50",""
"детали микроавтобусов","2026-06-30 - 2026-09-28","4.00","0.00","0.00","3.00","","0.00","0.00","","2.00","0.00","0.00","2.00","","2.00","0.00","0.00","4.00","","0.00","0.00","","",""
"полозья для автокресла","2026-06-30 - 2026-09-28","4.00","0.00","0.00","8.50","","0.00","0.00","","0.00","0.00","","","","4.00","0.00","0.00","8.50","","0.00","0.00","","",""
"сиденья от минивэна купить","2026-06-30 - 2026-09-28","4.00","0.00","0.00","6.75","","0.00","0.00","","0.00","0.00","","","","4.00","0.00","0.00","6.75","","0.00","0.00","","",""
"сиденье пассажирское газель соболь","2026-06-30 - 2026-09-28","4.00","0.00","0.00","9.00","","0.00","0.00","","0.00","0.00","","","","4.00","0.00","0.00","9.00","","0.00","0.00","","",""
"сиденья для микроавтобусов турция vip","2026-06-30 - 2026-09-28","4.00","0.00","0.00","4.00","","0.00","0.00","","1.00","0.00","0.00","2.00","","3.00","0.00","0.00","4.67","","0.00","0.00","","",""
"солнцезащитные шторки на лобовое стекло автобус","2026-06-30 - 2026-09-28","4.00","0.00","0.00","11.75","","0.00","0.00","","0.00","0.00","","","","0.00","0.00","","","","4.00","0.00","0.00","11.75",""
"продажа сидений от автобуса в вельске","2026-06-30 - 2026-09-28","4.00","0.00","0.00","10.25","","0.00","0.00","","0.00","0.00","","","","1.00","0.00","0.00","8.00","","3.00","0.00","0.00","11.00",""
"купить сиденье для газели соболь","2026-06-30 - 2026-09-28","4.00","0.00","0.00","5.50","","1.00","0.00","0.00","1.00","0.00","0.00","2.00","","1.00","0.00","0.00","7.00","","1.00","0.00","0.00","12.00",""
"купить стеклопакет мерседес спринтер 515 cdi","2026-06-30 - 2026-09-28","4.00","2.00","50.00","3.25","2.50","1.00","1.00","100.00","0.00","0.00","","","","3.00","1.00","33.33","4.00","4.00","0.00","0.00","","",""
"обивка водительского сиденья форд транзит 2012 год","2026-06-30 - 2026-09-28","4.00","0.00","0.00","8.00","","0.00","0.00","","0.00","0.00","","","","3.00","0.00","0.00","7.00","","1.00","0.00","0.00","11.00",""
"подлокотник для стула туристический","2026-06-30 - 2026-09-28","4.00","0.00","0.00","11.25","","0.00","0.00","","0.00","0.00","","","","1.00","0.00","0.00","10.00","","3.00","0.00","0.00","11.67",""
"багажник на газель на задние двери","2026-06-30 - 2026-09-28","4.00","0.00","0.00","4.00","","0.00","0.00","","1.00","0.00","0.00","3.00","","3.00","0.00","0.00","4.33","","0.00","0.00","","",""
"складной столик в авто","2026-06-30 - 2026-09-28","4.00","0.00","0.00","13.00","","0.00","0.00","","0.00","0.00","","","","0.00","0.00","","","","4.00","0.00","0.00","13.00",""
"стеклянная накладка на вентиляционный люк","2026-06-30 - 2026-09-28","4.00","0.00","0.00","3.50","","0.00","0.00","","2.00","0.00","0.00","3.00","","2.00","0.00","0.00","4.00","","0.00","0.00","","",""
"автодиван в салон соболь","2026-06-30 - 2026-09-28","4.00","0.00","0.00","4.00","","0.00","0.00","","0.00","0.00","","","","4.00","0.00","0.00","4.00","","0.00","0.00","","",""
"сиденья луидор","2026-06-30 - 2026-09-28","4.00","0.00","0.00","8.50","","0.00","0.00","","0.00","0.00","","","","3.00","0.00","0.00","6.67","","1.00","0.00","0.00","14.00",""
"шторки спринтер","2026-06-30 - 2026-09-28","4.00","0.00","0.00","9.25","","0.00","0.00","","0.00","0.00","","","","2.00","0.00","0.00","6.50","","2.00","0.00","0.00","12.00",""
"магазин автозапчастей для микроавтобусов","2026-06-30 - 2026-09-28","4.00","0.00","0.00","6.00","","0.00","0.00","","0.00","0.00","","","","4.00","0.00","0.00","6.00","","0.00","0.00","","",""
"боковая подножка пежо боксер","2026-06-30 - 2026-09-28","4.00","0.00","0.00","3.00","","2.00","0.00","0.00","1.00","0.00","0.00","2.00","","1.00","0.00","0.00","8.00","","0.00","0.00","","",""
"сиденья с откидной спинкой передние","2026-06-30 - 2026-09-28","4.00","0.00","0.00","8.75","","0.00","0.00","","0.00","0.00","","","","3.00","0.00","0.00","7.33","","1.00","0.00","0.00","13.00",""
"ремни безопасности от автобуса","2026-06-30 - 2026-09-28","4.00","0.00","0.00","11.25","","0.00","0.00","","0.00","0.00","","","","0.00","0.00","","","","4.00","0.00","0.00","11.25",""
"купить кузовное боковое заднее стекло на ивеко дели","2026-06-30 - 2026-09-28","4.00","2.00","50.00","7.50","7.50","0.00","0.00","","0.00","0.00","","","","4.00","2.00","50.00","7.50","7.50","0.00","0.00","","",""
"багажник рюкзак для микроавтобуса","2026-06-30 - 2026-09-28","4.00","2.00","50.00","2.50","2.00","0.00","0.00","","3.00","2.00","66.67","2.00","2.00","1.00","0.00","0.00","4.00","","0.00","0.00","","",""
"шумка для автобуса","2026-06-30 - 2026-09-28","4.00","0.00","0.00","2.50","","0.00","0.00","","4.00","0.00","0.00","2.50","","0.00","0.00","","","","0.00","0.00","","",""
"микроавтобус знаки наклейки","2026-06-30 - 2026-09-28","4.00","0.00","0.00","7.50","","0.00","0.00","","0.00","0.00","","","","4.00","0.00","0.00","7.50","","0.00","0.00","","",""
"подиум для гроба в авто купить","2026-06-30 - 2026-09-28","4.00","0.00","0.00","2.25","","1.00","0.00","0.00","3.00","0.00","0.00","2.67","","0.00","0.00","","","","0.00","0.00","","",""
"поручни в транспорте","2026-06-30 - 2026-09-28","4.00","0.00","0.00","10.00","","0.00","0.00","","0.00","0.00","","","","1.00","0.00","0.00","7.00","","3.00","0.00","0.00","11.00",""
"уголки на подножки на автомобиль","2026-06-30 - 2026-09-28","4.00","0.00","0.00","5.25","","0.00","0.00","","1.00","0.00","0.00","3.00","","3.00","0.00","0.00","6.00","","0.00","0.00","","",""
"линолеум в автобус","2026-06-30 - 2026-09-28","4.00","1.00","25.00","16.75","16.00","0.00","0.00","","0.00","0.00","","","","1.00","0.00","0.00","9.00","","3.00","1.00","33.33","19.33","16.00"
"тюнинг автобусов","2026-06-30 - 2026-09-28","4.00","0.00","0.00","45.50","","0.00","0.00","","0.00","0.00","","","","0.00","0.00","","","","4.00","0.00","0.00","45.50",""
"переоборудование микроавтобусов","2026-06-30 - 2026-09-28","4.00","0.00","0.00","23.25","","0.00","0.00","","0.00","0.00","","","","0.00","0.00","","","","4.00","0.00","0.00","23.25",""
"подножка кузова правая пассажирским сиденьем","2026-06-30 - 2026-09-28","4.00","0.00","0.00","4.75","","0.00","0.00","","1.00","0.00","0.00","3.00","","3.00","0.00","0.00","5.33","","0.00","0.00","","",""
"пассажирского сидения","2026-06-30 - 2026-09-28","4.00","0.00","0.00","8.25","","0.00","0.00","","0.00","0.00","","","","3.00","0.00","0.00","7.33","","1.00","0.00","0.00","11.00",""
"столик на сиденье автомобиля","2026-06-30 - 2026-09-28","4.00","0.00","0.00","9.00","","0.00","0.00","","0.00","0.00","","","","3.00","0.00","0.00","8.00","","1.00","0.00","0.00","12.00",""
"подиум под гроб дром","2026-06-30 - 2026-09-28","4.00","0.00","0.00","7.75","","0.00","0.00","","0.00","0.00","","","","4.00","0.00","0.00","7.75","","0.00","0.00","","",""
"купить поручень для микроавтобуса","2026-06-30 - 2026-09-28","4.00","1.00","25.00","9.50","11.00","0.00","0.00","","0.00","0.00","","","","3.00","0.00","0.00","9.00","","1.00","1.00","100.00","11.00","11.00"
"сиденья халаш","2026-06-30 - 2026-09-28","4.00","0.00","0.00","8.75","","0.00","0.00","","0.00","0.00","","","","3.00","0.00","0.00","7.33","","1.00","0.00","0.00","13.00",""
"шторки на окна автобуса","2026-06-30 - 2026-09-28","4.00","1.00","25.00","8.75","8.00","0.00","0.00","","0.00","0.00","","","","3.00","1.00","33.33","8.00","8.00","1.00","0.00","0.00","11.00",""
"стекло люка машины размером 1100мм на 800 мм","2026-06-30 - 2026-09-28","4.00","0.00","0.00","4.50","","0.00","0.00","","0.00","0.00","","","","4.00","0.00","0.00","4.50","","0.00","0.00","","",""
"автоматическая сдвижная дверь на микроавтобус","2026-06-30 - 2026-09-28","4.00","0.00","0.00","12.75","","0.00","0.00","","0.00","0.00","","","","1.00","0.00","0.00","7.00","","3.00","0.00","0.00","14.67",""
"карты дверей пежо боксер 2025","2026-06-30 - 2026-09-28","4.00","0.00","0.00","10.25","","0.00","0.00","","0.00","0.00","","","","2.00","0.00","0.00","7.50","","2.00","0.00","0.00","13.00",""
"купить сидения для микра автобуса с салазками в комплекте","2026-06-30 - 2026-09-28","4.00","0.00","0.00","7.75","","0.00","0.00","","0.00","0.00","","","","4.00","0.00","0.00","7.75","","0.00","0.00","","",""
"хром накладка на спринтер","2026-06-30 - 2026-09-28","4.00","0.00","0.00","5.75","","0.00","0.00","","0.00","0.00","","","","4.00","0.00","0.00","5.75","","0.00","0.00","","",""
"столик в газ соболь","2026-06-30 - 2026-09-28","4.00","0.00","0.00","4.25","","0.00","0.00","","2.00","0.00","0.00","3.00","","2.00","0.00","0.00","5.50","","0.00","0.00","","",""
"купить сиденье автобуса в новгородской области","2026-06-30 - 2026-09-28","4.00","0.00","0.00","8.00","","0.00","0.00","","0.00","0.00","","","","4.00","0.00","0.00","8.00","","0.00","0.00","","",""
"газель бизнес уплотнитель аварийного люка","2026-06-30 - 2026-09-28","4.00","1.00","25.00","5.75","4.00","0.00","0.00","","0.00","0.00","","","","4.00","1.00","25.00","5.75","4.00","0.00","0.00","","",""
"купить боковую подножку на микроавтобус","2026-06-30 - 2026-09-28","4.00","3.00","75.00","4.75","2.33","1.00","2.00","200.00","0.00","0.00","","","","3.00","1.00","33.33","6.00","5.00","0.00","0.00","","",""
"комплект сидений в микроавтобус","2026-06-30 - 2026-09-28","4.00","0.00","0.00","8.50","","0.00","0.00","","0.00","0.00","","","","4.00","0.00","0.00","8.50","","0.00","0.00","","",""
"нескольское половое покрытие для автобуса","2026-06-30 - 2026-09-28","4.00","0.00","0.00","7.50","","0.00","0.00","","0.00","0.00","","","","4.00","0.00","0.00","7.50","","0.00","0.00","","",""
"где в калининграде купить поручни для автобусов и трамваев","2026-06-30 - 2026-09-28","4.00","0.00","0.00","8.50","","0.00","0.00","","0.00","0.00","","","","4.00","0.00","0.00","8.50","","0.00","0.00","","",""
"диван раздвижной в газель","2026-06-30 - 2026-09-28","4.00","0.00","0.00","6.50","","0.00","0.00","","0.00","0.00","","","","4.00","0.00","0.00","6.50","","0.00","0.00","","",""
"подножка для газели задняя некст","2026-06-30 - 2026-09-28","4.00","0.00","0.00","2.50","","0.00","0.00","","4.00","0.00","0.00","2.50","","0.00","0.00","","","","0.00","0.00","","",""
"перегородка в микроавтобус","2026-06-30 - 2026-09-28","4.00","0.00","0.00","9.25","","0.00","0.00","","0.00","0.00","","","","2.00","0.00","0.00","6.00","","2.00","0.00","0.00","12.50",""
"боковое стекло двери фольксваген крафтер","2026-06-30 - 2026-09-28","4.00","0.00","0.00","11.00","","0.00","0.00","","0.00","0.00","","","","2.00","0.00","0.00","9.50","","2.00","0.00","0.00","12.50",""
"навесной багажник для мерседес купить","2026-06-30 - 2026-09-28","4.00","0.00","0.00","6.75","","0.00","0.00","","0.00","0.00","","","","4.00","0.00","0.00","6.75","","0.00","0.00","","",""
"разболтались салазки для перемещения сидений с перегородкой в микроавтобусе","2026-06-30 - 2026-09-28","4.00","0.00","0.00","9.75","","0.00","0.00","","0.00","0.00","","","","2.00","0.00","0.00","8.50","","2.00","0.00","0.00","11.00",""
"сидения трансформер для микроавтобуса на рельсах","2026-06-30 - 2026-09-28","4.00","0.00","0.00","2.00","","0.00","0.00","","4.00","0.00","0.00","2.00","","0.00","0.00","","","","0.00","0.00","","",""
"подлокотник на сиденье для микроавтобуса","2026-06-30 - 2026-09-28","4.00","0.00","0.00","9.00","","0.00","0.00","","0.00","0.00","","","","3.00","0.00","0.00","8.33","","1.00","0.00","0.00","11.00",""
"купить столик для соболь 4х4","2026-06-30 - 2026-09-28","4.00","0.00","0.00","5.00","","0.00","0.00","","0.00","0.00","","","","4.00","0.00","0.00","5.00","","0.00","0.00","","",""
"ремень трехточечный для автобуса","2026-06-30 - 2026-09-28","4.00","0.00","0.00","11.50","","0.00","0.00","","0.00","0.00","","","","0.00","0.00","","","","4.00","0.00","0.00","11.50",""
"накладка на окно микроавтобуса","2026-06-30 - 2026-09-28","4.00","0.00","0.00","6.25","","0.00","0.00","","0.00","0.00","","","","4.00","0.00","0.00","6.25","","0.00","0.00","","",""
"нежная подсветка салона микроавтобуса","2026-06-30 - 2026-09-28","4.00","0.00","0.00","12.75","","0.00","0.00","","0.00","0.00","","","","0.00","0.00","","","","4.00","0.00","0.00","12.75",""
"пластик салона форд транзит","2026-06-30 - 2026-09-28","4.00","0.00","0.00","6.50","","0.00","0.00","","1.00","0.00","0.00","2.00","","3.00","0.00","0.00","8.00","","0.00","0.00","","",""
"тур полки","2026-06-30 - 2026-09-28","4.00","0.00","0.00","10.75","","0.00","0.00","","0.00","0.00","","","","2.00","0.00","0.00","10.00","","2.00","0.00","0.00","11.50",""
"ремонтные запчасти на фиат дукато подножка боковая правая","2026-06-30 - 2026-09-28","4.00","0.00","0.00","5.50","","0.00","0.00","","0.00","0.00","","","","4.00","0.00","0.00","5.50","","0.00","0.00","","",""
"привод кроко 202 комплект","2026-06-30 - 2026-09-28","4.00","0.00","0.00","11.00","","0.00","0.00","","0.00","0.00","","","","2.00","0.00","0.00","8.00","","2.00","0.00","0.00","14.00",""
"купить люк на крышу автобуса","2026-06-30 - 2026-09-28","4.00","1.00","25.00","6.25","4.00","0.00","0.00","","0.00","0.00","","","","4.00","1.00","25.00","6.25","4.00","0.00","0.00","","",""
"сиденья на автобус купить новые","2026-06-30 - 2026-09-28","4.00","2.00","50.00","2.50","3.00","0.00","0.00","","3.00","1.00","33.33","2.00","2.00","1.00","1.00","100.00","4.00","4.00","0.00","0.00","","",""
"лампочка капелька","2026-06-30 - 2026-09-28","4.00","0.00","0.00","12.50","","0.00","0.00","","0.00","0.00","","","","0.00","0.00","","","","4.00","0.00","0.00","12.50",""
"водительское кресло купить","2026-06-30 - 2026-09-28","4.00","0.00","0.00","25.25","","0.00","0.00","","0.00","0.00","","","","0.00","0.00","","","","4.00","0.00","0.00","25.25",""
"диван раскладной в микроавтобус","2026-06-30 - 2026-09-28","4.00","0.00","0.00","6.75","","0.00","0.00","","0.00","0.00","","","","3.00","0.00","0.00","5.33","","1.00","0.00","0.00","11.00",""
"шторки водителя трамвая купить","2026-06-30 - 2026-09-28","4.00","0.00","0.00","8.00","","0.00","0.00","","0.00","0.00","","","","3.00","0.00","0.00","6.67","","1.00","0.00","0.00","12.00",""
"установка боковых подножек на микроавтобус в спб","2026-06-30 - 2026-09-28","4.00","1.00","25.00","19.50","22.00","0.00","0.00","","0.00","0.00","","","","0.00","0.00","","","","4.00","1.00","25.00","19.50","22.00"
"подножка для фургона газель","2026-06-30 - 2026-09-28","4.00","0.00","0.00","8.25","","0.00","0.00","","0.00","0.00","","","","4.00","0.00","0.00","8.25","","0.00","0.00","","",""
"сидение столик","2026-06-30 - 2026-09-28","4.00","0.00","0.00","11.25","","0.00","0.00","","0.00","0.00","","","","1.00","0.00","0.00","10.00","","3.00","0.00","0.00","11.67",""
"bus parts","2026-06-30 - 2026-09-28","4.00","0.00","0.00","9.00","","0.00","0.00","","0.00","0.00","","","","3.00","0.00","0.00","8.33","","1.00","0.00","0.00","11.00",""
"петля для штор в автомобиль","2026-06-30 - 2026-09-28","4.00","0.00","0.00","11.00","","0.00","0.00","","0.00","0.00","","","","1.00","0.00","0.00","9.00","","3.00","0.00","0.00","11.67",""
"фурнитура для туристических стульев","2026-06-30 - 2026-09-28","4.00","0.00","0.00","11.50","","0.00","0.00","","0.00","0.00","","","","0.00","0.00","","","","4.00","0.00","0.00","11.50",""
"сиденье волга люкс","2026-06-30 - 2026-09-28","4.00","0.00","0.00","11.25","","0.00","0.00","","0.00","0.00","","","","2.00","0.00","0.00","9.00","","2.00","0.00","0.00","13.50",""
"рюкзак для микроавтобуса","2026-06-30 - 2026-09-28","4.00","1.00","25.00","4.00","4.00","0.00","0.00","","1.00","0.00","0.00","3.00","","3.00","1.00","33.33","4.33","4.00","0.00","0.00","","",""
"столик в микроавтобус фото","2026-06-30 - 2026-09-28","4.00","0.00","0.00","6.50","","0.00","0.00","","0.00","0.00","","","","4.00","0.00","0.00","6.50","","0.00","0.00","","",""
"люк от автобуса","2026-06-30 - 2026-09-28","4.00","0.00","0.00","12.25","","0.00","0.00","","0.00","0.00","","","","0.00","0.00","","","","4.00","0.00","0.00","12.25",""
"сиденье газель nn","2026-06-30 - 2026-09-28","4.00","0.00","0.00","9.00","","1.00","0.00","0.00","0.00","0.00","","","","0.00","0.00","","","","3.00","0.00","0.00","11.67",""
"постамент для гроба","2026-06-30 - 2026-09-28","4.00","1.00","25.00","9.50","4.00","0.00","0.00","","1.00","0.00","0.00","2.00","","2.00","1.00","50.00","7.00","4.00","1.00","0.00","0.00","22.00",""
"купить сиденья от микроавтобуса","2026-06-30 - 2026-09-28","4.00","0.00","0.00","4.00","","0.00","0.00","","1.00","0.00","0.00","3.00","","3.00","0.00","0.00","4.33","","0.00","0.00","","",""
"отделка салона для автобуса","2026-06-30 - 2026-09-28","4.00","0.00","0.00","9.00","","0.00","0.00","","0.00","0.00","","","","4.00","0.00","0.00","9.00","","0.00","0.00","","",""
"кресло гида в автобус купить","2026-06-30 - 2026-09-28","4.00","1.00","25.00","5.25","5.00","0.00","0.00","","0.00","0.00","","","","4.00","1.00","25.00","5.25","5.00","0.00","0.00","","",""
"багажник в маршрутке","2026-06-30 - 2026-09-28","4.00","0.00","0.00","8.50","","0.00","0.00","","0.00","0.00","","","","2.00","0.00","0.00","5.00","","2.00","0.00","0.00","12.00",""
"оборудование для микроавтобусов","2026-06-30 - 2026-09-28","4.00","0.00","0.00","6.50","","0.00","0.00","","1.00","0.00","0.00","3.00","","3.00","0.00","0.00","7.67","","0.00","0.00","","",""
"диван автомобиль","2026-06-30 - 2026-09-28","4.00","0.00","0.00","12.75","","0.00","0.00","","0.00","0.00","","","","2.00","0.00","0.00","5.50","","2.00","0.00","0.00","20.00",""
"подножка самодельная для микроавтобуса пассажирская форд транзит 2017 г","2026-06-30 - 2026-09-28","4.00","2.00","50.00","5.00","3.00","0.00","0.00","","1.00","1.00","100.00","2.00","2.00","3.00","1.00","33.33","6.00","4.00","0.00","0.00","","",""
"поворотный механизм для кресла","2026-06-30 - 2026-09-28","4.00","0.00","0.00","34.25","","0.00","0.00","","0.00","0.00","","","","0.00","0.00","","","","4.00","0.00","0.00","34.25",""
"столик от баргузина","2026-06-30 - 2026-09-28","4.00","0.00","0.00","2.75","","1.00","0.00","0.00","2.00","0.00","0.00","3.00","","1.00","0.00","0.00","4.00","","0.00","0.00","","",""
"поручень для общественного транспорта","2026-06-30 - 2026-09-28","4.00","0.00","0.00","6.50","","0.00","0.00","","0.00","0.00","","","","4.00","0.00","0.00","6.50","","0.00","0.00","","",""
"сиденье автобуса пассажирское","2026-06-30 - 2026-09-28","4.00","0.00","0.00","8.25","","0.00","0.00","","0.00","0.00","","","","4.00","0.00","0.00","8.25","","0.00","0.00","","",""
"хром накладки под ручки дверей мерседес спринтер классик","2026-06-30 - 2026-09-28","4.00","1.00","25.00","4.00","6.00","2.00","0.00","0.00","0.00","0.00","","","","2.00","1.00","50.00","7.00","6.00","0.00","0.00","","",""
"пассажирские сиденья в машине","2026-06-30 - 2026-09-28","4.00","0.00","0.00","6.50","","0.00","0.00","","0.00","0.00","","","","4.00","0.00","0.00","6.50","","0.00","0.00","","",""
"приточная вытяжка фву для автобуса, микроавтобуса","2026-06-30 - 2026-09-28","4.00","0.00","0.00","5.25","","0.00","0.00","","0.00","0.00","","","","4.00","0.00","0.00","5.25","","0.00","0.00","","",""
"сидения в микроавтобус","2026-06-30 - 2026-09-28","4.00","0.00","0.00","5.00","","0.00","0.00","","1.00","0.00","0.00","3.00","","3.00","0.00","0.00","5.67","","0.00","0.00","","",""
"купить отопитель на автобус салонный в комсомольске на амуре","2026-06-30 - 2026-09-28","4.00","0.00","0.00","10.00","","0.00","0.00","","0.00","0.00","","","","2.00","0.00","0.00","7.00","","2.00","0.00","0.00","13.00",""
"сиденье на минивэн купить","2026-06-30 - 2026-09-28","4.00","0.00","0.00","4.25","","0.00","0.00","","2.00","0.00","0.00","2.50","","2.00","0.00","0.00","6.00","","0.00","0.00","","",""
"купить наклейки в автобус","2026-06-30 - 2026-09-28","4.00","0.00","0.00","11.25","","0.00","0.00","","0.00","0.00","","","","0.00","0.00","","","","4.00","0.00","0.00","11.25",""
"декоративная накладка на бензобак крафтер","2026-06-30 - 2026-09-28","4.00","0.00","0.00","5.00","","0.00","0.00","","0.00","0.00","","","","4.00","0.00","0.00","5.00","","0.00","0.00","","",""
"откидной стол в микроавтобус","2026-06-30 - 2026-09-28","4.00","1.00","25.00","3.00","2.00","0.00","0.00","","3.00","1.00","33.33","2.33","2.00","1.00","0.00","0.00","5.00","","0.00","0.00","","",""
"обшивка кузова пежо боксер","2026-06-30 - 2026-09-28","4.00","0.00","0.00","9.50","","0.00","0.00","","0.00","0.00","","","","2.00","0.00","0.00","6.50","","2.00","0.00","0.00","12.50",""
"раскладной диван в автомобиль","2026-06-30 - 2026-09-28","4.00","1.00","25.00","9.00","8.00","0.00","0.00","","0.00","0.00","","","","3.00","1.00","33.33","8.33","8.00","1.00","0.00","0.00","11.00",""
"купить сиденья автобус паз","2026-06-30 - 2026-09-28","4.00","0.00","0.00","11.25","","0.00","0.00","","0.00","0.00","","","","1.00","0.00","0.00","10.00","","3.00","0.00","0.00","11.67",""
"спальный диван в газель","2026-06-30 - 2026-09-28","4.00","0.00","0.00","9.25","","0.00","0.00","","0.00","0.00","","","","3.00","0.00","0.00","8.33","","1.00","0.00","0.00","12.00",""
"накладки под ручки дверей мерседес спринтер классик","2026-06-30 - 2026-09-28","4.00","0.00","0.00","10.50","","0.00","0.00","","0.00","0.00","","","","2.00","0.00","0.00","5.00","","2.00","0.00","0.00","16.00",""
"ручка на спинку сиденья автобуса","2026-06-30 - 2026-09-28","4.00","0.00","0.00","9.00","","0.00","0.00","","0.00","0.00","","","","3.00","0.00","0.00","8.00","","1.00","0.00","0.00","12.00",""
"стекло боковое на автобус газ некст тонированное","2026-06-30 - 2026-09-28","4.00","0.00","0.00","6.50","","0.00","0.00","","0.00","0.00","","","","4.00","0.00","0.00","6.50","","0.00","0.00","","",""
"задний диван микроавтобус","2026-06-30 - 2026-09-28","4.00","0.00","0.00","8.00","","0.00","0.00","","0.00","0.00","","","","3.00","0.00","0.00","7.00","","1.00","0.00","0.00","11.00",""
"раскладной столик (с держателем напитков) в подстаканник авто","2026-06-30 - 2026-09-28","4.00","0.00","0.00","12.25","","0.00","0.00","","0.00","0.00","","","","0.00","0.00","","","","4.00","0.00","0.00","12.25",""
"диван в соболь 4х4 купить","2026-06-30 - 2026-09-28","4.00","0.00","0.00","6.50","","0.00","0.00","","1.00","0.00","0.00","2.00","","3.00","0.00","0.00","8.00","","0.00","0.00","","",""
"фурнитура автобуса","2026-06-30 - 2026-09-28","4.00","0.00","0.00","3.50","","0.00","0.00","","3.00","0.00","0.00","2.33","","1.00","0.00","0.00","7.00","","0.00","0.00","","",""
"автомобильное кресло пассажирское купить","2026-06-30 - 2026-09-28","4.00","0.00","0.00","9.00","","0.00","0.00","","0.00","0.00","","","","4.00","0.00","0.00","9.00","","0.00","0.00","","",""
"ремень безопасности трехточечный инерционный купить","2026-06-30 - 2026-09-28","4.00","0.00","0.00","9.75","","0.00","0.00","","0.00","0.00","","","","2.00","0.00","0.00","7.50","","2.00","0.00","0.00","12.00",""
"тумба для сиденья","2026-06-30 - 2026-09-28","4.00","0.00","0.00","9.00","","0.00","0.00","","0.00","0.00","","","","3.00","0.00","0.00","7.67","","1.00","0.00","0.00","13.00",""
"передние сидение пассажира соболь раздвижное","2026-06-30 - 2026-09-28","4.00","0.00","0.00","9.00","","0.00","0.00","","0.00","0.00","","","","4.00","0.00","0.00","9.00","","0.00","0.00","","",""
"газ соболь сиденья с разворотом и столик","2026-06-30 - 2026-09-28","4.00","0.00","0.00","9.50","","0.00","0.00","","0.00","0.00","","","","2.00","0.00","0.00","8.00","","2.00","0.00","0.00","11.00",""
"купить диван на авто спринтер","2026-06-30 - 2026-09-28","4.00","1.00","25.00","7.25","6.00","0.00","0.00","","0.00","0.00","","","","4.00","1.00","25.00","7.25","6.00","0.00","0.00","","",""
"сиденья для микроавтобусов турция","2026-06-30 - 2026-09-28","4.00","0.00","0.00","5.25","","0.00","0.00","","0.00","0.00","","","","4.00","0.00","0.00","5.25","","0.00","0.00","","",""
"газель сидушка диван","2026-06-30 - 2026-09-28","4.00","0.00","0.00","12.75","","0.00","0.00","","0.00","0.00","","","","0.00","0.00","","","","4.00","0.00","0.00","12.75",""
"автобусный столик","2026-06-30 - 2026-09-28","4.00","0.00","0.00","7.50","","0.00","0.00","","0.00","0.00","","","","4.00","0.00","0.00","7.50","","0.00","0.00","","",""
"купить сиденья трансформер на рельсах для микроавтобуса","2026-06-30 - 2026-09-28","4.00","0.00","0.00","5.50","","0.00","0.00","","1.00","0.00","0.00","3.00","","3.00","0.00","0.00","6.33","","0.00","0.00","","",""
"автомобильные пассажирские турецкие кресла в автобус форд транзит","2026-06-30 - 2026-09-28","4.00","2.00","50.00","1.00","1.00","4.00","2.00","50.00","0.00","0.00","","","","0.00","0.00","","","","0.00","0.00","","",""
"задние сиденья на минивэны","2026-06-30 - 2026-09-28","4.00","1.00","25.00","10.50","12.00","0.00","0.00","","0.00","0.00","","","","2.00","0.00","0.00","9.50","","2.00","1.00","50.00","11.50","12.00"
"шторки на газель некс","2026-06-30 - 2026-09-28","4.00","0.00","0.00","7.75","","0.00","0.00","","0.00","0.00","","","","4.00","0.00","0.00","7.75","","0.00","0.00","","",""
"салазки в авто с ходом 250мм","2026-06-30 - 2026-09-28","4.00","0.00","0.00","3.00","","1.00","0.00","0.00","2.00","0.00","0.00","3.00","","1.00","0.00","0.00","5.00","","0.00","0.00","","",""
"купить кресло передние пассажирское","2026-06-30 - 2026-09-28","4.00","0.00","0.00","9.00","","0.00","0.00","","0.00","0.00","","","","3.00","0.00","0.00","8.33","","1.00","0.00","0.00","11.00",""
"шторка в газель","2026-06-30 - 2026-09-28","4.00","0.00","0.00","7.75","","0.00","0.00","","0.00","0.00","","","","3.00","0.00","0.00","6.67","","1.00","0.00","0.00","11.00",""
"сидения салона fiat ducato, peugeot boxer","2026-06-30 - 2026-09-28","4.00","0.00","0.00","9.00","","0.00","0.00","","0.00","0.00","","","","4.00","0.00","0.00","9.00","","0.00","0.00","","",""
"idea-eng002","2026-06-30 - 2026-09-28","4.00","0.00","0.00","10.25","","0.00","0.00","","0.00","0.00","","","","2.00","0.00","0.00","9.00","","2.00","0.00","0.00","11.50",""
"фольга изолон цена mosfol-zavod.ru","2026-06-30 - 2026-09-28","4.00","0.00","0.00","10.75","","0.00","0.00","","0.00","0.00","","","","2.00","0.00","0.00","8.00","","2.00","0.00","0.00","13.50",""
"сиденье экскурсовода","2026-06-30 - 2026-09-28","4.00","0.00","0.00","3.75","","0.00","0.00","","2.00","0.00","0.00","2.50","","2.00","0.00","0.00","5.00","","0.00","0.00","","",""
"шторы на газель в черкесске купить","2026-06-30 - 2026-09-28","4.00","0.00","0.00","11.50","","0.00","0.00","","0.00","0.00","","","","1.00","0.00","0.00","10.00","","3.00","0.00","0.00","12.00",""
"купить кресло водительское","2026-06-30 - 2026-09-28","4.00","0.00","0.00","17.50","","0.00","0.00","","0.00","0.00","","","","1.00","0.00","0.00","7.00","","3.00","0.00","0.00","21.00",""
"купить занавески на микроавтобус","2026-06-30 - 2026-09-28","4.00","0.00","0.00","6.75","","0.00","0.00","","0.00","0.00","","","","4.00","0.00","0.00","6.75","","0.00","0.00","","",""
"сиденье пассажирское соболь","2026-06-30 - 2026-09-28","4.00","0.00","0.00","9.25","","0.00","0.00","","0.00","0.00","","","","2.00","0.00","0.00","7.50","","2.00","0.00","0.00","11.00",""
"направляющие сиденья","2026-06-30 - 2026-09-28","4.00","0.00","0.00","6.75","","0.00","0.00","","0.00","0.00","","","","4.00","0.00","0.00","6.75","","0.00","0.00","","",""
"купить туристические сидения в мерседес принтер","2026-06-30 - 2026-09-28","4.00","0.00","0.00","8.00","","0.00","0.00","","0.00","0.00","","","","4.00","0.00","0.00","8.00","","0.00","0.00","","",""
"бизнес сиденья для автомобиля","2026-06-30 - 2026-09-28","4.00","0.00","0.00","10.50","","0.00","0.00","","0.00","0.00","","","","2.00","0.00","0.00","9.50","","2.00","0.00","0.00","11.50",""
"багажник на крышу микроавтобуса","2026-06-30 - 2026-09-28","4.00","0.00","0.00","13.75","","0.00","0.00","","0.00","0.00","","","","3.00","0.00","0.00","9.67","","1.00","0.00","0.00","26.00",""
"плафон освещения салона микроавтобуса","2026-06-30 - 2026-09-28","4.00","4.00","100.00","7.00","7.00","0.00","0.00","","0.00","0.00","","","","3.00","3.00","100.00","5.00","5.00","1.00","1.00","100.00","13.00","13.00"
"модульное освещение в микроавтобус","2026-06-30 - 2026-09-28","4.00","0.00","0.00","10.25","","0.00","0.00","","0.00","0.00","","","","2.00","0.00","0.00","9.00","","2.00","0.00","0.00","11.50",""
"шторы для микроавтобуса в салон","2026-06-30 - 2026-09-28","4.00","0.00","0.00","8.50","","0.00","0.00","","0.00","0.00","","","","2.00","0.00","0.00","6.00","","2.00","0.00","0.00","11.00",""
"раскладной автодиван","2026-06-30 - 2026-09-28","4.00","0.00","0.00","5.25","","0.00","0.00","","0.00","0.00","","","","4.00","0.00","0.00","5.25","","0.00","0.00","","",""
"авито по всей россии купить новую или бу в отличном состоянии подножку правую на автобус мерседес спринтер классик 909 2017г в кабину пластиковую","2026-06-30 - 2026-09-28","4.00","0.00","0.00","7.75","","0.00","0.00","","0.00","0.00","","","","4.00","0.00","0.00","7.75","","0.00","0.00","","",""
"купить сиденья в микроавтобус в салон","2026-06-30 - 2026-09-28","4.00","0.00","0.00","7.50","","0.00","0.00","","0.00","0.00","","","","4.00","0.00","0.00","7.50","","0.00","0.00","","",""
"сиденье пассажирское раскладное бусик","2026-06-30 - 2026-09-28","4.00","0.00","0.00","9.25","","0.00","0.00","","0.00","0.00","","","","3.00","0.00","0.00","8.67","","1.00","0.00","0.00","11.00",""
"ремень безопасности инерционный","2026-06-30 - 2026-09-28","4.00","0.00","0.00","15.25","","0.00","0.00","","0.00","0.00","","","","1.00","0.00","0.00","9.00","","3.00","0.00","0.00","17.33",""
"купить бархотный подзуни для сдвижение форточки в автобусах","2026-06-30 - 2026-09-28","4.00","0.00","0.00","5.00","","0.00","0.00","","0.00","0.00","","","","4.00","0.00","0.00","5.00","","0.00","0.00","","",""
"светильник автобус","2026-06-30 - 2026-09-28","4.00","0.00","0.00","8.00","","0.00","0.00","","1.00","0.00","0.00","3.00","","1.00","0.00","0.00","6.00","","2.00","0.00","0.00","11.50",""
"рельсы для автокресла","2026-06-30 - 2026-09-28","4.00","0.00","0.00","9.50","","0.00","0.00","","0.00","0.00","","","","2.00","0.00","0.00","7.50","","2.00","0.00","0.00","11.50",""
"купить раскладной диван в газель","2026-06-30 - 2026-09-28","4.00","0.00","0.00","9.75","","0.00","0.00","","0.00","0.00","","","","3.00","0.00","0.00","8.67","","1.00","0.00","0.00","13.00",""
"пассажирское сиденье для газ 22171","2026-06-30 - 2026-09-28","4.00","5.00","125.00","5.50","5.60","0.00","0.00","","0.00","0.00","","","","4.00","5.00","125.00","5.50","5.60","0.00","0.00","","",""
"автомобильный диван-трансформер тандем","2026-06-30 - 2026-09-28","4.00","0.00","0.00","4.50","","0.00","0.00","","2.00","0.00","0.00","3.00","","2.00","0.00","0.00","6.00","","0.00","0.00","","",""
"поворотный механизм сиденья автомобиля соболь","2026-06-30 - 2026-09-28","4.00","0.00","0.00","8.00","","0.00","0.00","","0.00","0.00","","","","4.00","0.00","0.00","8.00","","0.00","0.00","","",""
"шторки для микроавтобусов","2026-06-30 - 2026-09-28","4.00","0.00","0.00","4.25","","1.00","0.00","0.00","0.00","0.00","","","","3.00","0.00","0.00","5.33","","0.00","0.00","","",""
"шторки для мерседес спринтер","2026-06-30 - 2026-09-28","4.00","0.00","0.00","8.00","","0.00","0.00","","0.00","0.00","","","","4.00","0.00","0.00","8.00","","0.00","0.00","","",""
"катушка - ретрактор для фиксации инвалидной коляски","2026-06-30 - 2026-09-28","4.00","1.00","25.00","1.00","1.00","4.00","1.00","25.00","0.00","0.00","","","","0.00","0.00","","","","0.00","0.00","","",""
"купить сидения от минивена","2026-06-30 - 2026-09-28","4.00","0.00","0.00","9.25","","0.00","0.00","","0.00","0.00","","","","4.00","0.00","0.00","9.25","","0.00","0.00","","",""
"электропривод сдвижной двери микроавтобуса","2026-06-30 - 2026-09-28","4.00","1.00","25.00","6.75","7.00","0.00","0.00","","1.00","0.00","0.00","2.00","","3.00","1.00","33.33","8.33","7.00","0.00","0.00","","",""
"купить сиденье для для микроавтобуса","2026-06-30 - 2026-09-28","4.00","0.00","0.00","5.00","","0.00","0.00","","0.00","0.00","","","","4.00","0.00","0.00","5.00","","0.00","0.00","","",""
"стекло боковое мерседес спринтер классик","2026-06-30 - 2026-09-28","4.00","0.00","0.00","11.50","","0.00","0.00","","0.00","0.00","","","","1.00","0.00","0.00","9.00","","3.00","0.00","0.00","12.33",""
"пассажирский пояс","2026-06-30 - 2026-09-28","4.00","0.00","0.00","7.00","","0.00","0.00","","0.00","0.00","","","","4.00","0.00","0.00","7.00","","0.00","0.00","","",""
"купить турецкие сиденья в автобус в турции","2026-06-30 - 2026-09-28","4.00","1.00","25.00","3.00","4.00","0.00","0.00","","3.00","0.00","0.00","2.67","","1.00","1.00","100.00","4.00","4.00","0.00","0.00","","",""
"салон для баргузина ривьера купить","2026-06-30 - 2026-09-28","4.00","1.00","25.00","18.25","20.00","0.00","0.00","","0.00","0.00","","","","0.00","0.00","","","","4.00","1.00","25.00","18.25","20.00"
"диван для газ соболь","2026-06-30 - 2026-09-28","4.00","1.00","25.00","8.75","9.00","0.00","0.00","","0.00","0.00","","","","4.00","1.00","25.00","8.75","9.00","0.00","0.00","","",""
"столик складной в автобус паз","2026-06-30 - 2026-09-28","4.00","1.00","25.00","4.25","5.00","0.00","0.00","","1.00","0.00","0.00","2.00","","3.00","1.00","33.33","5.00","5.00","0.00","0.00","","",""
"сиденья ривьера","2026-06-30 - 2026-09-28","4.00","1.00","25.00","14.75","10.00","0.00","0.00","","0.00","0.00","","","","2.00","1.00","50.00","9.50","10.00","2.00","0.00","0.00","20.00",""
"сиденья пульман купить","2026-06-30 - 2026-09-28","4.00","0.00","0.00","3.25","","0.00","0.00","","3.00","0.00","0.00","3.00","","1.00","0.00","0.00","4.00","","0.00","0.00","","",""
"сиденья для минивэна купить","2026-06-30 - 2026-09-28","4.00","0.00","0.00","5.75","","0.00","0.00","","0.00","0.00","","","","4.00","0.00","0.00","5.75","","0.00","0.00","","",""
"купить ручки держатели на автобусе","2026-06-30 - 2026-09-28","4.00","0.00","0.00","11.50","","0.00","0.00","","0.00","0.00","","","","1.00","0.00","0.00","10.00","","3.00","0.00","0.00","12.00",""
"подиум под задние сидения в микроавтобус","2026-06-30 - 2026-09-28","4.00","0.00","0.00","2.25","","0.00","0.00","","4.00","0.00","0.00","2.25","","0.00","0.00","","","","0.00","0.00","","",""
"замок защелка на микроавтобус","2026-06-30 - 2026-09-28","4.00","0.00","0.00","3.00","","0.00","0.00","","2.00","0.00","0.00","2.00","","2.00","0.00","0.00","4.00","","0.00","0.00","","",""
"диваны-трансформеры «тандем»","2026-06-30 - 2026-09-28","4.00","1.00","25.00","3.50","3.00","0.00","0.00","","3.00","1.00","33.33","2.67","3.00","1.00","0.00","0.00","6.00","","0.00","0.00","","",""
"подлокотник универсальный на сиденье откидной купить","2026-06-30 - 2026-09-28","4.00","0.00","0.00","10.25","","0.00","0.00","","0.00","0.00","","","","1.00","0.00","0.00","7.00","","3.00","0.00","0.00","11.33",""
"вип диваны для минивэнов","2026-06-30 - 2026-09-28","4.00","2.00","50.00","3.25","2.00","0.00","0.00","","3.00","2.00","66.67","2.67","2.00","1.00","0.00","0.00","5.00","","0.00","0.00","","",""
"шторка для автобуса","2026-06-30 - 2026-09-28","4.00","0.00","0.00","11.00","","0.00","0.00","","0.00","0.00","","","","2.00","0.00","0.00","10.00","","2.00","0.00","0.00","12.00",""
"диван с перегородками","2026-06-30 - 2026-09-28","4.00","0.00","0.00","9.00","","0.00","0.00","","0.00","0.00","","","","4.00","0.00","0.00","9.00","","0.00","0.00","","",""
"светильник в микроавтобус миллениум потолочный","2026-06-30 - 2026-09-28","4.00","7.00","175.00","3.00","3.00","0.00","0.00","","4.00","7.00","175.00","3.00","3.00","0.00","0.00","","","","0.00","0.00","","",""
"кресло водительское купить","2026-06-30 - 2026-09-28","4.00","0.00","0.00","9.75","","0.00","0.00","","0.00","0.00","","","","3.00","0.00","0.00","8.67","","1.00","0.00","0.00","13.00",""
"запчасти для туристического кресла","2026-06-30 - 2026-09-28","4.00","0.00","0.00","10.50","","0.00","0.00","","0.00","0.00","","","","3.00","0.00","0.00","10.00","","1.00","0.00","0.00","12.00",""
"купить подножку сдвижной двери фольксваген крафтер","2026-06-30 - 2026-09-28","4.00","0.00","0.00","3.50","","0.00","0.00","","3.00","0.00","0.00","3.00","","1.00","0.00","0.00","5.00","","0.00","0.00","","",""
"подлокотник туристический","2026-06-30 - 2026-09-28","4.00","1.00","25.00","4.50","7.00","0.00","0.00","","2.00","0.00","0.00","3.00","","2.00","1.00","50.00","6.00","7.00","0.00","0.00","","",""
"турецкие кресла пульман размеры","2026-06-30 - 2026-09-28","4.00","0.00","0.00","5.00","","0.00","0.00","","0.00","0.00","","","","4.00","0.00","0.00","5.00","","0.00","0.00","","",""
"внутренняя обшивка форд транзит","2026-06-30 - 2026-09-28","4.00","0.00","0.00","10.25","","0.00","0.00","","0.00","0.00","","","","3.00","0.00","0.00","9.67","","1.00","0.00","0.00","12.00",""
"сидение автобус","2026-06-30 - 2026-09-28","4.00","1.00","25.00","7.00","6.00","0.00","0.00","","0.00","0.00","","","","4.00","1.00","25.00","7.00","6.00","0.00","0.00","","",""
"подножка газель некст авторазбор","2026-06-30 - 2026-09-28","4.00","0.00","0.00","8.50","","0.00","0.00","","0.00","0.00","","","","3.00","0.00","0.00","7.00","","1.00","0.00","0.00","13.00",""
"шторки в минивэн","2026-06-30 - 2026-09-28","4.00","0.00","0.00","11.00","","0.00","0.00","","0.00","0.00","","","","2.00","0.00","0.00","9.50","","2.00","0.00","0.00","12.50",""
"автобус кресла","2026-06-30 - 2026-09-28","4.00","0.00","0.00","6.75","","0.00","0.00","","1.00","0.00","0.00","3.00","","2.00","0.00","0.00","6.50","","1.00","0.00","0.00","11.00",""
"направляющая для сидений","2026-06-30 - 2026-09-28","4.00","0.00","0.00","9.00","","0.00","0.00","","0.00","0.00","","","","2.00","0.00","0.00","6.00","","2.00","0.00","0.00","12.00",""
"алиса резинки на стекла окон мерседес спринтер в 903 в салоне пассажирский автобус","2026-06-30 - 2026-09-28","4.00","2.00","50.00","6.25","4.50","0.00","0.00","","0.00","0.00","","","","4.00","2.00","50.00","6.25","4.50","0.00","0.00","","",""
"подножка задняя газель некст автобус купить","2026-06-30 - 2026-09-28","4.00","1.00","25.00","4.50","2.00","0.00","0.00","","3.00","1.00","33.33","2.67","2.00","1.00","0.00","0.00","10.00","","0.00","0.00","","",""
"стол в салон соболь нн","2026-06-30 - 2026-09-28","4.00","0.00","0.00","7.50","","0.00","0.00","","0.00","0.00","","","","4.00","0.00","0.00","7.50","","0.00","0.00","","",""
"шторы гармошка газель некст","2026-06-30 - 2026-09-28","4.00","0.00","0.00","10.75","","0.00","0.00","","0.00","0.00","","","","2.00","0.00","0.00","10.00","","2.00","0.00","0.00","11.50",""
"складной стол в машину","2026-06-30 - 2026-09-28","4.00","0.00","0.00","12.50","","0.00","0.00","","0.00","0.00","","","","2.00","0.00","0.00","7.50","","2.00","0.00","0.00","17.50",""
"подножки на микроавтобус","2026-06-30 - 2026-09-28","4.00","0.00","0.00","5.50","","0.00","0.00","","0.00","0.00","","","","4.00","0.00","0.00","5.50","","0.00","0.00","","",""
"размеры самодельной боковой подножки форд транзит своими руками","2026-06-30 - 2026-09-28","4.00","0.00","0.00","7.75","","0.00","0.00","","0.00","0.00","","","","4.00","0.00","0.00","7.75","","0.00","0.00","","",""
"вытяжка для автобуса","2026-06-30 - 2026-09-28","4.00","0.00","0.00","8.75","","0.00","0.00","","0.00","0.00","","","","3.00","0.00","0.00","8.00","","1.00","0.00","0.00","11.00",""
"диван кровать в автомобиль","2026-06-30 - 2026-09-28","4.00","0.00","0.00","7.25","","0.00","0.00","","0.00","0.00","","","","3.00","0.00","0.00","5.67","","1.00","0.00","0.00","12.00",""
"поворотные кресла в соболь","2026-06-30 - 2026-09-28","4.00","0.00","0.00","10.75","","0.00","0.00","","0.00","0.00","","","","1.00","0.00","0.00","7.00","","3.00","0.00","0.00","12.00",""
"бас запчасти yandex.ru","2026-06-30 - 2026-09-28","4.00","0.00","0.00","5.50","","0.00","0.00","","0.00","0.00","","","","4.00","0.00","0.00","5.50","","0.00","0.00","","",""
"раскладной диван на газель","2026-06-30 - 2026-09-28","4.00","0.00","0.00","7.75","","0.00","0.00","","0.00","0.00","","","","4.00","0.00","0.00","7.75","","0.00","0.00","","",""
"сиденья в салон буса","2026-06-30 - 2026-09-28","4.00","1.00","25.00","3.00","2.00","0.00","0.00","","3.00","1.00","33.33","2.33","2.00","1.00","0.00","0.00","5.00","","0.00","0.00","","",""
"пластиковые углы на подножку форд транзит 2016 года","2026-06-30 - 2026-09-28","4.00","1.00","25.00","2.50","1.00","1.00","1.00","100.00","2.00","0.00","0.00","2.50","","1.00","0.00","0.00","4.00","","0.00","0.00","","",""
"боковое правое стекло ситроен джампер в выборге","2026-06-30 - 2026-09-28","4.00","0.00","0.00","8.75","","0.00","0.00","","0.00","0.00","","","","4.00","0.00","0.00","8.75","","0.00","0.00","","",""
"ремни безопасности в автобусе","2026-06-30 - 2026-09-28","4.00","0.00","0.00","12.50","","0.00","0.00","","0.00","0.00","","","","2.00","0.00","0.00","7.50","","2.00","0.00","0.00","17.50",""
"кнопка стоп в автобусе цена","2026-06-30 - 2026-09-28","4.00","1.00","25.00","6.75","4.00","1.00","0.00","0.00","0.00","0.00","","","","2.00","1.00","50.00","5.50","4.00","1.00","0.00","0.00","15.00",""
"как срезать аварийный люк на форд транзит","2026-06-30 - 2026-09-28","4.00","0.00","0.00","3.50","","0.00","0.00","","2.00","0.00","0.00","3.00","","2.00","0.00","0.00","4.00","","0.00","0.00","","",""
"шторы в микроавтобус фиат дукато","2026-06-30 - 2026-09-28","4.00","1.00","25.00","4.00","5.00","0.00","0.00","","1.00","0.00","0.00","3.00","","3.00","1.00","33.33","4.33","5.00","0.00","0.00","","",""
"сидение тандем","2026-06-30 - 2026-09-28","4.00","1.00","25.00","3.25","4.00","1.00","0.00","0.00","1.00","0.00","0.00","3.00","","2.00","1.00","50.00","4.50","4.00","0.00","0.00","","",""
"купить сиденья на маршрутку 18 мест","2026-06-30 - 2026-09-28","4.00","0.00","0.00","3.25","","0.00","0.00","","3.00","0.00","0.00","3.00","","1.00","0.00","0.00","4.00","","0.00","0.00","","",""
"замок форточки peugeot boxer","2026-06-30 - 2026-09-28","4.00","0.00","0.00","4.25","","0.00","0.00","","2.00","0.00","0.00","3.00","","2.00","0.00","0.00","5.50","","0.00","0.00","","",""
"купить обшивку салона на микроавтобус форд транзит с 2006 по 2013 год","2026-06-30 - 2026-09-28","4.00","0.00","0.00","12.25","","0.00","0.00","","0.00","0.00","","","","0.00","0.00","","","","4.00","0.00","0.00","12.25",""
"шторы пассажирскую газель в салон купить в воронеже","2026-06-30 - 2026-09-28","4.00","0.00","0.00","8.25","","0.00","0.00","","0.00","0.00","","","","4.00","0.00","0.00","8.25","","0.00","0.00","","",""
"замок защелка задней форточки форд транзит 2013 фото","2026-06-30 - 2026-09-28","4.00","0.00","0.00","10.00","","0.00","0.00","","0.00","0.00","","","","2.00","0.00","0.00","8.00","","2.00","0.00","0.00","12.00",""
"ремни безопасности поясные купить","2026-06-30 - 2026-09-28","4.00","0.00","0.00","8.75","","0.00","0.00","","0.00","0.00","","","","2.00","0.00","0.00","6.00","","2.00","0.00","0.00","11.50",""
"линолеум с метал крошкой в автобус купить","2026-06-30 - 2026-09-28","4.00","0.00","0.00","8.50","","0.00","0.00","","0.00","0.00","","","","4.00","0.00","0.00","8.50","","0.00","0.00","","",""
"купить на озоне сиденье для авто","2026-06-30 - 2026-09-28","4.00","0.00","0.00","11.25","","0.00","0.00","","0.00","0.00","","","","1.00","0.00","0.00","10.00","","3.00","0.00","0.00","11.67",""
"купить универсальные салазки для сидений авто","2026-06-30 - 2026-09-28","4.00","0.00","0.00","8.00","","0.00","0.00","","0.00","0.00","","","","4.00","0.00","0.00","8.00","","0.00","0.00","","",""
"сиденья тандем купить","2026-06-30 - 2026-09-28","4.00","0.00","0.00","4.50","","0.00","0.00","","0.00","0.00","","","","4.00","0.00","0.00","4.50","","0.00","0.00","","",""
"багажник на заднюю дверь газель","2026-06-30 - 2026-09-28","4.00","3.00","75.00","1.00","1.00","4.00","3.00","75.00","0.00","0.00","","","","0.00","0.00","","","","0.00","0.00","","",""
"люк в автобусе на крыше","2026-06-30 - 2026-09-28","4.00","0.00","0.00","7.25","","0.00","0.00","","0.00","0.00","","","","4.00","0.00","0.00","7.25","","0.00","0.00","","",""
"подножка на форд транзит","2026-06-30 - 2026-09-28","4.00","0.00","0.00","12.25","","0.00","0.00","","0.00","0.00","","","","0.00","0.00","","","","4.00","0.00","0.00","12.25",""
"бас кожа","2026-06-30 - 2026-09-28","4.00","0.00","0.00","4.50","","0.00","0.00","","1.00","0.00","0.00","3.00","","3.00","0.00","0.00","5.00","","0.00","0.00","","",""
"стеклопакеты мерседес спринтер большие","2026-06-30 - 2026-09-28","4.00","1.00","25.00","4.75","7.00","0.00","0.00","","0.00","0.00","","","","4.00","1.00","25.00","4.75","7.00","0.00","0.00","","",""
"купить сидения для микроавтобуса 515 мерседес 19 мест новые","2026-06-30 - 2026-09-28","4.00","1.00","25.00","1.75","4.00","3.00","0.00","0.00","0.00","0.00","","","","1.00","1.00","100.00","4.00","4.00","0.00","0.00","","",""
"автомобильное сидение на пружинах","2026-06-30 - 2026-09-28","4.00","1.00","25.00","10.25","9.00","0.00","0.00","","0.00","0.00","","","","2.00","1.00","50.00","9.50","9.00","2.00","0.00","0.00","11.00",""
"спринтер автобус багажник","2026-06-30 - 2026-09-28","4.00","0.00","0.00","6.00","","0.00","0.00","","0.00","0.00","","","","4.00","0.00","0.00","6.00","","0.00","0.00","","",""
"купить кресло на соболь в новосибирске","2026-06-30 - 2026-09-28","4.00","0.00","0.00","11.00","","0.00","0.00","","0.00","0.00","","","","2.00","0.00","0.00","10.00","","2.00","0.00","0.00","12.00",""
"сиденье для соболя","2026-06-30 - 2026-09-28","4.00","0.00","0.00","7.00","","0.00","0.00","","0.00","0.00","","","","3.00","0.00","0.00","5.33","","1.00","0.00","0.00","12.00",""
"ступенька задней двери фургона форд транзит кустом","2026-06-30 - 2026-09-28","4.00","0.00","0.00","7.25","","0.00","0.00","","0.00","0.00","","","","4.00","0.00","0.00","7.25","","0.00","0.00","","",""
"купить водительскую из таы сидушку.","2026-06-30 - 2026-09-28","4.00","0.00","0.00","9.00","","0.00","0.00","","0.00","0.00","","","","4.00","0.00","0.00","9.00","","0.00","0.00","","",""
"сиденье переднее правое соболь фермер","2026-06-30 - 2026-09-28","4.00","0.00","0.00","10.00","","0.00","0.00","","0.00","0.00","","","","2.00","0.00","0.00","8.50","","2.00","0.00","0.00","11.50",""
"подножка задняя на коммерческий","2026-06-30 - 2026-09-28","4.00","0.00","0.00","3.75","","0.00","0.00","","1.00","0.00","0.00","2.00","","3.00","0.00","0.00","4.33","","0.00","0.00","","",""
"переделка автобуса салона где можно сделать","2026-06-30 - 2026-09-28","4.00","0.00","0.00","4.50","","0.00","0.00","","0.00","0.00","","","","4.00","0.00","0.00","4.50","","0.00","0.00","","",""
"купить сиденье водителя баргузин","2026-06-30 - 2026-09-28","4.00","0.00","0.00","6.75","","0.00","0.00","","0.00","0.00","","","","4.00","0.00","0.00","6.75","","0.00","0.00","","",""
"рельсы для сидений в автобусе","2026-06-30 - 2026-09-28","4.00","0.00","0.00","6.00","","0.00","0.00","","0.00","0.00","","","","4.00","0.00","0.00","6.00","","0.00","0.00","","",""
"купить подножка правая на фургон 2018 год","2026-06-30 - 2026-09-28","4.00","0.00","0.00","9.00","","0.00","0.00","","0.00","0.00","","","","3.00","0.00","0.00","8.33","","1.00","0.00","0.00","11.00",""
"поручень подвесной для автобуса (ра00301)","2026-06-30 - 2026-09-28","4.00","0.00","0.00","13.25","","0.00","0.00","","0.00","0.00","","","","1.00","0.00","0.00","6.00","","3.00","0.00","0.00","15.67",""
"премьер бас переоборудование стоимость","2026-06-30 - 2026-09-28","4.00","0.00","0.00","25.50","","0.00","0.00","","0.00","0.00","","","","0.00","0.00","","","","4.00","0.00","0.00","25.50",""
"багажник на микроавтобус б/у","2026-06-30 - 2026-09-28","4.00","1.00","25.00","10.75","11.00","0.00","0.00","","0.00","0.00","","","","2.00","0.00","0.00","10.00","","2.00","1.00","50.00","11.50","11.00"
"купить задний ряд сидений на микроавтобус","2026-06-30 - 2026-09-28","4.00","0.00","0.00","6.75","","0.00","0.00","","0.00","0.00","","","","4.00","0.00","0.00","6.75","","0.00","0.00","","",""
"спецоборудование","2026-06-30 - 2026-09-28","4.00","0.00","0.00","10.00","","0.00","0.00","","0.00","0.00","","","","2.00","0.00","0.00","8.00","","2.00","0.00","0.00","12.00",""
"баском переоборудование автобусов","2026-06-30 - 2026-09-28","4.00","1.00","25.00","1.50","1.00","2.00","1.00","50.00","2.00","0.00","0.00","2.00","","0.00","0.00","","","","0.00","0.00","","",""
"обшивка для форд транзит","2026-06-30 - 2026-09-28","4.00","0.00","0.00","9.25","","0.00","0.00","","0.00","0.00","","","","4.00","0.00","0.00","9.25","","0.00","0.00","","",""
"багажник микроавтобуса","2026-06-30 - 2026-09-28","4.00","0.00","0.00","8.25","","0.00","0.00","","0.00","0.00","","","","3.00","0.00","0.00","7.33","","1.00","0.00","0.00","11.00",""
"grl сиденья","2026-06-30 - 2026-09-28","4.00","0.00","0.00","5.75","","0.00","0.00","","0.00","0.00","","","","4.00","0.00","0.00","5.75","","0.00","0.00","","",""
"вытяжка в машину в форд транзит","2026-06-30 - 2026-09-28","4.00","1.00","25.00","3.50","4.00","0.00","0.00","","2.00","0.00","0.00","3.00","","2.00","1.00","50.00","4.00","4.00","0.00","0.00","","",""
"запчасти для сиденья автобуса","2026-06-30 - 2026-09-28","4.00","1.00","25.00","4.25","5.00","0.00","0.00","","1.00","0.00","0.00","3.00","","3.00","1.00","33.33","4.67","5.00","0.00","0.00","","",""
"шторы в газель некст фермер","2026-06-30 - 2026-09-28","4.00","0.00","0.00","9.00","","0.00","0.00","","0.00","0.00","","","","3.00","0.00","0.00","8.33","","1.00","0.00","0.00","11.00",""
"шторы в кабину газель","2026-06-30 - 2026-09-28","4.00","0.00","0.00","9.50","","0.00","0.00","","0.00","0.00","","","","3.00","0.00","0.00","8.67","","1.00","0.00","0.00","12.00",""
"комплект занавесок на микроавтобус газели в салон б.у на авито купить","2026-06-30 - 2026-09-28","4.00","0.00","0.00","7.25","","0.00","0.00","","0.00","0.00","","","","4.00","0.00","0.00","7.25","","0.00","0.00","","",""
"резиновые накладки на полозья сидений эсквайр","2026-06-30 - 2026-09-28","4.00","0.00","0.00","3.50","","0.00","0.00","","2.00","0.00","0.00","2.50","","2.00","0.00","0.00","4.50","","0.00","0.00","","",""
"навесной багажник на микроавтобус","2026-06-30 - 2026-09-28","4.00","0.00","0.00","6.25","","0.00","0.00","","0.00","0.00","","","","4.00","0.00","0.00","6.25","","0.00","0.00","","",""
"подножка пластиковая на газель некст","2026-06-30 - 2026-09-28","4.00","0.00","0.00","12.50","","0.00","0.00","","0.00","0.00","","","","0.00","0.00","","","","4.00","0.00","0.00","12.50",""
"крепление сиденья газель","2026-06-30 - 2026-09-28","4.00","0.00","0.00","16.00","","0.00","0.00","","0.00","0.00","","","","0.00","0.00","","","","4.00","0.00","0.00","16.00",""
"запчасти микроавтобусов","2026-06-30 - 2026-09-28","4.00","0.00","0.00","7.25","","0.00","0.00","","0.00","0.00","","","","4.00","0.00","0.00","7.25","","0.00","0.00","","",""
"обшивка кабины коммерческого автобуса фиат дукато 244","2026-06-30 - 2026-09-28","4.00","1.00","25.00","5.50","7.00","0.00","0.00","","0.00","0.00","","","","4.00","1.00","25.00","5.50","7.00","0.00","0.00","","",""
"шторки газель автобус","2026-06-30 - 2026-09-28","4.00","2.00","50.00","7.50","8.50","0.00","0.00","","0.00","0.00","","","","3.00","1.00","33.33","6.00","5.00","1.00","1.00","100.00","12.00","12.00"
"12 v cветильник на потолок автобуса","2026-06-30 - 2026-09-28","4.00","0.00","0.00","12.00","","0.00","0.00","","0.00","0.00","","","","0.00","0.00","","","","4.00","0.00","0.00","12.00",""
"толщина бокового стекла спринтер","2026-06-30 - 2026-09-28","4.00","0.00","0.00","11.00","","0.00","0.00","","0.00","0.00","","","","0.00","0.00","","","","4.00","0.00","0.00","11.00",""
"кресло водительское газель нн","2026-06-30 - 2026-09-28","4.00","0.00","0.00","9.75","","0.00","0.00","","0.00","0.00","","","","3.00","0.00","0.00","8.67","","1.00","0.00","0.00","13.00",""
"подлокотник на пассажирское сиденье мерседес микроавтобус туристический автобус","2026-06-30 - 2026-09-28","4.00","0.00","0.00","8.75","","0.00","0.00","","0.00","0.00","","","","4.00","0.00","0.00","8.75","","0.00","0.00","","",""
"стекло боковое мерседес спринтер размер верх1137 низ1141 ширина 700","2026-06-30 - 2026-09-28","4.00","0.00","0.00","9.50","","0.00","0.00","","0.00","0.00","","","","4.00","0.00","0.00","9.50","","0.00","0.00","","",""
"продувочные люки для рефрижератора","2026-06-30 - 2026-09-28","4.00","0.00","0.00","10.00","","0.00","0.00","","0.00","0.00","","","","3.00","0.00","0.00","9.67","","1.00","0.00","0.00","11.00",""
"авто диван в микроавтобус","2026-06-30 - 2026-09-28","4.00","0.00","0.00","8.25","","0.00","0.00","","0.00","0.00","","","","2.00","0.00","0.00","5.00","","2.00","0.00","0.00","11.50",""
"кресло для микроавтобуса","2026-06-30 - 2026-09-28","4.00","0.00","0.00","4.00","","1.00","0.00","0.00","0.00","0.00","","","","3.00","0.00","0.00","5.00","","0.00","0.00","","",""
"обшивка кабины коммерческого автобуса ситроен джампер","2026-06-30 - 2026-09-28","4.00","1.00","25.00","1.25","2.00","3.00","0.00","0.00","1.00","1.00","100.00","2.00","2.00","0.00","0.00","","","","0.00","0.00","","",""
"шторы на газель некст автобус","2026-06-30 - 2026-09-28","4.00","0.00","0.00","5.50","","0.00","0.00","","1.00","0.00","0.00","2.00","","3.00","0.00","0.00","6.67","","0.00","0.00","","",""
"крепления для автобуса","2026-06-30 - 2026-09-28","4.00","0.00","0.00","11.00","","0.00","0.00","","0.00","0.00","","","","1.00","0.00","0.00","9.00","","3.00","0.00","0.00","11.67",""
"ручка на сиденье автобуса","2026-06-30 - 2026-09-28","4.00","0.00","0.00","10.25","","0.00","0.00","","0.00","0.00","","","","1.00","0.00","0.00","7.00","","3.00","0.00","0.00","11.33",""
"кармен для буса в салон","2026-06-30 - 2026-09-28","4.00","0.00","0.00","8.25","","0.00","0.00","","0.00","0.00","","","","4.00","0.00","0.00","8.25","","0.00","0.00","","",""
"комфортные сиденья","2026-06-30 - 2026-09-28","4.00","0.00","0.00","10.75","","0.00","0.00","","0.00","0.00","","","","1.00","0.00","0.00","9.00","","3.00","0.00","0.00","11.33",""
"линолеум для автобуса","2026-06-30 - 2026-09-28","4.00","0.00","0.00","12.50","","0.00","0.00","","0.00","0.00","","","","0.00","0.00","","","","4.00","0.00","0.00","12.50",""
"направляющие для штор газель некст","2026-06-30 - 2026-09-28","4.00","1.00","25.00","6.75","6.00","0.00","0.00","","0.00","0.00","","","","4.00","1.00","25.00","6.75","6.00","0.00","0.00","","",""
"шторы для пассажирской газели","2026-06-30 - 2026-09-28","4.00","0.00","0.00","10.50","","0.00","0.00","","0.00","0.00","","","","2.00","0.00","0.00","10.00","","2.00","0.00","0.00","11.00",""
"поручни на автобус мерседес бенц входной в москве","2026-06-30 - 2026-09-28","4.00","0.00","0.00","7.25","","0.00","0.00","","0.00","0.00","","","","4.00","0.00","0.00","7.25","","0.00","0.00","","",""
"боковое стекло газель некст с форточкой","2026-06-30 - 2026-09-28","4.00","0.00","0.00","12.50","","0.00","0.00","","0.00","0.00","","","","0.00","0.00","","","","4.00","0.00","0.00","12.50",""
"подножка задняя газель next","2026-06-30 - 2026-09-28","4.00","0.00","0.00","3.75","","0.00","0.00","","2.00","0.00","0.00","2.50","","2.00","0.00","0.00","5.00","","0.00","0.00","","",""
"купить водительское сиденье газон некст","2026-06-30 - 2026-09-28","4.00","0.00","0.00","9.25","","0.00","0.00","","0.00","0.00","","","","3.00","0.00","0.00","8.67","","1.00","0.00","0.00","11.00",""
"купить столик в микроавтобус","2026-06-30 - 2026-09-28","4.00","0.00","0.00","7.25","","0.00","0.00","","0.00","0.00","","","","4.00","0.00","0.00","7.25","","0.00","0.00","","",""
"освещение в автобусе utoring","2026-06-30 - 2026-09-28","4.00","0.00","0.00","9.75","","0.00","0.00","","0.00","0.00","","","","3.00","0.00","0.00","9.33","","1.00","0.00","0.00","11.00",""
"диван ривьера для микроавтобуса купить","2026-06-30 - 2026-09-28","4.00","0.00","0.00","5.50","","0.00","0.00","","0.00","0.00","","","","4.00","0.00","0.00","5.50","","0.00","0.00","","",""
"обшивка салона форд транзит 89г","2026-06-30 - 2026-09-28","4.00","0.00","0.00","9.50","","0.00","0.00","","0.00","0.00","","","","3.00","0.00","0.00","9.00","","1.00","0.00","0.00","11.00",""
"мерседес спринтер 906 резинка стекла","2026-06-30 - 2026-09-28","4.00","0.00","0.00","10.00","","0.00","0.00","","0.00","0.00","","","","4.00","0.00","0.00","10.00","","0.00","0.00","","",""
"комплект обшивки форд транзит","2026-06-30 - 2026-09-28","4.00","0.00","0.00","11.25","","0.00","0.00","","0.00","0.00","","","","1.00","0.00","0.00","9.00","","3.00","0.00","0.00","12.00",""
"кронштейны сидений салона газ 3221","2026-06-30 - 2026-09-28","4.00","0.00","0.00","8.50","","0.00","0.00","","0.00","0.00","","","","4.00","0.00","0.00","8.50","","0.00","0.00","","",""
"задний багажник на автобус mann коуч","2026-06-30 - 2026-09-28","4.00","0.00","0.00","4.00","","1.00","0.00","0.00","1.00","0.00","0.00","3.00","","2.00","0.00","0.00","6.00","","0.00","0.00","","",""
"рельсы сидений","2026-06-30 - 2026-09-28","4.00","0.00","0.00","6.00","","0.00","0.00","","0.00","0.00","","","","4.00","0.00","0.00","6.00","","0.00","0.00","","",""
"уплотнитель автобусный","2026-06-30 - 2026-09-28","4.00","1.00","25.00","5.25","8.00","0.00","0.00","","2.00","0.00","0.00","2.00","","2.00","1.00","50.00","8.50","8.00","0.00","0.00","","",""
"купить пассажирские сиденья на микроавтобус в донецкой области","2026-06-30 - 2026-09-28","4.00","0.00","0.00","6.50","","0.00","0.00","","0.00","0.00","","","","4.00","0.00","0.00","6.50","","0.00","0.00","","",""
"стол складной в пассажирский салон пежо боксер","2026-06-30 - 2026-09-28","4.00","0.00","0.00","5.50","","0.00","0.00","","0.00","0.00","","","","4.00","0.00","0.00","5.50","","0.00","0.00","","",""
"подножка сдвижной двери мерседес спринтер 906","2026-06-30 - 2026-09-28","4.00","1.00","25.00","8.50","2.00","0.00","0.00","","1.00","1.00","100.00","2.00","2.00","2.00","0.00","0.00","10.00","","1.00","0.00","0.00","12.00",""
"шаттл бокс","2026-06-30 - 2026-09-28","4.00","0.00","0.00","8.00","","0.00","0.00","","0.00","0.00","","","","4.00","0.00","0.00","8.00","","0.00","0.00","","",""
"подлокотник на пассажирское сиденье мерседес микроавтобус","2026-06-30 - 2026-09-28","4.00","0.00","0.00","10.00","","0.00","0.00","","0.00","0.00","","","","3.00","0.00","0.00","9.67","","1.00","0.00","0.00","11.00",""
"сиденье салонное в микроавтобус одиночка купить на авито в москве","2026-06-30 - 2026-09-28","4.00","0.00","0.00","6.00","","0.00","0.00","","0.00","0.00","","","","4.00","0.00","0.00","6.00","","0.00","0.00","","",""
"фву 12в","2026-06-30 - 2026-09-28","4.00","0.00","0.00","9.00","","0.00","0.00","","0.00","0.00","","","","3.00","0.00","0.00","8.33","","1.00","0.00","0.00","11.00",""
"подножка задняя газель некст цмф","2026-06-30 - 2026-09-28","4.00","0.00","0.00","6.25","","0.00","0.00","","0.00","0.00","","","","4.00","0.00","0.00","6.25","","0.00","0.00","","",""
"шторы ночные в газель некст","2026-06-30 - 2026-09-28","4.00","0.00","0.00","7.00","","0.00","0.00","","0.00","0.00","","","","4.00","0.00","0.00","7.00","","0.00","0.00","","",""
"желтые стойки трубы поручни держаться в салон городского автобуса купить","2026-06-30 - 2026-09-28","4.00","0.00","0.00","7.50","","0.00","0.00","","0.00","0.00","","","","3.00","0.00","0.00","6.33","","1.00","0.00","0.00","11.00",""
"зависимая печка 12 в для микроавтобуса","2026-06-30 - 2026-09-28","4.00","0.00","0.00","11.50","","0.00","0.00","","0.00","0.00","","","","0.00","0.00","","","","4.00","0.00","0.00","11.50",""
"шторки в кабину автобуса","2026-06-30 - 2026-09-28","4.00","0.00","0.00","11.75","","0.00","0.00","","0.00","0.00","","","","1.00","0.00","0.00","10.00","","3.00","0.00","0.00","12.33",""
"аварийный люк","2026-06-30 - 2026-09-28","4.00","0.00","0.00","16.25","","0.00","0.00","","0.00","0.00","","","","1.00","0.00","0.00","10.00","","3.00","0.00","0.00","18.33",""
"боковые шторки на газель некст","2026-06-30 - 2026-09-28","4.00","0.00","0.00","7.25","","0.00","0.00","","0.00","0.00","","","","3.00","0.00","0.00","6.00","","1.00","0.00","0.00","11.00",""
"стекло в люк для микроавтобуса","2026-06-30 - 2026-09-28","4.00","0.00","0.00","8.50","","0.00","0.00","","0.00","0.00","","","","3.00","0.00","0.00","7.67","","1.00","0.00","0.00","11.00",""
"купить пассажирские сиденья микроавтобус","2026-06-30 - 2026-09-28","4.00","0.00","0.00","5.00","","0.00","0.00","","0.00","0.00","","","","4.00","0.00","0.00","5.00","","0.00","0.00","","",""
"водительское сиденье соболь нн","2026-06-30 - 2026-09-28","4.00","0.00","0.00","9.00","","0.00","0.00","","0.00","0.00","","","","4.00","0.00","0.00","9.00","","0.00","0.00","","",""
"наклейка связь с водителем","2026-06-30 - 2026-09-28","4.00","0.00","0.00","7.75","","0.00","0.00","","0.00","0.00","","","","4.00","0.00","0.00","7.75","","0.00","0.00","","",""
"сидение в автобусе","2026-06-30 - 2026-09-28","4.00","0.00","0.00","10.75","","0.00","0.00","","0.00","0.00","","","","2.00","0.00","0.00","9.50","","2.00","0.00","0.00","12.00",""
"купить панорамные стекла для спринтер классик","2026-06-30 - 2026-09-28","4.00","1.00","25.00","4.00","1.00","1.00","1.00","100.00","0.00","0.00","","","","3.00","0.00","0.00","5.00","","0.00","0.00","","",""
"сидение для автобуса","2026-06-30 - 2026-09-28","4.00","0.00","0.00","7.00","","0.00","0.00","","0.00","0.00","","","","4.00","0.00","0.00","7.00","","0.00","0.00","","",""
"универсальные салазки в авто с ходом 250мм","2026-06-30 - 2026-09-28","4.00","0.00","0.00","5.25","","0.00","0.00","","0.00","0.00","","","","4.00","0.00","0.00","5.25","","0.00","0.00","","",""
"купить кресло автомобильное в соболь баргузин в тамбовской области на авито бу","2026-06-30 - 2026-09-28","4.00","0.00","0.00","8.50","","0.00","0.00","","0.00","0.00","","","","4.00","0.00","0.00","8.50","","0.00","0.00","","",""
"шторки на салон автобуса форд транзит 8","2026-06-30 - 2026-09-28","4.00","3.00","75.00","3.75","1.00","3.00","3.00","100.00","0.00","0.00","","","","0.00","0.00","","","","1.00","0.00","0.00","12.00",""
"столик в салон соболь","2026-06-30 - 2026-09-28","4.00","1.00","25.00","4.50","3.00","0.00","0.00","","2.00","1.00","50.00","3.00","3.00","2.00","0.00","0.00","6.00","","0.00","0.00","","",""
"газель пластиковая подножка боковой двери","2026-06-30 - 2026-09-28","4.00","0.00","0.00","10.50","","0.00","0.00","","0.00","0.00","","","","2.00","0.00","0.00","10.00","","2.00","0.00","0.00","11.00",""
"купить шторы в автобус","2026-06-30 - 2026-09-28","4.00","0.00","0.00","8.50","","0.00","0.00","","0.00","0.00","","","","3.00","0.00","0.00","7.33","","1.00","0.00","0.00","12.00",""
"на мерседес спринтер классик стекло на боковые двери","2026-06-30 - 2026-09-28","4.00","0.00","0.00","9.50","","0.00","0.00","","0.00","0.00","","","","3.00","0.00","0.00","8.67","","1.00","0.00","0.00","12.00",""
"кресло автобусные","2026-06-30 - 2026-09-28","4.00","0.00","0.00","7.75","","0.00","0.00","","0.00","0.00","","","","4.00","0.00","0.00","7.75","","0.00","0.00","","",""
"раскладной диван для соболя","2026-06-30 - 2026-09-28","4.00","0.00","0.00","10.50","","0.00","0.00","","0.00","0.00","","","","2.00","0.00","0.00","10.00","","2.00","0.00","0.00","11.00",""
"водительское кресло соболь","2026-06-30 - 2026-09-28","4.00","0.00","0.00","9.00","","0.00","0.00","","0.00","0.00","","","","3.00","0.00","0.00","8.00","","1.00","0.00","0.00","12.00",""
"нижний новгород ул корейская 24","2026-06-30 - 2026-09-28","4.00","0.00","0.00","9.50","","0.00","0.00","","0.00","0.00","","","","4.00","0.00","0.00","9.50","","0.00","0.00","","",""
"шторки пежо боксер","2026-06-30 - 2026-09-28","4.00","1.00","25.00","6.75","3.00","0.00","0.00","","1.00","1.00","100.00","3.00","3.00","3.00","0.00","0.00","8.00","","0.00","0.00","","",""
"кронштейн для поручня avito.ru","2026-06-30 - 2026-09-28","4.00","0.00","0.00","12.00","","0.00","0.00","","0.00","0.00","","","","0.00","0.00","","","","4.00","0.00","0.00","12.00",""
"наклейки дверь автомат автобус","2026-06-30 - 2026-09-28","4.00","0.00","0.00","10.25","","0.00","0.00","","0.00","0.00","","","","3.00","0.00","0.00","10.00","","1.00","0.00","0.00","11.00",""
"сидение пассажирское газель nn","2026-06-30 - 2026-09-28","4.00","0.00","0.00","5.00","","0.00","0.00","","0.00","0.00","","","","4.00","0.00","0.00","5.00","","0.00","0.00","","",""
"диван трансформер на газель некст от фирмы бусик","2026-06-30 - 2026-09-28","4.00","11.00","275.00","3.75","7.64","2.00","1.00","50.00","1.00","3.00","300.00","2.00","2.00","0.00","0.00","","","","1.00","7.00","700.00","11.00","11.00"
"подиум для гроба купить","2026-06-30 - 2026-09-28","4.00","1.00","25.00","1.75","2.00","1.00","0.00","0.00","3.00","1.00","33.33","2.00","2.00","0.00","0.00","","","","0.00","0.00","","",""
"турецкие сидения на мерседес спринтер","2026-06-30 - 2026-09-28","4.00","0.00","0.00","1.50","","2.00","0.00","0.00","2.00","0.00","0.00","2.00","","0.00","0.00","","","","0.00","0.00","","",""
"зачем кнопка стоп в автобусе","2026-06-30 - 2026-09-28","4.00","1.00","25.00","10.00","9.00","0.00","0.00","","0.00","0.00","","","","2.00","1.00","50.00","8.50","9.00","2.00","0.00","0.00","11.50",""
"шторы короткие на автобус форд транзит 2018 года","2026-06-30 - 2026-09-28","4.00","0.00","0.00","5.25","","0.00","0.00","","1.00","0.00","0.00","3.00","","3.00","0.00","0.00","6.00","","0.00","0.00","","",""
"подножка газель нн","2026-06-30 - 2026-09-28","4.00","0.00","0.00","2.75","","0.00","0.00","","3.00","0.00","0.00","2.00","","1.00","0.00","0.00","5.00","","0.00","0.00","","",""
"сиденья соболь баргузин","2026-06-30 - 2026-09-28","4.00","0.00","0.00","9.50","","0.00","0.00","","0.00","0.00","","","","2.00","0.00","0.00","7.00","","2.00","0.00","0.00","12.00",""
"электропривод боковой двери микроавтобусов кроко","2026-06-30 - 2026-09-28","4.00","0.00","0.00","7.50","","0.00","0.00","","0.00","0.00","","","","4.00","0.00","0.00","7.50","","0.00","0.00","","",""
"вытяжка салона форд транзит","2026-06-30 - 2026-09-28","4.00","0.00","0.00","3.50","","0.00","0.00","","1.00","0.00","0.00","2.00","","3.00","0.00","0.00","4.00","","0.00","0.00","","",""
"пвх штора газель некст озон","2026-06-30 - 2026-09-28","4.00","0.00","0.00","6.75","","0.00","0.00","","0.00","0.00","","","","4.00","0.00","0.00","6.75","","0.00","0.00","","",""
"салазки для сиденья универсальные","2026-06-30 - 2026-09-28","4.00","2.00","50.00","6.25","4.50","0.00","0.00","","1.00","1.00","100.00","3.00","3.00","2.00","1.00","50.00","5.00","6.00","1.00","0.00","0.00","12.00",""
"сиденье трехместное на микроавтобус","2026-06-30 - 2026-09-28","4.00","0.00","0.00","7.00","","0.00","0.00","","0.00","0.00","","","","4.00","0.00","0.00","7.00","","0.00","0.00","","",""
"купить боковую подножку на форд транзит 2018","2026-06-30 - 2026-09-28","4.00","0.00","0.00","7.75","","0.00","0.00","","0.00","0.00","","","","4.00","0.00","0.00","7.75","","0.00","0.00","","",""
"направляющие для автошторок","2026-06-30 - 2026-09-28","4.00","0.00","0.00","11.25","","0.00","0.00","","0.00","0.00","","","","1.00","0.00","0.00","7.00","","3.00","0.00","0.00","12.67",""
"кресло для автомобиля водителю","2026-06-30 - 2026-09-28","4.00","0.00","0.00","16.25","","0.00","0.00","","0.00","0.00","","","","0.00","0.00","","","","4.00","0.00","0.00","16.25",""
"подножка пассажирская на газель нехт 2017 года на авито","2026-06-30 - 2026-09-28","4.00","0.00","0.00","8.50","","0.00","0.00","","0.00","0.00","","","","4.00","0.00","0.00","8.50","","0.00","0.00","","",""
"шторки на ивеко дейли","2026-06-30 - 2026-09-28","4.00","0.00","0.00","12.00","","0.00","0.00","","0.00","0.00","","","","0.00","0.00","","","","4.00","0.00","0.00","12.00",""
"шторы салона ford transit 2014","2026-06-30 - 2026-09-28","4.00","0.00","0.00","6.00","","0.00","0.00","","0.00","0.00","","","","4.00","0.00","0.00","6.00","","0.00","0.00","","",""
"чехлы на подголовник микроавтобуса на липучке","2026-06-30 - 2026-09-28","4.00","0.00","0.00","6.50","","0.00","0.00","","0.00","0.00","","","","4.00","0.00","0.00","6.50","","0.00","0.00","","",""
"подлокотник в автобус на болтах","2026-06-30 - 2026-09-28","4.00","0.00","0.00","10.25","","0.00","0.00","","0.00","0.00","","","","3.00","0.00","0.00","10.00","","1.00","0.00","0.00","11.00",""
"кресло автомобильное водительское","2026-06-30 - 2026-09-28","4.00","0.00","0.00","23.50","","0.00","0.00","","0.00","0.00","","","","1.00","0.00","0.00","8.00","","3.00","0.00","0.00","28.67",""
"сидения в автобус","2026-06-30 - 2026-09-28","4.00","0.00","0.00","5.75","","0.00","0.00","","0.00","0.00","","","","4.00","0.00","0.00","5.75","","0.00","0.00","","",""
"стол в автобус","2026-06-30 - 2026-09-28","4.00","0.00","0.00","3.25","","0.00","0.00","","3.00","0.00","0.00","2.67","","1.00","0.00","0.00","5.00","","0.00","0.00","","",""
"диван трансформер на газель некст дакар на озон","2026-06-30 - 2026-09-28","4.00","0.00","0.00","6.25","","0.00","0.00","","0.00","0.00","","","","4.00","0.00","0.00","6.25","","0.00","0.00","","",""
"боковая подножка на газель","2026-06-30 - 2026-09-28","4.00","0.00","0.00","7.00","","0.00","0.00","","0.00","0.00","","","","4.00","0.00","0.00","7.00","","0.00","0.00","","",""
"люк аварийный 53 82 купить","2026-06-30 - 2026-09-28","4.00","0.00","0.00","7.25","","0.00","0.00","","0.00","0.00","","","","4.00","0.00","0.00","7.25","","0.00","0.00","","",""
"сетки на окна газель некст","2026-06-30 - 2026-09-28","4.00","0.00","0.00","12.75","","0.00","0.00","","0.00","0.00","","","","0.00","0.00","","","","4.00","0.00","0.00","12.75",""
"стол для газели","2026-06-30 - 2026-09-28","4.00","0.00","0.00","11.50","","0.00","0.00","","0.00","0.00","","","","0.00","0.00","","","","4.00","0.00","0.00","11.50",""
"электропривод для сдвижной двери 2 моторный микроавтобуса","2026-06-30 - 2026-09-28","4.00","0.00","0.00","8.50","","0.00","0.00","","0.00","0.00","","","","4.00","0.00","0.00","8.50","","0.00","0.00","","",""
"раскладное кресло форд транзит","2026-06-30 - 2026-09-28","4.00","0.00","0.00","9.00","","0.00","0.00","","0.00","0.00","","","","3.00","0.00","0.00","7.67","","1.00","0.00","0.00","13.00",""
"газель некст автобус фото с занавесками","2026-06-30 - 2026-09-28","4.00","0.00","0.00","6.00","","0.00","0.00","","0.00","0.00","","","","4.00","0.00","0.00","6.00","","0.00","0.00","","",""
"купить газель некст шторка","2026-06-30 - 2026-09-28","4.00","0.00","0.00","10.50","","0.00","0.00","","0.00","0.00","","","","3.00","0.00","0.00","10.00","","1.00","0.00","0.00","12.00",""
"баском нержавеющая сталь","2026-06-30 - 2026-09-28","4.00","0.00","0.00","7.75","","0.00","0.00","","0.00","0.00","","","","4.00","0.00","0.00","7.75","","0.00","0.00","","",""
"боковая подножка газель next, газель nn.","2026-06-30 - 2026-09-28","4.00","0.00","0.00","2.50","","1.00","0.00","0.00","2.00","0.00","0.00","2.50","","1.00","0.00","0.00","4.00","","0.00","0.00","","",""
"дополнительное пассажирское сиденье гида","2026-06-30 - 2026-09-28","4.00","1.00","25.00","5.50","1.00","1.00","1.00","100.00","0.00","0.00","","","","3.00","0.00","0.00","7.00","","0.00","0.00","","",""
"водительское сиденье соболь","2026-06-30 - 2026-09-28","4.00","0.00","0.00","8.00","","0.00","0.00","","0.00","0.00","","","","4.00","0.00","0.00","8.00","","0.00","0.00","","",""
"ширина двух сидений 3221 соболь","2026-06-30 - 2026-09-28","4.00","0.00","0.00","5.25","","0.00","0.00","","0.00","0.00","","","","4.00","0.00","0.00","5.25","","0.00","0.00","","",""
"сиденье от соболя","2026-06-30 - 2026-09-28","4.00","1.00","25.00","10.25","11.00","0.00","0.00","","0.00","0.00","","","","1.00","0.00","0.00","7.00","","3.00","1.00","33.33","11.33","11.00"
"защёлка бокового стекла пежо боксёр","2026-06-30 - 2026-09-28","4.00","0.00","0.00","8.75","","0.00","0.00","","0.00","0.00","","","","2.00","0.00","0.00","6.50","","2.00","0.00","0.00","11.00",""
"водительское сидение на автобус","2026-06-30 - 2026-09-28","4.00","0.00","0.00","7.00","","0.00","0.00","","0.00","0.00","","","","4.00","0.00","0.00","7.00","","0.00","0.00","","",""
"как крепится боковая подножка на мерседес спринтер классик","2026-06-30 - 2026-09-28","4.00","2.00","50.00","7.25","7.00","0.00","0.00","","0.00","0.00","","","","4.00","2.00","50.00","7.25","7.00","0.00","0.00","","",""
"замок форточки газель некст","2026-06-30 - 2026-09-28","4.00","0.00","0.00","14.00","","0.00","0.00","","0.00","0.00","","","","1.00","0.00","0.00","6.00","","3.00","0.00","0.00","16.67",""
"сидение для микроавтобуса","2026-06-30 - 2026-09-28","4.00","0.00","0.00","3.25","","0.00","0.00","","3.00","0.00","0.00","2.67","","1.00","0.00","0.00","5.00","","0.00","0.00","","",""
"размер стекла на люк на газель бизнес","2026-06-30 - 2026-09-28","4.00","0.00","0.00","9.50","","0.00","0.00","","0.00","0.00","","","","4.00","0.00","0.00","9.50","","0.00","0.00","","",""
"купить стекло боковое на микроавтобус","2026-06-30 - 2026-09-28","4.00","0.00","0.00","6.00","","0.00","0.00","","0.00","0.00","","","","4.00","0.00","0.00","6.00","","0.00","0.00","","",""
"направляющие для кресла","2026-06-30 - 2026-09-28","4.00","1.00","25.00","4.75","3.00","0.00","0.00","","1.00","1.00","100.00","3.00","3.00","3.00","0.00","0.00","5.33","","0.00","0.00","","",""
"салазки сидений универсальные","2026-06-30 - 2026-09-28","4.00","0.00","0.00","7.50","","0.00","0.00","","0.00","0.00","","","","4.00","0.00","0.00","7.50","","0.00","0.00","","",""
"сиденье для красного автобуса","2026-06-30 - 2026-09-28","4.00","0.00","0.00","4.75","","0.00","0.00","","0.00","0.00","","","","4.00","0.00","0.00","4.75","","0.00","0.00","","",""
"турецкое сиденье","2026-06-30 - 2026-09-28","4.00","0.00","0.00","8.00","","0.00","0.00","","0.00","0.00","","","","4.00","0.00","0.00","8.00","","0.00","0.00","","",""
"накладка с надписью на задние двери мерседес спринтер","2026-06-30 - 2026-09-28","4.00","0.00","0.00","7.00","","0.00","0.00","","0.00","0.00","","","","4.00","0.00","0.00","7.00","","0.00","0.00","","",""
"складные подлокотники для кресла","2026-06-30 - 2026-09-28","4.00","0.00","0.00","10.75","","0.00","0.00","","0.00","0.00","","","","2.00","0.00","0.00","9.00","","2.00","0.00","0.00","12.50",""
"купить подиум для гроба","2026-06-30 - 2026-09-28","4.00","1.00","25.00","3.25","4.00","0.00","0.00","","2.00","0.00","0.00","2.50","","2.00","1.00","50.00","4.00","4.00","0.00","0.00","","",""
"шторы на газель некст в спальнике","2026-06-30 - 2026-09-28","4.00","0.00","0.00","10.50","","0.00","0.00","","0.00","0.00","","","","3.00","0.00","0.00","10.00","","1.00","0.00","0.00","12.00",""
"рельсы на детского сиденья","2026-06-30 - 2026-09-28","4.00","0.00","0.00","11.75","","0.00","0.00","","0.00","0.00","","","","0.00","0.00","","","","4.00","0.00","0.00","11.75",""
"сотекс сиденья автобуса","2026-06-30 - 2026-09-28","4.00","0.00","0.00","30.00","","0.00","0.00","","0.00","0.00","","","","0.00","0.00","","","","4.00","0.00","0.00","30.00",""
"купить сиденье на микроавтобус в хабаровске","2026-06-30 - 2026-09-28","4.00","0.00","0.00","6.25","","0.00","0.00","","0.00","0.00","","","","4.00","0.00","0.00","6.25","","0.00","0.00","","",""
"салазка сиденья","2026-06-30 - 2026-09-28","4.00","0.00","0.00","6.75","","2.00","0.00","0.00","0.00","0.00","","","","0.00","0.00","","","","2.00","0.00","0.00","12.50",""
"регулируемый двухточечный ремень для сидений самолетов и автомобилей, изготовленный из стали марки 45","2026-06-30 - 2026-09-28","4.00","0.00","0.00","11.75","","0.00","0.00","","0.00","0.00","","","","1.00","0.00","0.00","10.00","","3.00","0.00","0.00","12.33",""
"сиденья на минивэн","2026-06-30 - 2026-09-28","4.00","1.00","25.00","7.25","6.00","0.00","0.00","","0.00","0.00","","","","4.00","1.00","25.00","7.25","6.00","0.00","0.00","","",""
"люк на форд транзит 2018","2026-06-30 - 2026-09-28","4.00","1.00","25.00","3.75","3.00","0.00","0.00","","1.00","1.00","100.00","3.00","3.00","3.00","0.00","0.00","4.00","","0.00","0.00","","",""
"отделка салона форд транзит","2026-06-30 - 2026-09-28","4.00","1.00","25.00","10.25","9.00","0.00","0.00","","0.00","0.00","","","","2.00","1.00","50.00","9.50","9.00","2.00","0.00","0.00","11.00",""
"купить откидное сиденье на микроавтобус откидное в нижнем новгороде","2026-06-30 - 2026-09-28","4.00","0.00","0.00","8.25","","0.00","0.00","","0.00","0.00","","","","4.00","0.00","0.00","8.25","","0.00","0.00","","",""
"водительское сиденье на автобус","2026-06-30 - 2026-09-28","4.00","0.00","0.00","5.50","","0.00","0.00","","0.00","0.00","","","","4.00","0.00","0.00","5.50","","0.00","0.00","","",""
"замок форточки газель","2026-06-30 - 2026-09-28","4.00","0.00","0.00","12.25","","0.00","0.00","","0.00","0.00","","","","0.00","0.00","","","","4.00","0.00","0.00","12.25",""
"откидные сиденья в салон автомобиля форд транзит","2026-06-30 - 2026-09-28","4.00","0.00","0.00","7.75","","0.00","0.00","","0.00","0.00","","","","4.00","0.00","0.00","7.75","","0.00","0.00","","",""
"купить электропривод сдвижной двери для микроавтобусов","2026-06-30 - 2026-09-28","4.00","0.00","0.00","7.25","","0.00","0.00","","0.00","0.00","","","","4.00","0.00","0.00","7.25","","0.00","0.00","","",""
"кресло из машины купить","2026-06-30 - 2026-09-28","4.00","0.00","0.00","7.75","","0.00","0.00","","0.00","0.00","","","","3.00","0.00","0.00","6.67","","1.00","0.00","0.00","11.00",""
"как правильно называется подиум в салоне микроавтобуса","2026-06-30 - 2026-09-28","4.00","0.00","0.00","9.75","","0.00","0.00","","0.00","0.00","","","","3.00","0.00","0.00","9.33","","1.00","0.00","0.00","11.00",""
"закладные для пассажирских сидений маршрутка","2026-06-30 - 2026-09-28","4.00","0.00","0.00","6.50","","0.00","0.00","","0.00","0.00","","","","4.00","0.00","0.00","6.50","","0.00","0.00","","",""
"люк автобусный купить","2026-06-30 - 2026-09-28","4.00","1.00","25.00","9.00","6.00","0.00","0.00","","0.00","0.00","","","","2.00","1.00","50.00","6.50","6.00","2.00","0.00","0.00","11.50",""
"сиденье пассажирское для микроавтобуса","2026-06-30 - 2026-09-28","4.00","0.00","0.00","9.00","","0.00","0.00","","0.00","0.00","","","","4.00","0.00","0.00","9.00","","0.00","0.00","","",""
"сидения трансформер для микроавтобусов на рельсах купить","2026-06-30 - 2026-09-28","4.00","0.00","0.00","1.25","","3.00","0.00","0.00","1.00","0.00","0.00","2.00","","0.00","0.00","","","","0.00","0.00","","",""
"продольные салазки","2026-06-30 - 2026-09-28","4.00","0.00","0.00","7.25","","1.00","0.00","0.00","0.00","0.00","","","","3.00","0.00","0.00","9.33","","0.00","0.00","","",""
"полки на газель турист","2026-06-30 - 2026-09-28","4.00","1.00","25.00","2.25","3.00","2.00","0.00","0.00","1.00","1.00","100.00","3.00","3.00","1.00","0.00","0.00","4.00","","0.00","0.00","","",""
"кнопка остановки в автобусе","2026-06-30 - 2026-09-28","4.00","0.00","0.00","9.50","","0.00","0.00","","0.00","0.00","","","","1.00","0.00","0.00","4.00","","3.00","0.00","0.00","11.33",""
"обшивки салона форд транзит","2026-06-30 - 2026-09-28","4.00","0.00","0.00","7.75","","0.00","0.00","","0.00","0.00","","","","4.00","0.00","0.00","7.75","","0.00","0.00","","",""
"диван микроавтобус","2026-06-30 - 2026-09-28","4.00","0.00","0.00","5.75","","0.00","0.00","","0.00","0.00","","","","4.00","0.00","0.00","5.75","","0.00","0.00","","",""
"люк форд транзит 2022","2026-06-30 - 2026-09-28","4.00","0.00","0.00","4.25","","0.00","0.00","","0.00","0.00","","","","4.00","0.00","0.00","4.25","","0.00","0.00","","",""
"купить замок окон салона форд транзит","2026-06-30 - 2026-09-28","4.00","0.00","0.00","10.25","","0.00","0.00","","0.00","0.00","","","","2.00","0.00","0.00","9.00","","2.00","0.00","0.00","11.50",""
"сиденья с туристического автобуса сетра купить в саратове","2026-06-30 - 2026-09-28","4.00","0.00","0.00","8.00","","0.00","0.00","","0.00","0.00","","","","4.00","0.00","0.00","8.00","","0.00","0.00","","",""
"столик в соболь нн","2026-06-30 - 2026-09-28","4.00","0.00","0.00","4.00","","0.00","0.00","","1.00","0.00","0.00","3.00","","3.00","0.00","0.00","4.33","","0.00","0.00","","",""
"рекламные подголовники в маршрутку в наличии","2026-06-30 - 2026-09-28","4.00","0.00","0.00","11.00","","0.00","0.00","","0.00","0.00","","","","2.00","0.00","0.00","10.00","","2.00","0.00","0.00","12.00",""
"шторы в салон форд транзит","2026-06-30 - 2026-09-28","4.00","0.00","0.00","7.50","","0.00","0.00","","0.00","0.00","","","","4.00","0.00","0.00","7.50","","0.00","0.00","","",""
"комплектующие для микроавтобусов нижний новгород","2026-06-30 - 2026-09-28","4.00","1.00","25.00","2.00","1.00","1.00","1.00","100.00","3.00","0.00","0.00","2.33","","0.00","0.00","","","","0.00","0.00","","",""
"ткань алькала","2026-06-30 - 2026-09-28","4.00","0.00","0.00","11.00","","0.00","0.00","","0.00","0.00","","","","1.00","0.00","0.00","7.00","","3.00","0.00","0.00","12.33",""
"столик для минивэна","2026-06-30 - 2026-09-28","4.00","0.00","0.00","9.00","","0.00","0.00","","0.00","0.00","","","","3.00","0.00","0.00","8.33","","1.00","0.00","0.00","11.00",""
"механизм подлокотников кресел автобуса","2026-06-30 - 2026-09-28","4.00","0.00","0.00","3.50","","0.00","0.00","","2.00","0.00","0.00","3.00","","2.00","0.00","0.00","4.00","","0.00","0.00","","",""
"складная опора сиденья автобуса купить","2026-06-30 - 2026-09-28","4.00","1.00","25.00","1.25","1.00","3.00","1.00","33.33","1.00","0.00","0.00","2.00","","0.00","0.00","","","","0.00","0.00","","",""
"сиденья грл в москве","2026-06-30 - 2026-09-28","4.00","2.00","50.00","8.25","5.50","0.00","0.00","","0.00","0.00","","","","2.00","2.00","100.00","5.50","5.50","2.00","0.00","0.00","11.00",""
"сумка на заднюю дверь автомобиля","2026-06-30 - 2026-09-28","4.00","0.00","0.00","12.75","","0.00","0.00","","0.00","0.00","","","","0.00","0.00","","","","4.00","0.00","0.00","12.75",""
"универсальные салазки для автомобильных сидений","2026-06-30 - 2026-09-28","4.00","0.00","0.00","9.75","","0.00","0.00","","0.00","0.00","","","","3.00","0.00","0.00","9.33","","1.00","0.00","0.00","11.00",""
"пластмассовые накладки на арки авто бусик","2026-06-30 - 2026-09-28","4.00","0.00","0.00","8.50","","0.00","0.00","","0.00","0.00","","","","3.00","0.00","0.00","7.33","","1.00","0.00","0.00","12.00",""
"столики на спинки сидения sk11","2026-06-30 - 2026-09-28","4.00","0.00","0.00","1.00","","4.00","0.00","0.00","0.00","0.00","","","","0.00","0.00","","","","0.00","0.00","","",""
"рюкзак для газели","2026-06-30 - 2026-09-28","4.00","2.00","50.00","1.25","1.50","3.00","1.00","33.33","1.00","1.00","100.00","2.00","2.00","0.00","0.00","","","","0.00","0.00","","",""
"опора сиденья газель фермер","2026-06-30 - 2026-09-28","4.00","2.00","50.00","3.50","3.00","1.00","1.00","100.00","0.00","0.00","","","","3.00","1.00","33.33","4.33","5.00","0.00","0.00","","",""
"тех ком басово","2026-06-30 - 2026-09-28","4.00","0.00","0.00","7.25","","0.00","0.00","","0.00","0.00","","","","4.00","0.00","0.00","7.25","","0.00","0.00","","",""
"шторы пассажирская газель","2026-06-30 - 2026-09-28","4.00","1.00","25.00","4.50","2.00","0.00","0.00","","2.00","1.00","50.00","2.00","2.00","2.00","0.00","0.00","7.00","","0.00","0.00","","",""
"сидения для микроавтобуса","2026-06-30 - 2026-09-28","4.00","0.00","0.00","4.25","","0.00","0.00","","1.00","0.00","0.00","2.00","","3.00","0.00","0.00","5.00","","0.00","0.00","","",""
"багажник на задней двери газель","2026-06-30 - 2026-09-28","4.00","3.00","75.00","1.50","1.33","2.00","2.00","100.00","2.00","1.00","50.00","2.00","2.00","0.00","0.00","","","","0.00","0.00","","",""
"размер водительского сиденья","2026-06-30 - 2026-09-28","4.00","0.00","0.00","9.50","","0.00","0.00","","0.00","0.00","","","","3.00","0.00","0.00","8.67","","1.00","0.00","0.00","12.00",""
"антивандальные сидения","2026-06-30 - 2026-09-28","4.00","0.00","0.00","10.50","","0.00","0.00","","0.00","0.00","","","","2.00","0.00","0.00","9.00","","2.00","0.00","0.00","12.00",""
"сколько стоит стекло на автобус","2026-06-30 - 2026-09-28","4.00","0.00","0.00","9.75","","0.00","0.00","","0.00","0.00","","","","3.00","0.00","0.00","8.67","","1.00","0.00","0.00","13.00",""
"купить люк автобусный","2026-06-30 - 2026-09-28","4.00","0.00","0.00","9.25","","0.00","0.00","","0.00","0.00","","","","3.00","0.00","0.00","8.67","","1.00","0.00","0.00","11.00",""
"стекло люка 465 миллиметров на 780","2026-06-30 - 2026-09-28","4.00","0.00","0.00","3.00","","0.00","0.00","","4.00","0.00","0.00","3.00","","0.00","0.00","","","","0.00","0.00","","",""
"пежо боксёр купить заднее стекло двери в подольске","2026-06-30 - 2026-09-28","4.00","0.00","0.00","6.00","","0.00","0.00","","0.00","0.00","","","","4.00","0.00","0.00","6.00","","0.00","0.00","","",""
"столик на спинку сиденья","2026-06-30 - 2026-09-28","4.00","1.00","25.00","9.75","6.00","0.00","0.00","","0.00","0.00","","","","2.00","1.00","50.00","6.50","6.00","2.00","0.00","0.00","13.00",""
"складной столик соболь нн","2026-06-30 - 2026-09-28","4.00","0.00","0.00","4.00","","0.00","0.00","","2.00","0.00","0.00","3.00","","2.00","0.00","0.00","5.00","","0.00","0.00","","",""
"светодиодные светильники в автобус","2026-06-30 - 2026-09-28","4.00","0.00","0.00","5.25","","0.00","0.00","","0.00","0.00","","","","4.00","0.00","0.00","5.25","","0.00","0.00","","",""
"купить боковые шторы на газель некст","2026-06-30 - 2026-09-28","4.00","0.00","0.00","7.25","","0.00","0.00","","0.00","0.00","","","","4.00","0.00","0.00","7.25","","0.00","0.00","","",""
"диван для 7 местной газели","2026-06-30 - 2026-09-28","4.00","0.00","0.00","10.00","","0.00","0.00","","0.00","0.00","","","","3.00","0.00","0.00","9.67","","1.00","0.00","0.00","11.00",""
"боковое стекло автобуса","2026-06-30 - 2026-09-28","4.00","0.00","0.00","10.25","","0.00","0.00","","0.00","0.00","","","","2.00","0.00","0.00","9.50","","2.00","0.00","0.00","11.00",""
"барный столик в баргузине","2026-06-30 - 2026-09-28","4.00","0.00","0.00","5.50","","0.00","0.00","","0.00","0.00","","","","4.00","0.00","0.00","5.50","","0.00","0.00","","",""
"привод сдвижной двери форд транзит","2026-06-30 - 2026-09-28","4.00","1.00","25.00","8.75","6.00","0.00","0.00","","0.00","0.00","","","","3.00","1.00","33.33","8.00","6.00","1.00","0.00","0.00","11.00",""
"замок защелка сдвижной форточки стекла в автобус","2026-06-30 - 2026-09-28","4.00","0.00","0.00","7.75","","0.00","0.00","","1.00","0.00","0.00","3.00","","2.00","0.00","0.00","8.00","","1.00","0.00","0.00","12.00",""
"диван в минивэн","2026-06-30 - 2026-09-28","4.00","0.00","0.00","6.50","","0.00","0.00","","0.00","0.00","","","","3.00","0.00","0.00","5.00","","1.00","0.00","0.00","11.00",""
"купить сиденья в туристический автобус","2026-06-30 - 2026-09-28","4.00","3.00","75.00","3.00","4.00","1.00","0.00","0.00","1.00","1.00","100.00","2.00","2.00","2.00","2.00","100.00","4.50","5.00","0.00","0.00","","",""
"перила в автобусе","2026-06-30 - 2026-09-28","4.00","0.00","0.00","14.00","","0.00","0.00","","0.00","0.00","","","","0.00","0.00","","","","4.00","0.00","0.00","14.00",""
"крепления для сиденья в автобус","2026-06-30 - 2026-09-28","4.00","0.00","0.00","5.00","","0.00","0.00","","0.00","0.00","","","","4.00","0.00","0.00","5.00","","0.00","0.00","","",""
"подлокотник пассажирского сиденья класса ""турист"". предназначен для повышения комфорта посадки пассажира. служит для снятия статической нагрузки локтевой группы с суставов пассажира переднего сиденья.","2026-06-30 - 2026-09-28","3.00","0.00","0.00","10.00","","0.00","0.00","","0.00","0.00","","","","1.00","0.00","0.00","8.00","","2.00","0.00","0.00","11.00",""
"диван в газель фермер купить","2026-06-30 - 2026-09-28","3.00","0.00","0.00","13.67","","0.00","0.00","","0.00","0.00","","","","1.00","0.00","0.00","10.00","","2.00","0.00","0.00","15.50",""
"купить ремень транспортной безопасности","2026-06-30 - 2026-09-28","3.00","0.00","0.00","10.67","","0.00","0.00","","0.00","0.00","","","","1.00","0.00","0.00","10.00","","2.00","0.00","0.00","11.00",""
"купить стекло салона левая сторона газель сити дизель 1400*1290","2026-06-30 - 2026-09-28","3.00","0.00","0.00","10.67","","0.00","0.00","","0.00","0.00","","","","1.00","0.00","0.00","8.00","","2.00","0.00","0.00","12.00",""
"постамент в катафалк для гроба","2026-06-30 - 2026-09-28","3.00","0.00","0.00","8.00","","0.00","0.00","","0.00","0.00","","","","3.00","0.00","0.00","8.00","","0.00","0.00","","",""
"стекло боковое газель некст автобус в барнауле","2026-06-30 - 2026-09-28","3.00","0.00","0.00","28.00","","0.00","0.00","","0.00","0.00","","","","0.00","0.00","","","","3.00","0.00","0.00","28.00",""
"купить внутренне направляющую для сиденья в микроавтобус","2026-06-30 - 2026-09-28","3.00","0.00","0.00","9.67","","0.00","0.00","","0.00","0.00","","","","2.00","0.00","0.00","9.00","","1.00","0.00","0.00","11.00",""
"сиденья для микроавтобусов б у","2026-06-30 - 2026-09-28","3.00","0.00","0.00","7.33","","0.00","0.00","","0.00","0.00","","","","3.00","0.00","0.00","7.33","","0.00","0.00","","",""
"стекло люка газель бизнес","2026-06-30 - 2026-09-28","3.00","0.00","0.00","9.67","","0.00","0.00","","0.00","0.00","","","","3.00","0.00","0.00","9.67","","0.00","0.00","","",""
"полозья для автомобильных шторок","2026-06-30 - 2026-09-28","3.00","0.00","0.00","12.00","","0.00","0.00","","0.00","0.00","","","","0.00","0.00","","","","3.00","0.00","0.00","12.00",""
"откидной столик в баргузин на озоне","2026-06-30 - 2026-09-28","3.00","0.00","0.00","9.00","","0.00","0.00","","0.00","0.00","","","","3.00","0.00","0.00","9.00","","0.00","0.00","","",""
"sunshine eec купить заднее сиденье","2026-06-30 - 2026-09-28","3.00","0.00","0.00","11.67","","0.00","0.00","","0.00","0.00","","","","0.00","0.00","","","","3.00","0.00","0.00","11.67",""
"дизайн штор в автобус газель некст каркасный","2026-06-30 - 2026-09-28","3.00","0.00","0.00","8.67","","0.00","0.00","","0.00","0.00","","","","2.00","0.00","0.00","7.00","","1.00","0.00","0.00","12.00",""
"сиденье пассажирское new city star","2026-06-30 - 2026-09-28","3.00","0.00","0.00","5.67","","0.00","0.00","","0.00","0.00","","","","3.00","0.00","0.00","5.67","","0.00","0.00","","",""
"багажник диван","2026-06-30 - 2026-09-28","3.00","0.00","0.00","11.33","","0.00","0.00","","0.00","0.00","","","","1.00","0.00","0.00","10.00","","2.00","0.00","0.00","12.00",""
"алюминиевые направляющие рельсы для сидений","2026-06-30 - 2026-09-28","3.00","0.00","0.00","13.33","","0.00","0.00","","0.00","0.00","","","","0.00","0.00","","","","3.00","0.00","0.00","13.33",""
"приспособление для автобусного уплотнителя стекол","2026-06-30 - 2026-09-28","3.00","0.00","0.00","11.33","","0.00","0.00","","0.00","0.00","","","","1.00","0.00","0.00","10.00","","2.00","0.00","0.00","12.00",""
"фву на автобус","2026-06-30 - 2026-09-28","3.00","0.00","0.00","8.33","","0.00","0.00","","0.00","0.00","","","","3.00","0.00","0.00","8.33","","0.00","0.00","","",""
"замок для форточки форд транзит старого образца","2026-06-30 - 2026-09-28","3.00","1.00","33.33","6.33","7.00","0.00","0.00","","0.00","0.00","","","","3.00","1.00","33.33","6.33","7.00","0.00","0.00","","",""
"купить сиденье в автобус в алапаевске","2026-06-30 - 2026-09-28","3.00","0.00","0.00","4.00","","0.00","0.00","","1.00","0.00","0.00","3.00","","2.00","0.00","0.00","4.50","","0.00","0.00","","",""
"профиль в салон для освещения автобуса","2026-06-30 - 2026-09-28","3.00","1.00","33.33","4.00","5.00","0.00","0.00","","1.00","0.00","0.00","3.00","","2.00","1.00","50.00","4.50","5.00","0.00","0.00","","",""
"диван трансформер для микроавтобусов","2026-06-30 - 2026-09-28","3.00","2.00","66.67","2.33","1.00","1.00","2.00","200.00","2.00","0.00","0.00","3.00","","0.00","0.00","","","","0.00","0.00","","",""
"фурнитура для откидных сидений","2026-06-30 - 2026-09-28","3.00","1.00","33.33","10.33","10.00","0.00","0.00","","0.00","0.00","","","","2.00","1.00","50.00","10.00","10.00","1.00","0.00","0.00","11.00",""
"направляющие для штор для пассажирской газели","2026-06-30 - 2026-09-28","3.00","0.00","0.00","8.00","","0.00","0.00","","0.00","0.00","","","","3.00","0.00","0.00","8.00","","0.00","0.00","","",""
"багажные полки в салон автобуса","2026-06-30 - 2026-09-28","3.00","0.00","0.00","9.00","","0.00","0.00","","0.00","0.00","","","","3.00","0.00","0.00","9.00","","0.00","0.00","","",""
"замок для автомобильных окон","2026-06-30 - 2026-09-28","3.00","0.00","0.00","9.33","","0.00","0.00","","0.00","0.00","","","","2.00","0.00","0.00","7.50","","1.00","0.00","0.00","13.00",""
"сиденье диван в микроавтобус купить","2026-06-30 - 2026-09-28","3.00","0.00","0.00","8.00","","0.00","0.00","","0.00","0.00","","","","3.00","0.00","0.00","8.00","","0.00","0.00","","",""
"купить кресло автобусное","2026-06-30 - 2026-09-28","3.00","0.00","0.00","8.00","","0.00","0.00","","0.00","0.00","","","","3.00","0.00","0.00","8.00","","0.00","0.00","","",""
"откидные подлокотники для кресла","2026-06-30 - 2026-09-28","3.00","0.00","0.00","36.67","","0.00","0.00","","0.00","0.00","","","","0.00","0.00","","","","3.00","0.00","0.00","36.67",""
"сиденье 2х местные для микриков","2026-06-30 - 2026-09-28","3.00","0.00","0.00","10.00","","0.00","0.00","","0.00","0.00","","","","2.00","0.00","0.00","9.50","","1.00","0.00","0.00","11.00",""
"куплю турецкие сиденья джи р л в микроавтобус мерседес спринтер","2026-06-30 - 2026-09-28","3.00","0.00","0.00","4.00","","0.00","0.00","","2.00","0.00","0.00","3.00","","1.00","0.00","0.00","6.00","","0.00","0.00","","",""
"плафон салона автобуса","2026-06-30 - 2026-09-28","3.00","1.00","33.33","7.00","6.00","0.00","0.00","","1.00","0.00","0.00","2.00","","1.00","1.00","100.00","6.00","6.00","1.00","0.00","0.00","13.00",""
"купить пластиковую накладку на заднюю часть салона пежо боксер","2026-06-30 - 2026-09-28","3.00","1.00","33.33","11.33","9.00","0.00","0.00","","0.00","0.00","","","","1.00","1.00","100.00","9.00","9.00","2.00","0.00","0.00","12.50",""
"купить крепление для складывающегося сиденья","2026-06-30 - 2026-09-28","3.00","0.00","0.00","10.00","","0.00","0.00","","0.00","0.00","","","","2.00","0.00","0.00","9.00","","1.00","0.00","0.00","12.00",""
"держатели для автобусов","2026-06-30 - 2026-09-28","3.00","0.00","0.00","10.00","","0.00","0.00","","0.00","0.00","","","","3.00","0.00","0.00","10.00","","0.00","0.00","","",""
"купить сиденье трансформер для микроавтобуса","2026-06-30 - 2026-09-28","3.00","0.00","0.00","10.33","","0.00","0.00","","0.00","0.00","","","","1.00","0.00","0.00","8.00","","2.00","0.00","0.00","11.50",""
"продам сидения для минивен авито ру по россии","2026-06-30 - 2026-09-28","3.00","0.00","0.00","10.00","","0.00","0.00","","0.00","0.00","","","","3.00","0.00","0.00","10.00","","0.00","0.00","","",""
"шторки на форд транзит автобус в салон","2026-06-30 - 2026-09-28","3.00","5.00","166.67","1.67","2.20","2.00","2.00","100.00","1.00","3.00","300.00","3.00","3.00","0.00","0.00","","","","0.00","0.00","","",""
"кронштейн поручня микроавтобуса форд транзит","2026-06-30 - 2026-09-28","3.00","1.00","33.33","5.67","7.00","0.00","0.00","","0.00","0.00","","","","3.00","1.00","33.33","5.67","7.00","0.00","0.00","","",""
"держатель штор автобуса","2026-06-30 - 2026-09-28","3.00","0.00","0.00","10.67","","0.00","0.00","","0.00","0.00","","","","1.00","0.00","0.00","9.00","","2.00","0.00","0.00","11.50",""
"уплотнитель форточки мерседес 608","2026-06-30 - 2026-09-28","3.00","0.00","0.00","5.33","","0.00","0.00","","0.00","0.00","","","","3.00","0.00","0.00","5.33","","0.00","0.00","","",""
"купить замок для автомобильного окна","2026-06-30 - 2026-09-28","3.00","0.00","0.00","7.67","","0.00","0.00","","0.00","0.00","","","","3.00","0.00","0.00","7.67","","0.00","0.00","","",""
"купить сиденье для буса","2026-06-30 - 2026-09-28","3.00","0.00","0.00","4.67","","0.00","0.00","","0.00","0.00","","","","3.00","0.00","0.00","4.67","","0.00","0.00","","",""
"раскладной диван в спринтер мерседес","2026-06-30 - 2026-09-28","3.00","0.00","0.00","8.67","","0.00","0.00","","0.00","0.00","","","","3.00","0.00","0.00","8.67","","0.00","0.00","","",""
"как сделать салазки для сиденьев заднего ряда в бус","2026-06-30 - 2026-09-28","3.00","0.00","0.00","12.00","","0.00","0.00","","0.00","0.00","","","","0.00","0.00","","","","3.00","0.00","0.00","12.00",""
"купить вытяжку в микроавтобус","2026-06-30 - 2026-09-28","3.00","1.00","33.33","10.67","9.00","0.00","0.00","","0.00","0.00","","","","1.00","1.00","100.00","9.00","9.00","2.00","0.00","0.00","11.50",""
"люк для форд транзит","2026-06-30 - 2026-09-28","3.00","1.00","33.33","3.00","3.00","0.00","0.00","","2.00","1.00","50.00","2.50","3.00","1.00","0.00","0.00","4.00","","0.00","0.00","","",""
"задняя подножка газель некст цмф купить","2026-06-30 - 2026-09-28","3.00","0.00","0.00","3.67","","0.00","0.00","","1.00","0.00","0.00","2.00","","2.00","0.00","0.00","4.50","","0.00","0.00","","",""
"замена бокового стекла на ситроене автобус","2026-06-30 - 2026-09-28","3.00","0.00","0.00","10.67","","0.00","0.00","","0.00","0.00","","","","1.00","0.00","0.00","9.00","","2.00","0.00","0.00","11.50",""
"замок на форточку фольксваген крафтер грузопассажирский","2026-06-30 - 2026-09-28","3.00","0.00","0.00","4.67","","0.00","0.00","","1.00","0.00","0.00","3.00","","2.00","0.00","0.00","5.50","","0.00","0.00","","",""
"люк для микроавтобуса купить в россии","2026-06-30 - 2026-09-28","3.00","0.00","0.00","8.00","","0.00","0.00","","0.00","0.00","","","","3.00","0.00","0.00","8.00","","0.00","0.00","","",""
"сидение газ нн","2026-06-30 - 2026-09-28","3.00","0.00","0.00","10.00","","0.00","0.00","","0.00","0.00","","","","2.00","0.00","0.00","9.50","","1.00","0.00","0.00","11.00",""
"столики в кресло автомобиля","2026-06-30 - 2026-09-28","3.00","0.00","0.00","10.33","","0.00","0.00","","0.00","0.00","","","","2.00","0.00","0.00","10.00","","1.00","0.00","0.00","11.00",""
"купить столик от соболя","2026-06-30 - 2026-09-28","3.00","0.00","0.00","3.33","","0.00","0.00","","2.00","0.00","0.00","3.00","","1.00","0.00","0.00","4.00","","0.00","0.00","","",""
"тандем автокресла","2026-06-30 - 2026-09-28","3.00","0.00","0.00","8.67","","0.00","0.00","","0.00","0.00","","","","3.00","0.00","0.00","8.67","","0.00","0.00","","",""
"купить кресло водительское газель некст автобус","2026-06-30 - 2026-09-28","3.00","0.00","0.00","1.33","","2.00","0.00","0.00","1.00","0.00","0.00","2.00","","0.00","0.00","","","","0.00","0.00","","",""
"перкднее боковое стектттна мерееа","2026-06-30 - 2026-09-28","3.00","0.00","0.00","4.33","","0.00","0.00","","1.00","0.00","0.00","3.00","","2.00","0.00","0.00","5.00","","0.00","0.00","","",""
"купить новые сиденья на волгу","2026-06-30 - 2026-09-28","3.00","0.00","0.00","12.00","","0.00","0.00","","0.00","0.00","","","","0.00","0.00","","","","3.00","0.00","0.00","12.00",""
"размер подножка двери мерседес спринтер классик","2026-06-30 - 2026-09-28","3.00","1.00","33.33","9.67","10.00","0.00","0.00","","0.00","0.00","","","","3.00","1.00","33.33","9.67","10.00","0.00","0.00","","",""
"сидение ривьера одинарное","2026-06-30 - 2026-09-28","3.00","0.00","0.00","6.33","","0.00","0.00","","0.00","0.00","","","","3.00","0.00","0.00","6.33","","0.00","0.00","","",""
"кресло одиночное hr-501","2026-06-30 - 2026-09-28","3.00","0.00","0.00","11.00","","0.00","0.00","","0.00","0.00","","","","1.00","0.00","0.00","9.00","","2.00","0.00","0.00","12.00",""
"наклейки на кузов микроавтобуса","2026-06-30 - 2026-09-28","3.00","0.00","0.00","12.00","","0.00","0.00","","0.00","0.00","","","","0.00","0.00","","","","3.00","0.00","0.00","12.00",""
"боковая ступень на форд транзит длинна база","2026-06-30 - 2026-09-28","3.00","2.00","66.67","7.00","7.00","0.00","0.00","","0.00","0.00","","","","3.00","2.00","66.67","7.00","7.00","0.00","0.00","","",""
"крепление поручня к полу на автобусе","2026-06-30 - 2026-09-28","3.00","1.00","33.33","9.67","9.00","0.00","0.00","","0.00","0.00","","","","3.00","1.00","33.33","9.67","9.00","0.00","0.00","","",""
"сиденья автобусные с верблюдом","2026-06-30 - 2026-09-28","3.00","0.00","0.00","9.00","","0.00","0.00","","0.00","0.00","","","","3.00","0.00","0.00","9.00","","0.00","0.00","","",""
"купить задняя подножка на крафтер или спринтер","2026-06-30 - 2026-09-28","3.00","0.00","0.00","12.00","","0.00","0.00","","0.00","0.00","","","","0.00","0.00","","","","3.00","0.00","0.00","12.00",""
"складная кровать в газель","2026-06-30 - 2026-09-28","3.00","0.00","0.00","9.00","","0.00","0.00","","0.00","0.00","","","","2.00","0.00","0.00","8.00","","1.00","0.00","0.00","11.00",""
"купить комплект ремней безопасности для микроавтобус для сиденье в салоне","2026-06-30 - 2026-09-28","3.00","0.00","0.00","9.67","","0.00","0.00","","0.00","0.00","","","","3.00","0.00","0.00","9.67","","0.00","0.00","","",""
"сидения велюровые на рельсах купить","2026-06-30 - 2026-09-28","3.00","0.00","0.00","3.67","","0.00","0.00","","1.00","0.00","0.00","3.00","","2.00","0.00","0.00","4.00","","0.00","0.00","","",""
"ремни безопасности двухточечные купить","2026-06-30 - 2026-09-28","3.00","0.00","0.00","7.33","","0.00","0.00","","1.00","0.00","0.00","2.00","","1.00","0.00","0.00","9.00","","1.00","0.00","0.00","11.00",""
"электропривод сдвижной двери фиат дукато","2026-06-30 - 2026-09-28","3.00","0.00","0.00","10.33","","0.00","0.00","","0.00","0.00","","","","2.00","0.00","0.00","10.00","","1.00","0.00","0.00","11.00",""
"купить боковое стекло на спринтер классик","2026-06-30 - 2026-09-28","3.00","2.00","66.67","9.00","8.00","0.00","0.00","","0.00","0.00","","","","3.00","2.00","66.67","9.00","8.00","0.00","0.00","","",""
"стул чтобы сидеть по турецки","2026-06-30 - 2026-09-28","3.00","0.00","0.00","22.67","","0.00","0.00","","0.00","0.00","","","","0.00","0.00","","","","3.00","0.00","0.00","22.67",""
"столики для автобусов","2026-06-30 - 2026-09-28","3.00","3.00","100.00","2.33","1.00","2.00","3.00","150.00","0.00","0.00","","","","1.00","0.00","0.00","5.00","","0.00","0.00","","",""
"туристические сидения kiel турция для автобуса","2026-06-30 - 2026-09-28","3.00","0.00","0.00","3.00","","0.00","0.00","","2.00","0.00","0.00","2.00","","1.00","0.00","0.00","5.00","","0.00","0.00","","",""
"купить тягучий материал для штор в микроавтобус","2026-06-30 - 2026-09-28","3.00","0.00","0.00","5.67","","0.00","0.00","","0.00","0.00","","","","3.00","0.00","0.00","5.67","","0.00","0.00","","",""
"зачем нужны отверстия в боковом стекле газель некст цмф","2026-06-30 - 2026-09-28","3.00","0.00","0.00","12.00","","0.00","0.00","","0.00","0.00","","","","0.00","0.00","","","","3.00","0.00","0.00","12.00",""
"купить сиденье водительское на газон некст","2026-06-30 - 2026-09-28","3.00","0.00","0.00","7.33","","0.00","0.00","","0.00","0.00","","","","3.00","0.00","0.00","7.33","","0.00","0.00","","",""
"как можно оборудовать в катафалке вкатное для гроба","2026-06-30 - 2026-09-28","3.00","0.00","0.00","9.00","","0.00","0.00","","0.00","0.00","","","","1.00","0.00","0.00","5.00","","2.00","0.00","0.00","11.00",""
"туристические сиденья для микроавтобусов купить","2026-06-30 - 2026-09-28","3.00","0.00","0.00","5.33","","0.00","0.00","","1.00","0.00","0.00","2.00","","2.00","0.00","0.00","7.00","","0.00","0.00","","",""
"оборудование для катафалка","2026-06-30 - 2026-09-28","3.00","1.00","33.33","3.67","6.00","0.00","0.00","","2.00","0.00","0.00","2.50","","1.00","1.00","100.00","6.00","6.00","0.00","0.00","","",""
"сиденье минивэна","2026-06-30 - 2026-09-28","3.00","0.00","0.00","7.33","","0.00","0.00","","0.00","0.00","","","","3.00","0.00","0.00","7.33","","0.00","0.00","","",""
"шторы на газель некст цельнометаллический","2026-06-30 - 2026-09-28","3.00","1.00","33.33","2.00","1.00","2.00","1.00","50.00","0.00","0.00","","","","1.00","0.00","0.00","4.00","","0.00","0.00","","",""
"подножка в будку газель некст","2026-06-30 - 2026-09-28","3.00","0.00","0.00","8.67","","0.00","0.00","","0.00","0.00","","","","2.00","0.00","0.00","7.00","","1.00","0.00","0.00","12.00",""
"производитель сидений гида в россии","2026-06-30 - 2026-09-28","3.00","2.00","66.67","2.67","2.00","0.00","0.00","","3.00","2.00","66.67","2.67","2.00","0.00","0.00","","","","0.00","0.00","","",""
"столик в салон минивена","2026-06-30 - 2026-09-28","3.00","0.00","0.00","10.33","","0.00","0.00","","0.00","0.00","","","","1.00","0.00","0.00","9.00","","2.00","0.00","0.00","11.00",""
"столик складной раскладной в салон микроавтобуса","2026-06-30 - 2026-09-28","3.00","1.00","33.33","8.67","9.00","0.00","0.00","","0.00","0.00","","","","3.00","1.00","33.33","8.67","9.00","0.00","0.00","","",""
"где можно купить шторы на автобус в омске недорого","2026-06-30 - 2026-09-28","3.00","0.00","0.00","11.00","","0.00","0.00","","0.00","0.00","","","","1.00","0.00","0.00","9.00","","2.00","0.00","0.00","12.00",""
"подножка задняя для а/м газель некст цмф фургон микроавтобус ступень","2026-06-30 - 2026-09-28","3.00","0.00","0.00","6.33","","0.00","0.00","","1.00","0.00","0.00","2.00","","1.00","0.00","0.00","5.00","","1.00","0.00","0.00","12.00",""
"диван в газель фермер","2026-06-30 - 2026-09-28","3.00","0.00","0.00","18.33","","0.00","0.00","","0.00","0.00","","","","0.00","0.00","","","","3.00","0.00","0.00","18.33",""
"шторы для салона автобуса","2026-06-30 - 2026-09-28","3.00","0.00","0.00","10.00","","0.00","0.00","","0.00","0.00","","","","1.00","0.00","0.00","8.00","","2.00","0.00","0.00","11.00",""
"бус бест","2026-06-30 - 2026-09-28","3.00","0.00","0.00","5.00","","0.00","0.00","","0.00","0.00","","","","3.00","0.00","0.00","5.00","","0.00","0.00","","",""
"вытяжка потолочная на форд транзит","2026-06-30 - 2026-09-28","3.00","0.00","0.00","5.67","","0.00","0.00","","0.00","0.00","","","","3.00","0.00","0.00","5.67","","0.00","0.00","","",""
"крепления для сидушки ручка","2026-06-30 - 2026-09-28","3.00","0.00","0.00","1.67","","2.00","0.00","0.00","1.00","0.00","0.00","3.00","","0.00","0.00","","","","0.00","0.00","","",""
"авито сидушка двухместная для у2","2026-06-30 - 2026-09-28","3.00","0.00","0.00","36.33","","0.00","0.00","","0.00","0.00","","","","0.00","0.00","","","","3.00","0.00","0.00","36.33",""
"передние сиденья микроавтобус","2026-06-30 - 2026-09-28","3.00","0.00","0.00","4.33","","0.00","0.00","","1.00","0.00","0.00","3.00","","2.00","0.00","0.00","5.00","","0.00","0.00","","",""
"стекла на фургон пежо","2026-06-30 - 2026-09-28","3.00","0.00","0.00","8.67","","0.00","0.00","","0.00","0.00","","","","3.00","0.00","0.00","8.67","","0.00","0.00","","",""
"купить сиденья трансформер на газель","2026-06-30 - 2026-09-28","3.00","0.00","0.00","15.33","","0.00","0.00","","0.00","0.00","","","","0.00","0.00","","","","3.00","0.00","0.00","15.33",""
"кресло пассажирское соболь","2026-06-30 - 2026-09-28","3.00","0.00","0.00","5.67","","0.00","0.00","","0.00","0.00","","","","3.00","0.00","0.00","5.67","","0.00","0.00","","",""
"next шторы","2026-06-30 - 2026-09-28","3.00","0.00","0.00","9.67","","0.00","0.00","","0.00","0.00","","","","2.00","0.00","0.00","8.00","","1.00","0.00","0.00","13.00",""
"сидение для автобуса бу купить","2026-06-30 - 2026-09-28","3.00","0.00","0.00","10.00","","0.00","0.00","","0.00","0.00","","","","1.00","0.00","0.00","4.00","","2.00","0.00","0.00","13.00",""
"подиум для ритуального автомобиля","2026-06-30 - 2026-09-28","3.00","0.00","0.00","2.00","","0.00","0.00","","3.00","0.00","0.00","2.00","","0.00","0.00","","","","0.00","0.00","","",""
"стол пристенный складной автомобиль","2026-06-30 - 2026-09-28","3.00","0.00","0.00","12.00","","0.00","0.00","","0.00","0.00","","","","0.00","0.00","","","","3.00","0.00","0.00","12.00",""
"подлокотники для кресла тряпошного туристического","2026-06-30 - 2026-09-28","3.00","0.00","0.00","7.00","","0.00","0.00","","0.00","0.00","","","","3.00","0.00","0.00","7.00","","0.00","0.00","","",""
"газель автобус где шьют шторы","2026-06-30 - 2026-09-28","3.00","0.00","0.00","10.33","","0.00","0.00","","0.00","0.00","","","","1.00","0.00","0.00","9.00","","2.00","0.00","0.00","11.00",""
"кронштейн крепления поручня k-001 (неокрашенный)","2026-06-30 - 2026-09-28","3.00","0.00","0.00","12.67","","0.00","0.00","","0.00","0.00","","","","0.00","0.00","","","","3.00","0.00","0.00","12.67",""
"багажное отделение в газель некст для ручной клади","2026-06-30 - 2026-09-28","3.00","0.00","0.00","10.33","","0.00","0.00","","0.00","0.00","","","","2.00","0.00","0.00","10.00","","1.00","0.00","0.00","11.00",""
"разборный диван для газели","2026-06-30 - 2026-09-28","3.00","0.00","0.00","9.33","","0.00","0.00","","0.00","0.00","","","","3.00","0.00","0.00","9.33","","0.00","0.00","","",""
"панели салона форд транзит","2026-06-30 - 2026-09-28","3.00","0.00","0.00","5.00","","0.00","0.00","","1.00","0.00","0.00","3.00","","2.00","0.00","0.00","6.00","","0.00","0.00","","",""
"механизм для раскладного сиденья в минивэн","2026-06-30 - 2026-09-28","3.00","0.00","0.00","5.00","","0.00","0.00","","0.00","0.00","","","","3.00","0.00","0.00","5.00","","0.00","0.00","","",""
"купить сиденья для маршрутки новые","2026-06-30 - 2026-09-28","3.00","1.00","33.33","2.67","4.00","1.00","0.00","0.00","1.00","0.00","0.00","3.00","","1.00","1.00","100.00","4.00","4.00","0.00","0.00","","",""
"ступенька сдвижной двери мерседес мерседес спринтер","2026-06-30 - 2026-09-28","3.00","0.00","0.00","8.00","","0.00","0.00","","0.00","0.00","","","","3.00","0.00","0.00","8.00","","0.00","0.00","","",""
"stf 2","2026-06-30 - 2026-09-28","3.00","0.00","0.00","1.67","","1.00","0.00","0.00","2.00","0.00","0.00","2.00","","0.00","0.00","","","","0.00","0.00","","",""
"водительское сиденье на газон некст купить в нижнем новгороде","2026-06-30 - 2026-09-28","3.00","0.00","0.00","14.00","","0.00","0.00","","0.00","0.00","","","","1.00","0.00","0.00","10.00","","2.00","0.00","0.00","16.00",""
"куплю турист сидения для форд транзит бу в красноярске","2026-06-30 - 2026-09-28","3.00","0.00","0.00","4.67","","0.00","0.00","","0.00","0.00","","","","3.00","0.00","0.00","4.67","","0.00","0.00","","",""
"купить на озоне подножку на задний борт газели","2026-06-30 - 2026-09-28","3.00","0.00","0.00","9.33","","0.00","0.00","","0.00","0.00","","","","3.00","0.00","0.00","9.33","","0.00","0.00","","",""
"купить рельсы для передвижного дивана","2026-06-30 - 2026-09-28","3.00","0.00","0.00","8.67","","0.00","0.00","","0.00","0.00","","","","3.00","0.00","0.00","8.67","","0.00","0.00","","",""
"передние сиденья маршрутки","2026-06-30 - 2026-09-28","3.00","0.00","0.00","3.00","","0.00","0.00","","2.00","0.00","0.00","2.50","","1.00","0.00","0.00","4.00","","0.00","0.00","","",""
"диван раскладной спальник в газель газон соболь","2026-06-30 - 2026-09-28","3.00","0.00","0.00","11.00","","0.00","0.00","","0.00","0.00","","","","1.00","0.00","0.00","10.00","","2.00","0.00","0.00","11.50",""
"полка туристическая в автобус мерседес спринтер купить","2026-06-30 - 2026-09-28","3.00","0.00","0.00","10.33","","0.00","0.00","","0.00","0.00","","","","2.00","0.00","0.00","9.00","","1.00","0.00","0.00","13.00",""
"комплектующие для автомобильных штор","2026-06-30 - 2026-09-28","3.00","0.00","0.00","17.67","","0.00","0.00","","0.00","0.00","","","","0.00","0.00","","","","3.00","0.00","0.00","17.67",""
"раскладывающиеся сидения от соболя nn купить","2026-06-30 - 2026-09-28","3.00","0.00","0.00","6.67","","0.00","0.00","","0.00","0.00","","","","3.00","0.00","0.00","6.67","","0.00","0.00","","",""
"навесной багажник на заднюю дверь","2026-06-30 - 2026-09-28","3.00","0.00","0.00","10.00","","0.00","0.00","","0.00","0.00","","","","2.00","0.00","0.00","9.50","","1.00","0.00","0.00","11.00",""
"складной столик для автомобиля","2026-06-30 - 2026-09-28","3.00","0.00","0.00","12.33","","0.00","0.00","","1.00","0.00","0.00","3.00","","0.00","0.00","","","","2.00","0.00","0.00","17.00",""
"подножка сдвижной двери спринтер 906","2026-06-30 - 2026-09-28","3.00","0.00","0.00","11.33","","0.00","0.00","","0.00","0.00","","","","0.00","0.00","","","","3.00","0.00","0.00","11.33",""
"минивэн пол","2026-06-30 - 2026-09-28","3.00","0.00","0.00","13.00","","0.00","0.00","","0.00","0.00","","","","0.00","0.00","","","","3.00","0.00","0.00","13.00",""
"сиделья у большого автобуса купить","2026-06-30 - 2026-09-28","3.00","0.00","0.00","1.67","","1.00","0.00","0.00","2.00","0.00","0.00","2.00","","0.00","0.00","","","","0.00","0.00","","",""
"донныенг сиденья","2026-06-30 - 2026-09-28","3.00","0.00","0.00","7.33","","0.00","0.00","","0.00","0.00","","","","3.00","0.00","0.00","7.33","","0.00","0.00","","",""
"направляющие для сидений универсальные","2026-06-30 - 2026-09-28","3.00","0.00","0.00","4.33","","0.00","0.00","","0.00","0.00","","","","3.00","0.00","0.00","4.33","","0.00","0.00","","",""
"крепление цанговые для турецких сидушек","2026-06-30 - 2026-09-28","3.00","1.00","33.33","3.67","2.00","0.00","0.00","","1.00","1.00","100.00","2.00","2.00","2.00","0.00","0.00","4.50","","0.00","0.00","","",""
"ступень на газель нн","2026-06-30 - 2026-09-28","3.00","0.00","0.00","10.33","","0.00","0.00","","0.00","0.00","","","","1.00","0.00","0.00","9.00","","2.00","0.00","0.00","11.00",""
"занавески для минивэна","2026-06-30 - 2026-09-28","3.00","0.00","0.00","10.67","","0.00","0.00","","0.00","0.00","","","","2.00","0.00","0.00","10.00","","1.00","0.00","0.00","12.00",""
"сиденье столик","2026-06-30 - 2026-09-28","3.00","0.00","0.00","9.00","","0.00","0.00","","1.00","0.00","0.00","3.00","","0.00","0.00","","","","2.00","0.00","0.00","12.00",""
"люк на крышу форд транзит б.у. купить","2026-06-30 - 2026-09-28","3.00","0.00","0.00","4.00","","0.00","0.00","","0.00","0.00","","","","3.00","0.00","0.00","4.00","","0.00","0.00","","",""
"крепеж занавесок газель некст 16 мест","2026-06-30 - 2026-09-28","3.00","0.00","0.00","7.67","","0.00","0.00","","0.00","0.00","","","","3.00","0.00","0.00","7.67","","0.00","0.00","","",""
"шторки мерседес спринтер","2026-06-30 - 2026-09-28","3.00","0.00","0.00","8.00","","0.00","0.00","","0.00","0.00","","","","3.00","0.00","0.00","8.00","","0.00","0.00","","",""
"боковые стекла на мерседес спринтер классик купить в брянске","2026-06-30 - 2026-09-28","3.00","0.00","0.00","9.67","","0.00","0.00","","0.00","0.00","","","","2.00","0.00","0.00","8.50","","1.00","0.00","0.00","12.00",""
"аксессуары в автобус","2026-06-30 - 2026-09-28","3.00","0.00","0.00","7.33","","0.00","0.00","","0.00","0.00","","","","3.00","0.00","0.00","7.33","","0.00","0.00","","",""
"ремни безопасности в автобус","2026-06-30 - 2026-09-28","3.00","2.00","66.67","6.67","8.50","0.00","0.00","","1.00","0.00","0.00","3.00","","2.00","2.00","100.00","8.50","8.50","0.00","0.00","","",""
"сидения автобуса vomer","2026-06-30 - 2026-09-28","3.00","0.00","0.00","8.00","","0.00","0.00","","0.00","0.00","","","","3.00","0.00","0.00","8.00","","0.00","0.00","","",""
"купить на форд транзит электропривод боковой двери","2026-06-30 - 2026-09-28","3.00","1.00","33.33","5.00","6.00","0.00","0.00","","0.00","0.00","","","","3.00","1.00","33.33","5.00","6.00","0.00","0.00","","",""
"стекла для микроавтобусов","2026-06-30 - 2026-09-28","3.00","0.00","0.00","4.67","","0.00","0.00","","1.00","0.00","0.00","3.00","","2.00","0.00","0.00","5.50","","0.00","0.00","","",""
"шторки в бусик","2026-06-30 - 2026-09-28","3.00","1.00","33.33","6.00","4.00","0.00","0.00","","0.00","0.00","","","","3.00","1.00","33.33","6.00","4.00","0.00","0.00","","",""
"купить ремень резинку для пенной сидушки","2026-06-30 - 2026-09-28","3.00","0.00","0.00","11.67","","0.00","0.00","","0.00","0.00","","","","0.00","0.00","","","","3.00","0.00","0.00","11.67",""
"сиденья кожа на микроавтобус","2026-06-30 - 2026-09-28","3.00","0.00","0.00","4.67","","0.00","0.00","","0.00","0.00","","","","3.00","0.00","0.00","4.67","","0.00","0.00","","",""
"купить сиденья б/у 7-ми местный газель на передней..в к.б.р.","2026-06-30 - 2026-09-28","3.00","0.00","0.00","14.33","","0.00","0.00","","0.00","0.00","","","","0.00","0.00","","","","3.00","0.00","0.00","14.33",""
"заглушки для направляющих автомобильного сиденья","2026-06-30 - 2026-09-28","3.00","0.00","0.00","10.67","","0.00","0.00","","0.00","0.00","","","","2.00","0.00","0.00","9.50","","1.00","0.00","0.00","13.00",""
"кнопка требования остановки в автобусе","2026-06-30 - 2026-09-28","3.00","0.00","0.00","23.00","","0.00","0.00","","0.00","0.00","","","","1.00","0.00","0.00","8.00","","2.00","0.00","0.00","30.50",""
"газ некст пассажирская занавески на окна","2026-06-30 - 2026-09-28","3.00","1.00","33.33","4.00","4.00","0.00","0.00","","0.00","0.00","","","","3.00","1.00","33.33","4.00","4.00","0.00","0.00","","",""
"шторки на пежо боксер","2026-06-30 - 2026-09-28","3.00","0.00","0.00","9.33","","0.00","0.00","","0.00","0.00","","","","3.00","0.00","0.00","9.33","","0.00","0.00","","",""
"диван раскладной для газели","2026-06-30 - 2026-09-28","3.00","0.00","0.00","5.33","","0.00","0.00","","0.00","0.00","","","","3.00","0.00","0.00","5.33","","0.00","0.00","","",""
"наголовник на кресло автобуса","2026-06-30 - 2026-09-28","3.00","0.00","0.00","7.67","","0.00","0.00","","0.00","0.00","","","","3.00","0.00","0.00","7.67","","0.00","0.00","","",""
"багажник газ навесной","2026-06-30 - 2026-09-28","3.00","2.00","66.67","3.33","3.00","1.00","1.00","100.00","0.00","0.00","","","","2.00","1.00","50.00","4.50","5.00","0.00","0.00","","",""
"задняя подножка раскладная газель next","2026-06-30 - 2026-09-28","3.00","2.00","66.67","4.33","3.00","0.00","0.00","","1.00","2.00","200.00","3.00","3.00","2.00","0.00","0.00","5.00","","0.00","0.00","","",""
"профиль светодиодный в микроавтобус","2026-06-30 - 2026-09-28","3.00","0.00","0.00","1.00","","3.00","0.00","0.00","0.00","0.00","","","","0.00","0.00","","","","0.00","0.00","","",""
"съемный столик в микроавтобус","2026-06-30 - 2026-09-28","3.00","0.00","0.00","2.33","","1.00","0.00","0.00","1.00","0.00","0.00","2.00","","1.00","0.00","0.00","4.00","","0.00","0.00","","",""
"сиденье на соболь нн","2026-06-30 - 2026-09-28","3.00","0.00","0.00","2.67","","1.00","0.00","0.00","1.00","0.00","0.00","3.00","","1.00","0.00","0.00","4.00","","0.00","0.00","","",""
"электропривод сдвижной двери 2-х моторный на ford transit в новом кузове от 2014 года","2026-06-30 - 2026-09-28","3.00","0.00","0.00","8.00","","0.00","0.00","","0.00","0.00","","","","3.00","0.00","0.00","8.00","","0.00","0.00","","",""
"кресло в автобус","2026-06-30 - 2026-09-28","3.00","0.00","0.00","3.33","","0.00","0.00","","2.00","0.00","0.00","3.00","","1.00","0.00","0.00","4.00","","0.00","0.00","","",""
"стекло на газель next купить в челябинске с установкой","2026-06-30 - 2026-09-28","3.00","1.00","33.33","2.33","1.00","1.00","1.00","100.00","1.00","0.00","0.00","2.00","","1.00","0.00","0.00","4.00","","0.00","0.00","","",""
"ножки сидений микроавтобуса","2026-06-30 - 2026-09-28","3.00","0.00","0.00","3.33","","0.00","0.00","","1.00","0.00","0.00","2.00","","2.00","0.00","0.00","4.00","","0.00","0.00","","",""
"купить направляющие для ночных штор газель некст","2026-06-30 - 2026-09-28","3.00","0.00","0.00","5.00","","0.00","0.00","","0.00","0.00","","","","3.00","0.00","0.00","5.00","","0.00","0.00","","",""
"уплотнитель усиленный фиат дукато","2026-06-30 - 2026-09-28","3.00","0.00","0.00","12.67","","0.00","0.00","","0.00","0.00","","","","0.00","0.00","","","","3.00","0.00","0.00","12.67",""
"запасной выход люк из пластика для автобуса купить","2026-06-30 - 2026-09-28","3.00","0.00","0.00","11.33","","0.00","0.00","","0.00","0.00","","","","0.00","0.00","","","","3.00","0.00","0.00","11.33",""
"купить шторы для боковых окон пассажирской газели","2026-06-30 - 2026-09-28","3.00","1.00","33.33","7.00","10.00","1.00","0.00","0.00","0.00","0.00","","","","2.00","1.00","50.00","10.00","10.00","0.00","0.00","","",""
"купить подлокотник с крепление к спинке","2026-06-30 - 2026-09-28","3.00","0.00","0.00","11.33","","0.00","0.00","","0.00","0.00","","","","1.00","0.00","0.00","10.00","","2.00","0.00","0.00","12.00",""
"купить задние сидушки о микроавтобуса","2026-06-30 - 2026-09-28","3.00","0.00","0.00","4.67","","0.00","0.00","","0.00","0.00","","","","3.00","0.00","0.00","4.67","","0.00","0.00","","",""
"автономка в автобус","2026-06-30 - 2026-09-28","3.00","0.00","0.00","5.00","","0.00","0.00","","2.00","0.00","0.00","2.00","","0.00","0.00","","","","1.00","0.00","0.00","11.00",""
"каркас переднего водительского сиденья газ соболь 2752","2026-06-30 - 2026-09-28","3.00","0.00","0.00","6.00","","0.00","0.00","","0.00","0.00","","","","3.00","0.00","0.00","6.00","","0.00","0.00","","",""
"багажный бокс на заднюю часть автомобиля спринтер","2026-06-30 - 2026-09-28","3.00","0.00","0.00","9.67","","0.00","0.00","","0.00","0.00","","","","2.00","0.00","0.00","8.00","","1.00","0.00","0.00","13.00",""
"настил выдвигающийся для гробов","2026-06-30 - 2026-09-28","3.00","0.00","0.00","8.00","","0.00","0.00","","0.00","0.00","","","","3.00","0.00","0.00","8.00","","0.00","0.00","","",""
"электропривод сдвижной двери микроавтобус","2026-06-30 - 2026-09-28","3.00","0.00","0.00","14.67","","0.00","0.00","","0.00","0.00","","","","2.00","0.00","0.00","8.50","","1.00","0.00","0.00","27.00",""
"ситроен джампер 2013г фиксатор форточки салона","2026-06-30 - 2026-09-28","3.00","0.00","0.00","3.67","","0.00","0.00","","2.00","0.00","0.00","3.00","","1.00","0.00","0.00","5.00","","0.00","0.00","","",""
"купить столик бабочка в микроавтобус","2026-06-30 - 2026-09-28","3.00","0.00","0.00","3.33","","0.00","0.00","","1.00","0.00","0.00","2.00","","2.00","0.00","0.00","4.00","","0.00","0.00","","",""
"диван трансформер в автомобиль","2026-06-30 - 2026-09-28","3.00","1.00","33.33","10.00","4.00","0.00","0.00","","0.00","0.00","","","","1.00","1.00","100.00","4.00","4.00","2.00","0.00","0.00","13.00",""
"кресло диван в микроавтобус","2026-06-30 - 2026-09-28","3.00","0.00","0.00","4.00","","0.00","0.00","","1.00","0.00","0.00","3.00","","2.00","0.00","0.00","4.50","","0.00","0.00","","",""
"направляйки штор на автобусе","2026-06-30 - 2026-09-28","3.00","0.00","0.00","11.33","","0.00","0.00","","0.00","0.00","","","","1.00","0.00","0.00","10.00","","2.00","0.00","0.00","12.00",""
"автомобильные сидения правое пассажирское с откидным столиком на спинке","2026-06-30 - 2026-09-28","3.00","0.00","0.00","4.67","","0.00","0.00","","0.00","0.00","","","","3.00","0.00","0.00","4.67","","0.00","0.00","","",""
"салазки для сидений микроавтобуса","2026-06-30 - 2026-09-28","3.00","0.00","0.00","4.33","","0.00","0.00","","0.00","0.00","","","","3.00","0.00","0.00","4.33","","0.00","0.00","","",""
"откидной столик транспортный","2026-06-30 - 2026-09-28","3.00","2.00","66.67","1.67","2.00","2.00","1.00","50.00","1.00","1.00","100.00","3.00","3.00","0.00","0.00","","","","0.00","0.00","","",""
"заглушка насаласки сидений на ходу вгнн 15год","2026-06-30 - 2026-09-28","3.00","0.00","0.00","7.00","","0.00","0.00","","0.00","0.00","","","","3.00","0.00","0.00","7.00","","0.00","0.00","","",""
"столик в салон автомобиля полисад между капитанских сидений","2026-06-30 - 2026-09-28","3.00","0.00","0.00","9.67","","0.00","0.00","","0.00","0.00","","","","3.00","0.00","0.00","9.67","","0.00","0.00","","",""
"мерседес спринтер что установить для защиты пассажира от солнца сидящего по середине","2026-06-30 - 2026-09-28","3.00","0.00","0.00","8.00","","0.00","0.00","","0.00","0.00","","","","3.00","0.00","0.00","8.00","","0.00","0.00","","",""
"раскладной диван для соболь нн комби","2026-06-30 - 2026-09-28","3.00","1.00","33.33","10.00","7.00","0.00","0.00","","0.00","0.00","","","","1.00","1.00","100.00","7.00","7.00","2.00","0.00","0.00","11.50",""
"комплектующие для туристического стула","2026-06-30 - 2026-09-28","3.00","0.00","0.00","12.67","","0.00","0.00","","0.00","0.00","","","","0.00","0.00","","","","3.00","0.00","0.00","12.67",""
"капитанские кресла в минивэн","2026-06-30 - 2026-09-28","3.00","0.00","0.00","4.67","","0.00","0.00","","0.00","0.00","","","","3.00","0.00","0.00","4.67","","0.00","0.00","","",""
"комплектующие для автобусов","2026-06-30 - 2026-09-28","3.00","0.00","0.00","6.33","","0.00","0.00","","0.00","0.00","","","","3.00","0.00","0.00","6.33","","0.00","0.00","","",""
"монтаж фву в микроавтобус","2026-06-30 - 2026-09-28","3.00","0.00","0.00","9.33","","0.00","0.00","","0.00","0.00","","","","2.00","0.00","0.00","8.50","","1.00","0.00","0.00","11.00",""
"боковая подножка на ford transit","2026-06-30 - 2026-09-28","3.00","0.00","0.00","1.33","","2.00","0.00","0.00","1.00","0.00","0.00","2.00","","0.00","0.00","","","","0.00","0.00","","",""
"купить подножка сдвижной двери mercedes sprinter classic кузов w909 в спб","2026-06-30 - 2026-09-28","3.00","0.00","0.00","7.67","","0.00","0.00","","0.00","0.00","","","","3.00","0.00","0.00","7.67","","0.00","0.00","","",""
"сиденья и комплектующие к сиденьям","2026-06-30 - 2026-09-28","3.00","0.00","0.00","6.67","","0.00","0.00","","0.00","0.00","","","","3.00","0.00","0.00","6.67","","0.00","0.00","","",""
"стекло в скорую в салон мерседес спринтер","2026-06-30 - 2026-09-28","3.00","0.00","0.00","7.67","","0.00","0.00","","0.00","0.00","","","","3.00","0.00","0.00","7.67","","0.00","0.00","","",""
"защелка бокового стекла мерседес спринтер 515","2026-06-30 - 2026-09-28","3.00","0.00","0.00","5.00","","0.00","0.00","","0.00","0.00","","","","3.00","0.00","0.00","5.00","","0.00","0.00","","",""
"подлокотник на дверь автобуса паз","2026-06-30 - 2026-09-28","3.00","0.00","0.00","5.00","","0.00","0.00","","0.00","0.00","","","","3.00","0.00","0.00","5.00","","0.00","0.00","","",""
"купить водительское сидение на авто соболь","2026-06-30 - 2026-09-28","3.00","0.00","0.00","3.67","","0.00","0.00","","1.00","0.00","0.00","3.00","","2.00","0.00","0.00","4.00","","0.00","0.00","","",""
"комфортные сиденье на соболь нн фото","2026-06-30 - 2026-09-28","3.00","0.00","0.00","7.00","","0.00","0.00","","0.00","0.00","","","","2.00","0.00","0.00","5.00","","1.00","0.00","0.00","11.00",""
"раскладной диван газон некст","2026-06-30 - 2026-09-28","3.00","2.00","66.67","4.33","3.00","0.00","0.00","","1.00","2.00","200.00","3.00","3.00","2.00","0.00","0.00","5.00","","0.00","0.00","","",""
"где купить сидения в автобус","2026-06-30 - 2026-09-28","3.00","0.00","0.00","7.67","","0.00","0.00","","0.00","0.00","","","","3.00","0.00","0.00","7.67","","0.00","0.00","","",""
"новое кресло водителя купить","2026-06-30 - 2026-09-28","3.00","0.00","0.00","11.67","","0.00","0.00","","0.00","0.00","","","","0.00","0.00","","","","3.00","0.00","0.00","11.67",""
"купить боковые стёкла с резинками нсреднию базу салона спринтер","2026-06-30 - 2026-09-28","3.00","0.00","0.00","10.00","","0.00","0.00","","0.00","0.00","","","","2.00","0.00","0.00","9.50","","1.00","0.00","0.00","11.00",""
"форд транзит евро штора","2026-06-30 - 2026-09-28","3.00","0.00","0.00","13.00","","0.00","0.00","","0.00","0.00","","","","0.00","0.00","","","","3.00","0.00","0.00","13.00",""
"подголовник klafs купить","2026-06-30 - 2026-09-28","3.00","0.00","0.00","11.67","","0.00","0.00","","0.00","0.00","","","","1.00","0.00","0.00","9.00","","2.00","0.00","0.00","13.00",""
"микроавтобус форд транзит 20 года пассажирский вытяжка на крыше","2026-06-30 - 2026-09-28","3.00","0.00","0.00","8.67","","0.00","0.00","","0.00","0.00","","","","3.00","0.00","0.00","8.67","","0.00","0.00","","",""
"купить ламбрекены на форд транзит","2026-06-30 - 2026-09-28","3.00","0.00","0.00","12.00","","0.00","0.00","","0.00","0.00","","","","0.00","0.00","","","","3.00","0.00","0.00","12.00",""
"трёхточечные ремни безопасности для автобуса","2026-06-30 - 2026-09-28","3.00","0.00","0.00","11.00","","0.00","0.00","","0.00","0.00","","","","0.00","0.00","","","","3.00","0.00","0.00","11.00",""
"вентиляционный люк","2026-06-30 - 2026-09-28","3.00","0.00","0.00","20.67","","0.00","0.00","","0.00","0.00","","","","0.00","0.00","","","","3.00","0.00","0.00","20.67",""
"материал для сидений микроавтобусов","2026-06-30 - 2026-09-28","3.00","0.00","0.00","8.67","","0.00","0.00","","0.00","0.00","","","","2.00","0.00","0.00","7.00","","1.00","0.00","0.00","12.00",""
"дополнительный багажник на заднюю дверь","2026-06-30 - 2026-09-28","3.00","0.00","0.00","9.00","","0.00","0.00","","0.00","0.00","","","","2.00","0.00","0.00","8.00","","1.00","0.00","0.00","11.00",""
"стекла для микроавтобуса с форточкой боковые купить","2026-06-30 - 2026-09-28","3.00","0.00","0.00","2.00","","0.00","0.00","","3.00","0.00","0.00","2.00","","0.00","0.00","","","","0.00","0.00","","",""
"одноместное пассажирское сидение в газель","2026-06-30 - 2026-09-28","3.00","0.00","0.00","6.33","","0.00","0.00","","0.00","0.00","","","","3.00","0.00","0.00","6.33","","0.00","0.00","","",""
"купить шторки на мерседес бенц classic","2026-06-30 - 2026-09-28","3.00","0.00","0.00","7.67","","0.00","0.00","","0.00","0.00","","","","3.00","0.00","0.00","7.67","","0.00","0.00","","",""
"крепление опора сиденья пассажира газель фермер","2026-06-30 - 2026-09-28","3.00","0.00","0.00","7.00","","0.00","0.00","","0.00","0.00","","","","3.00","0.00","0.00","7.00","","0.00","0.00","","",""
"диван в авто транзит","2026-06-30 - 2026-09-28","3.00","0.00","0.00","1.67","","1.00","0.00","0.00","2.00","0.00","0.00","2.00","","0.00","0.00","","","","0.00","0.00","","",""
"кресло автомобильное пассажирское","2026-06-30 - 2026-09-28","3.00","1.00","33.33","6.67","4.00","0.00","0.00","","0.00","0.00","","","","2.00","1.00","50.00","4.50","4.00","1.00","0.00","0.00","11.00",""
"заглушка салазок сиденья","2026-06-30 - 2026-09-28","3.00","0.00","0.00","12.00","","0.00","0.00","","0.00","0.00","","","","1.00","0.00","0.00","10.00","","2.00","0.00","0.00","13.00",""
"чехлы для диванов ривьера для микроавтобусов","2026-06-30 - 2026-09-28","3.00","0.00","0.00","11.00","","0.00","0.00","","0.00","0.00","","","","0.00","0.00","","","","3.00","0.00","0.00","11.00",""
"сиденье arsale","2026-06-30 - 2026-09-28","3.00","0.00","0.00","3.00","","0.00","0.00","","2.00","0.00","0.00","2.00","","1.00","0.00","0.00","5.00","","0.00","0.00","","",""
"раскладной диван из кресла газель","2026-06-30 - 2026-09-28","3.00","0.00","0.00","11.33","","0.00","0.00","","0.00","0.00","","","","1.00","0.00","0.00","10.00","","2.00","0.00","0.00","12.00",""
"защёлка - замок на стекло с форточкой на автобус","2026-06-30 - 2026-09-28","3.00","0.00","0.00","3.67","","0.00","0.00","","1.00","0.00","0.00","3.00","","2.00","0.00","0.00","4.00","","0.00","0.00","","",""
"минивэн сиденья","2026-06-30 - 2026-09-28","3.00","1.00","33.33","6.33","6.00","0.00","0.00","","0.00","0.00","","","","3.00","1.00","33.33","6.33","6.00","0.00","0.00","","",""
"заказать кнопку стоп и вызов","2026-06-30 - 2026-09-28","3.00","0.00","0.00","6.00","","0.00","0.00","","1.00","0.00","0.00","3.00","","2.00","0.00","0.00","7.50","","0.00","0.00","","",""
"заказать сидения mersedes tourer turist","2026-06-30 - 2026-09-28","3.00","1.00","33.33","4.33","4.00","0.00","0.00","","0.00","0.00","","","","3.00","1.00","33.33","4.33","4.00","0.00","0.00","","",""
"сиденье от импортного микроавтобуса водительское","2026-06-30 - 2026-09-28","3.00","0.00","0.00","3.00","","0.00","0.00","","3.00","0.00","0.00","3.00","","0.00","0.00","","","","0.00","0.00","","",""
"обшивка салона автомобиля форд транзит 2007 года выпуска купить цена","2026-06-30 - 2026-09-28","3.00","0.00","0.00","8.67","","0.00","0.00","","0.00","0.00","","","","3.00","0.00","0.00","8.67","","0.00","0.00","","",""
"поворотный механизм для автокресел","2026-06-30 - 2026-09-28","3.00","0.00","0.00","13.00","","0.00","0.00","","0.00","0.00","","","","0.00","0.00","","","","3.00","0.00","0.00","13.00",""
"электросдвижная дверь спринтер w906","2026-06-30 - 2026-09-28","3.00","0.00","0.00","10.67","","0.00","0.00","","0.00","0.00","","","","2.00","0.00","0.00","10.00","","1.00","0.00","0.00","12.00",""
"вентиляция в крыше микроавтобуса","2026-06-30 - 2026-09-28","3.00","0.00","0.00","12.00","","0.00","0.00","","0.00","0.00","","","","0.00","0.00","","","","3.00","0.00","0.00","12.00",""
"полки в кузов микроавтобуса","2026-06-30 - 2026-09-28","3.00","0.00","0.00","3.33","","0.00","0.00","","2.00","0.00","0.00","3.00","","1.00","0.00","0.00","4.00","","0.00","0.00","","",""
"замок открывания форточки форд транзит","2026-06-30 - 2026-09-28","3.00","0.00","0.00","7.33","","0.00","0.00","","0.00","0.00","","","","3.00","0.00","0.00","7.33","","0.00","0.00","","",""
"крепление поручней в микроавтобусе","2026-06-30 - 2026-09-28","3.00","0.00","0.00","10.33","","0.00","0.00","","0.00","0.00","","","","1.00","0.00","0.00","9.00","","2.00","0.00","0.00","11.00",""
"купить раскладной стол на авто","2026-06-30 - 2026-09-28","3.00","0.00","0.00","9.00","","0.00","0.00","","0.00","0.00","","","","3.00","0.00","0.00","9.00","","0.00","0.00","","",""
"кофр на задние распашные двери микроавтобуса","2026-06-30 - 2026-09-28","3.00","1.00","33.33","1.00","1.00","3.00","1.00","33.33","0.00","0.00","","","","0.00","0.00","","","","0.00","0.00","","",""
"пластиковая подножка газель некст","2026-06-30 - 2026-09-28","3.00","0.00","0.00","10.67","","0.00","0.00","","0.00","0.00","","","","2.00","0.00","0.00","10.00","","1.00","0.00","0.00","12.00",""
"накладки под ручки мерседес спринтер классик мыльницы","2026-06-30 - 2026-09-28","3.00","1.00","33.33","8.67","1.00","1.00","1.00","100.00","0.00","0.00","","","","0.00","0.00","","","","2.00","0.00","0.00","12.50",""
"крепление для инвалидных колясок в автомобиле","2026-06-30 - 2026-09-28","3.00","0.00","0.00","7.00","","0.00","0.00","","0.00","0.00","","","","3.00","0.00","0.00","7.00","","0.00","0.00","","",""
"складное сиденье второго водителя для автобуса","2026-06-30 - 2026-09-28","3.00","0.00","0.00","9.33","","0.00","0.00","","0.00","0.00","","","","2.00","0.00","0.00","8.50","","1.00","0.00","0.00","11.00",""
"кресло диван в газель","2026-06-30 - 2026-09-28","3.00","0.00","0.00","9.67","","0.00","0.00","","0.00","0.00","","","","3.00","0.00","0.00","9.67","","0.00","0.00","","",""
"багажник для минивэна","2026-06-30 - 2026-09-28","3.00","0.00","0.00","11.33","","0.00","0.00","","0.00","0.00","","","","1.00","0.00","0.00","10.00","","2.00","0.00","0.00","12.00",""
"наклейки, молдинги мерс спринтер классик задние","2026-06-30 - 2026-09-28","3.00","0.00","0.00","11.67","","0.00","0.00","","0.00","0.00","","","","0.00","0.00","","","","3.00","0.00","0.00","11.67",""
"защелка раздвижного стекла фольксваген крафтер","2026-06-30 - 2026-09-28","3.00","0.00","0.00","10.33","","0.00","0.00","","0.00","0.00","","","","2.00","0.00","0.00","10.00","","1.00","0.00","0.00","11.00",""
"фурнитура для автобусов","2026-06-30 - 2026-09-28","3.00","0.00","0.00","6.67","","0.00","0.00","","1.00","0.00","0.00","3.00","","1.00","0.00","0.00","6.00","","1.00","0.00","0.00","11.00",""
"багажник рюкзак на форд транзит","2026-06-30 - 2026-09-28","3.00","1.00","33.33","3.00","1.00","2.00","1.00","50.00","0.00","0.00","","","","1.00","0.00","0.00","7.00","","0.00","0.00","","",""
"левое боковые задние стекла форд транзит 2014","2026-06-30 - 2026-09-28","3.00","0.00","0.00","11.33","","0.00","0.00","","0.00","0.00","","","","0.00","0.00","","","","3.00","0.00","0.00","11.33",""
"купить в новокузнецке пневмо сидение для газели некст","2026-06-30 - 2026-09-28","3.00","0.00","0.00","12.33","","0.00","0.00","","0.00","0.00","","","","0.00","0.00","","","","3.00","0.00","0.00","12.33",""
"баском ростов","2026-06-30 - 2026-09-28","3.00","0.00","0.00","11.33","","0.00","0.00","","0.00","0.00","","","","1.00","0.00","0.00","7.00","","2.00","0.00","0.00","13.50",""
"шторки в кабину спринтер","2026-06-30 - 2026-09-28","3.00","0.00","0.00","6.67","","0.00","0.00","","0.00","0.00","","","","3.00","0.00","0.00","6.67","","0.00","0.00","","",""
"шторки на окна минивэн","2026-06-30 - 2026-09-28","3.00","0.00","0.00","9.00","","0.00","0.00","","0.00","0.00","","","","2.00","0.00","0.00","7.00","","1.00","0.00","0.00","13.00",""
"поручень автобуса купить","2026-06-30 - 2026-09-28","3.00","0.00","0.00","8.00","","0.00","0.00","","0.00","0.00","","","","2.00","0.00","0.00","6.50","","1.00","0.00","0.00","11.00",""
"турецкие сиденья grl купить","2026-06-30 - 2026-09-28","3.00","0.00","0.00","3.67","","0.00","0.00","","1.00","0.00","0.00","3.00","","2.00","0.00","0.00","4.00","","0.00","0.00","","",""
"направляющие салазок сидений","2026-06-30 - 2026-09-28","3.00","0.00","0.00","8.33","","0.00","0.00","","0.00","0.00","","","","3.00","0.00","0.00","8.33","","0.00","0.00","","",""
"шторки на газель некст цмф 7 мест на задние стекла","2026-06-30 - 2026-09-28","3.00","2.00","66.67","5.00","5.00","0.00","0.00","","0.00","0.00","","","","3.00","2.00","66.67","5.00","5.00","0.00","0.00","","",""
"антивандальное сиденье","2026-06-30 - 2026-09-28","3.00","0.00","0.00","7.33","","0.00","0.00","","0.00","0.00","","","","3.00","0.00","0.00","7.33","","0.00","0.00","","",""
"диван на газон некст","2026-06-30 - 2026-09-28","3.00","0.00","0.00","5.67","","0.00","0.00","","0.00","0.00","","","","3.00","0.00","0.00","5.67","","0.00","0.00","","",""
"диван в авто","2026-06-30 - 2026-09-28","3.00","0.00","0.00","10.67","","0.00","0.00","","0.00","0.00","","","","1.00","0.00","0.00","9.00","","2.00","0.00","0.00","11.50",""
"купить обивку сидений салона 22 места автомобиль специальный автобус газ а67р43","2026-06-30 - 2026-09-28","3.00","0.00","0.00","11.33","","0.00","0.00","","0.00","0.00","","","","0.00","0.00","","","","3.00","0.00","0.00","11.33",""
"proffit багажник на ford transit","2026-06-30 - 2026-09-28","3.00","0.00","0.00","11.67","","0.00","0.00","","0.00","0.00","","","","0.00","0.00","","","","3.00","0.00","0.00","11.67",""
"фото шторы в салон автобуса","2026-06-30 - 2026-09-28","3.00","0.00","0.00","8.67","","0.00","0.00","","0.00","0.00","","","","3.00","0.00","0.00","8.67","","0.00","0.00","","",""
"крепление автобусных поручней","2026-06-30 - 2026-09-28","3.00","0.00","0.00","7.67","","0.00","0.00","","0.00","0.00","","","","3.00","0.00","0.00","7.67","","0.00","0.00","","",""
"шторки фольксваген крафтер волгограде купить тряпочные грозный","2026-06-30 - 2026-09-28","3.00","1.00","33.33","7.67","4.00","0.00","0.00","","0.00","0.00","","","","2.00","1.00","50.00","6.00","4.00","1.00","0.00","0.00","11.00",""
"стекла для микроавтобуса купить","2026-06-30 - 2026-09-28","3.00","2.00","66.67","5.33","5.50","0.00","0.00","","0.00","0.00","","","","3.00","2.00","66.67","5.33","5.50","0.00","0.00","","",""
"купить сиденья с газели турист","2026-06-30 - 2026-09-28","3.00","0.00","0.00","2.67","","0.00","0.00","","3.00","0.00","0.00","2.67","","0.00","0.00","","","","0.00","0.00","","",""
"поручни горизонтальные для автобусов","2026-06-30 - 2026-09-28","3.00","0.00","0.00","4.33","","0.00","0.00","","0.00","0.00","","","","3.00","0.00","0.00","4.33","","0.00","0.00","","",""
"шторки синие mercedes sprinter","2026-06-30 - 2026-09-28","3.00","0.00","0.00","11.67","","0.00","0.00","","0.00","0.00","","","","0.00","0.00","","","","3.00","0.00","0.00","11.67",""
"нижний новгород корейская 24","2026-06-30 - 2026-09-28","3.00","0.00","0.00","11.00","","0.00","0.00","","0.00","0.00","","","","1.00","0.00","0.00","10.00","","2.00","0.00","0.00","11.50",""
"пассажирские сиденья для автобуса","2026-06-30 - 2026-09-28","3.00","0.00","0.00","5.00","","0.00","0.00","","0.00","0.00","","","","3.00","0.00","0.00","5.00","","0.00","0.00","","",""
"секционный стеллаж выдвижной для гробов","2026-06-30 - 2026-09-28","3.00","0.00","0.00","3.67","","0.00","0.00","","1.00","0.00","0.00","2.00","","2.00","0.00","0.00","4.50","","0.00","0.00","","",""
"шторки в салон газель","2026-06-30 - 2026-09-28","3.00","0.00","0.00","9.67","","0.00","0.00","","0.00","0.00","","","","1.00","0.00","0.00","7.00","","2.00","0.00","0.00","11.00",""
"детали двери багажника микроавтобуса","2026-06-30 - 2026-09-28","3.00","0.00","0.00","7.00","","0.00","0.00","","0.00","0.00","","","","3.00","0.00","0.00","7.00","","0.00","0.00","","",""
"катушка ретрактор для инвалидной коляски","2026-06-30 - 2026-09-28","3.00","1.00","33.33","1.67","1.00","1.00","1.00","100.00","2.00","0.00","0.00","2.00","","0.00","0.00","","","","0.00","0.00","","",""
"универсальный регулируемый подлокотник mypads","2026-06-30 - 2026-09-28","3.00","0.00","0.00","8.67","","0.00","0.00","","0.00","0.00","","","","3.00","0.00","0.00","8.67","","0.00","0.00","","",""
"стекло сдвижной двери джампер бокстер","2026-06-30 - 2026-09-28","3.00","1.00","33.33","10.33","12.00","0.00","0.00","","0.00","0.00","","","","2.00","0.00","0.00","9.50","","1.00","1.00","100.00","12.00","12.00"
"профиль накладной для установки сидений","2026-06-30 - 2026-09-28","3.00","1.00","33.33","7.67","3.00","0.00","0.00","","1.00","1.00","100.00","3.00","3.00","1.00","0.00","0.00","8.00","","1.00","0.00","0.00","12.00",""
"купить поручни для автобуса","2026-06-30 - 2026-09-28","3.00","1.00","33.33","5.00","3.00","0.00","0.00","","2.00","1.00","50.00","3.00","3.00","1.00","0.00","0.00","9.00","","0.00","0.00","","",""
"поручни автобус","2026-06-30 - 2026-09-28","3.00","1.00","33.33","8.00","5.00","0.00","0.00","","0.00","0.00","","","","2.00","1.00","50.00","6.50","5.00","1.00","0.00","0.00","11.00",""
"где можно приобрести салон на столик соболь баргузин","2026-06-30 - 2026-09-28","3.00","0.00","0.00","7.33","","0.00","0.00","","0.00","0.00","","","","3.00","0.00","0.00","7.33","","0.00","0.00","","",""
"купить сиденья для микроавтобуса с трехточечными ремнями безопасности","2026-06-30 - 2026-09-28","3.00","0.00","0.00","17.33","","0.00","0.00","","0.00","0.00","","","","0.00","0.00","","","","3.00","0.00","0.00","17.33",""
"автобусные сиденья газель некст","2026-06-30 - 2026-09-28","3.00","0.00","0.00","9.33","","0.00","0.00","","0.00","0.00","","","","3.00","0.00","0.00","9.33","","0.00","0.00","","",""
"второй ряд сидений в микроавтобус на направляющих","2026-06-30 - 2026-09-28","3.00","0.00","0.00","7.33","","0.00","0.00","","0.00","0.00","","","","3.00","0.00","0.00","7.33","","0.00","0.00","","",""
"кронштейн для автобуса","2026-06-30 - 2026-09-28","3.00","0.00","0.00","7.67","","0.00","0.00","","0.00","0.00","","","","3.00","0.00","0.00","7.67","","0.00","0.00","","",""
"запчасти микроавтобуса","2026-06-30 - 2026-09-28","3.00","0.00","0.00","10.67","","0.00","0.00","","0.00","0.00","","","","1.00","0.00","0.00","7.00","","2.00","0.00","0.00","12.50",""
"сиденья гида купить екатеринбург","2026-06-30 - 2026-09-28","3.00","0.00","0.00","9.00","","0.00","0.00","","0.00","0.00","","","","3.00","0.00","0.00","9.00","","0.00","0.00","","",""
"сиденье гида в автобус купить","2026-06-30 - 2026-09-28","3.00","0.00","0.00","4.67","","0.00","0.00","","0.00","0.00","","","","3.00","0.00","0.00","4.67","","0.00","0.00","","",""
"что такое блок в автобусе ?","2026-06-30 - 2026-09-28","3.00","1.00","33.33","2.67","1.00","1.00","1.00","100.00","1.00","0.00","0.00","3.00","","1.00","0.00","0.00","4.00","","0.00","0.00","","",""
"водительское сиденье купить","2026-06-30 - 2026-09-28","3.00","0.00","0.00","34.67","","0.00","0.00","","0.00","0.00","","","","0.00","0.00","","","","3.00","0.00","0.00","34.67",""
"шторки в микроавтобусе","2026-06-30 - 2026-09-28","3.00","0.00","0.00","6.33","","0.00","0.00","","0.00","0.00","","","","3.00","0.00","0.00","6.33","","0.00","0.00","","",""
"полозья для шторок в машину","2026-06-30 - 2026-09-28","3.00","0.00","0.00","12.00","","0.00","0.00","","0.00","0.00","","","","0.00","0.00","","","","3.00","0.00","0.00","12.00",""
"раскладной столик для микроавтобуса. купить","2026-06-30 - 2026-09-28","3.00","0.00","0.00","3.33","","0.00","0.00","","2.00","0.00","0.00","3.00","","1.00","0.00","0.00","4.00","","0.00","0.00","","",""
"крепление для сидений микроавтобуса","2026-06-30 - 2026-09-28","3.00","0.00","0.00","9.00","","0.00","0.00","","0.00","0.00","","","","3.00","0.00","0.00","9.00","","0.00","0.00","","",""
"шторы в грузовой автомобиль или автобус","2026-06-30 - 2026-09-28","3.00","0.00","0.00","12.00","","0.00","0.00","","0.00","0.00","","","","0.00","0.00","","","","3.00","0.00","0.00","12.00",""
"подголовник в автобусе","2026-06-30 - 2026-09-28","3.00","0.00","0.00","10.00","","0.00","0.00","","0.00","0.00","","","","2.00","0.00","0.00","8.50","","1.00","0.00","0.00","13.00",""
"механизм складывания сидений","2026-06-30 - 2026-09-28","3.00","0.00","0.00","11.67","","0.00","0.00","","0.00","0.00","","","","0.00","0.00","","","","3.00","0.00","0.00","11.67",""
"установка багажника на газель некст","2026-06-30 - 2026-09-28","3.00","0.00","0.00","10.67","","0.00","0.00","","0.00","0.00","","","","1.00","0.00","0.00","8.00","","2.00","0.00","0.00","12.00",""
"салон для мерседес спринтер туристический купить","2026-06-30 - 2026-09-28","3.00","0.00","0.00","8.00","","0.00","0.00","","0.00","0.00","","","","3.00","0.00","0.00","8.00","","0.00","0.00","","",""
"подножки на газель цельнометаллическая показать","2026-06-30 - 2026-09-28","3.00","0.00","0.00","4.67","","0.00","0.00","","2.00","0.00","0.00","3.00","","1.00","0.00","0.00","8.00","","0.00","0.00","","",""
"уплотнитель форточки салона sprinter","2026-06-30 - 2026-09-28","3.00","0.00","0.00","2.67","","0.00","0.00","","2.00","0.00","0.00","2.00","","1.00","0.00","0.00","4.00","","0.00","0.00","","",""
"поворотный механизм под кресло","2026-06-30 - 2026-09-28","3.00","0.00","0.00","45.33","","0.00","0.00","","0.00","0.00","","","","0.00","0.00","","","","3.00","0.00","0.00","45.33",""
"столик складной соболь","2026-06-30 - 2026-09-28","3.00","0.00","0.00","3.33","","0.00","0.00","","2.00","0.00","0.00","3.00","","1.00","0.00","0.00","4.00","","0.00","0.00","","",""
"шторы в салон автобуса ивеко дейли","2026-06-30 - 2026-09-28","3.00","0.00","0.00","4.67","","0.00","0.00","","0.00","0.00","","","","3.00","0.00","0.00","4.67","","0.00","0.00","","",""
"водительское сиденье соболь 221717 артикул","2026-06-30 - 2026-09-28","3.00","0.00","0.00","10.00","","0.00","0.00","","0.00","0.00","","","","3.00","0.00","0.00","10.00","","0.00","0.00","","",""
"люк на форд транзит 2020","2026-06-30 - 2026-09-28","3.00","1.00","33.33","6.00","5.00","0.00","0.00","","0.00","0.00","","","","3.00","1.00","33.33","6.00","5.00","0.00","0.00","","",""
"багажная полка форд транзит 2012 год купить авито","2026-06-30 - 2026-09-28","3.00","0.00","0.00","11.00","","0.00","0.00","","0.00","0.00","","","","1.00","0.00","0.00","8.00","","2.00","0.00","0.00","12.50",""
"ремень пассажирский","2026-06-30 - 2026-09-28","3.00","0.00","0.00","10.00","","0.00","0.00","","0.00","0.00","","","","2.00","0.00","0.00","9.50","","1.00","0.00","0.00","11.00",""
"купить задний диван микроавтобуса","2026-06-30 - 2026-09-28","3.00","0.00","0.00","6.00","","0.00","0.00","","0.00","0.00","","","","3.00","0.00","0.00","6.00","","0.00","0.00","","",""
"форд транзит автобус электродвигатель на пассажирскую дверь","2026-06-30 - 2026-09-28","3.00","1.00","33.33","7.33","7.00","0.00","0.00","","0.00","0.00","","","","3.00","1.00","33.33","7.33","7.00","0.00","0.00","","",""
"сиденья rivera","2026-06-30 - 2026-09-28","3.00","0.00","0.00","9.00","","0.00","0.00","","0.00","0.00","","","","2.00","0.00","0.00","8.00","","1.00","0.00","0.00","11.00",""
"поворотное пассажирское сиденье на соболь","2026-06-30 - 2026-09-28","3.00","0.00","0.00","8.33","","0.00","0.00","","0.00","0.00","","","","3.00","0.00","0.00","8.33","","0.00","0.00","","",""
"люк для проветривания стеклянный гласс проект","2026-06-30 - 2026-09-28","3.00","0.00","0.00","6.00","","0.00","0.00","","1.00","0.00","0.00","3.00","","2.00","0.00","0.00","7.50","","0.00","0.00","","",""
"столик в салон газ 2217","2026-06-30 - 2026-09-28","3.00","1.00","33.33","9.67","11.00","0.00","0.00","","0.00","0.00","","","","2.00","0.00","0.00","9.00","","1.00","1.00","100.00","11.00","11.00"
"поворотный механизм сидений","2026-06-30 - 2026-09-28","3.00","0.00","0.00","17.33","","0.00","0.00","","0.00","0.00","","","","0.00","0.00","","","","3.00","0.00","0.00","17.33",""
"навесной багажник на газель","2026-06-30 - 2026-09-28","3.00","1.00","33.33","2.67","1.00","1.00","1.00","100.00","1.00","0.00","0.00","2.00","","1.00","0.00","0.00","5.00","","0.00","0.00","","",""
"глейско сиденья","2026-06-30 - 2026-09-28","3.00","0.00","0.00","10.00","","0.00","0.00","","0.00","0.00","","","","2.00","0.00","0.00","9.00","","1.00","0.00","0.00","12.00",""
"купить резинку для автобусный стекол","2026-06-30 - 2026-09-28","3.00","0.00","0.00","3.33","","0.00","0.00","","1.00","0.00","0.00","2.00","","2.00","0.00","0.00","4.00","","0.00","0.00","","",""
"сиденья пассажирские","2026-06-30 - 2026-09-28","3.00","0.00","0.00","7.33","","0.00","0.00","","0.00","0.00","","","","3.00","0.00","0.00","7.33","","0.00","0.00","","",""
"купить сидушку на кресло для поездки в автобусе","2026-06-30 - 2026-09-28","3.00","0.00","0.00","8.67","","0.00","0.00","","0.00","0.00","","","","1.00","0.00","0.00","4.00","","2.00","0.00","0.00","11.00",""
"комплект люка","2026-06-30 - 2026-09-28","3.00","0.00","0.00","9.67","","0.00","0.00","","0.00","0.00","","","","2.00","0.00","0.00","9.00","","1.00","0.00","0.00","11.00",""
"стекло автобуса","2026-06-30 - 2026-09-28","3.00","0.00","0.00","9.67","","0.00","0.00","","0.00","0.00","","","","3.00","0.00","0.00","9.67","","0.00","0.00","","",""
"аварийно-вентиляционный люк с фиксатором открытого положения в крыше пассажирского отсека","2026-06-30 - 2026-09-28","3.00","0.00","0.00","10.33","","0.00","0.00","","0.00","0.00","","","","2.00","0.00","0.00","10.00","","1.00","0.00","0.00","11.00",""
"замок сдвижной форточки форд транзит","2026-06-30 - 2026-09-28","3.00","0.00","0.00","7.00","","0.00","0.00","","0.00","0.00","","","","3.00","0.00","0.00","7.00","","0.00","0.00","","",""
"кольцо на подлокотник туристического кресла","2026-06-30 - 2026-09-28","3.00","0.00","0.00","4.67","","0.00","0.00","","0.00","0.00","","","","3.00","0.00","0.00","4.67","","0.00","0.00","","",""
"перегородка микроавтобус","2026-06-30 - 2026-09-28","3.00","0.00","0.00","6.67","","0.00","0.00","","0.00","0.00","","","","3.00","0.00","0.00","6.67","","0.00","0.00","","",""
"кронштейн крепления поручня k-002 (неокрашенный)","2026-06-30 - 2026-09-28","3.00","0.00","0.00","10.67","","0.00","0.00","","0.00","0.00","","","","2.00","0.00","0.00","10.00","","1.00","0.00","0.00","12.00",""
"сиденье ривьера","2026-06-30 - 2026-09-28","3.00","0.00","0.00","10.00","","0.00","0.00","","0.00","0.00","","","","1.00","0.00","0.00","5.00","","2.00","0.00","0.00","12.50",""
"комфортные кресла для группового транспорта","2026-06-30 - 2026-09-28","3.00","0.00","0.00","5.67","","0.00","0.00","","0.00","0.00","","","","3.00","0.00","0.00","5.67","","0.00","0.00","","",""
"комплект обшивок потолка салона пежо боксер","2026-06-30 - 2026-09-28","3.00","0.00","0.00","5.00","","0.00","0.00","","0.00","0.00","","","","3.00","0.00","0.00","5.00","","0.00","0.00","","",""
"микроавтобус столик в салон","2026-06-30 - 2026-09-28","3.00","0.00","0.00","2.00","","0.00","0.00","","3.00","0.00","0.00","2.00","","0.00","0.00","","","","0.00","0.00","","",""
"переднее сиденье на соболь","2026-06-30 - 2026-09-28","3.00","0.00","0.00","4.67","","0.00","0.00","","1.00","0.00","0.00","3.00","","2.00","0.00","0.00","5.50","","0.00","0.00","","",""
"сидения для микроавтобусов купить вип турист","2026-06-30 - 2026-09-28","3.00","1.00","33.33","1.33","1.00","2.00","1.00","50.00","1.00","0.00","0.00","2.00","","0.00","0.00","","","","0.00","0.00","","",""
"сиденье двойное с трехточечными ремнями безопасности","2026-06-30 - 2026-09-28","3.00","0.00","0.00","11.33","","0.00","0.00","","0.00","0.00","","","","0.00","0.00","","","","3.00","0.00","0.00","11.33",""
"купить крепления пола для пассажирских сидений соболь","2026-06-30 - 2026-09-28","3.00","0.00","0.00","6.67","","0.00","0.00","","0.00","0.00","","","","3.00","0.00","0.00","6.67","","0.00","0.00","","",""
"столик на автомобильное сиденье bgtworkshop","2026-06-30 - 2026-09-28","3.00","0.00","0.00","8.00","","0.00","0.00","","0.00","0.00","","","","3.00","0.00","0.00","8.00","","0.00","0.00","","",""
"салазки для микроавтобусов","2026-06-30 - 2026-09-28","3.00","0.00","0.00","3.00","","0.00","0.00","","2.00","0.00","0.00","2.00","","1.00","0.00","0.00","5.00","","0.00","0.00","","",""
"задняя подножка газель некст складная волгоград","2026-06-30 - 2026-09-28","3.00","0.00","0.00","9.00","","0.00","0.00","","0.00","0.00","","","","3.00","0.00","0.00","9.00","","0.00","0.00","","",""
"рельсы салазки","2026-06-30 - 2026-09-28","3.00","0.00","0.00","9.33","","0.00","0.00","","0.00","0.00","","","","3.00","0.00","0.00","9.33","","0.00","0.00","","",""
"размер водительского сидения","2026-06-30 - 2026-09-28","3.00","0.00","0.00","11.67","","0.00","0.00","","0.00","0.00","","","","1.00","0.00","0.00","10.00","","2.00","0.00","0.00","12.50",""
"боковое стекло на газель некст силайн 105 :165","2026-06-30 - 2026-09-28","3.00","0.00","0.00","12.00","","0.00","0.00","","0.00","0.00","","","","0.00","0.00","","","","3.00","0.00","0.00","12.00",""
"лента включена в стоимость","2026-06-30 - 2026-09-28","3.00","0.00","0.00","2.67","","0.00","0.00","","3.00","0.00","0.00","2.67","","0.00","0.00","","","","0.00","0.00","","",""
"защелка боковой форточки форд транзит","2026-06-30 - 2026-09-28","3.00","0.00","0.00","7.33","","0.00","0.00","","0.00","0.00","","","","3.00","0.00","0.00","7.33","","0.00","0.00","","",""
"кресло диван газель","2026-06-30 - 2026-09-28","3.00","0.00","0.00","11.33","","0.00","0.00","","0.00","0.00","","","","0.00","0.00","","","","3.00","0.00","0.00","11.33",""
"ул, корейская, 24","2026-06-30 - 2026-09-28","3.00","0.00","0.00","12.00","","0.00","0.00","","0.00","0.00","","","","0.00","0.00","","","","3.00","0.00","0.00","12.00",""
"замок форточки старого образца","2026-06-30 - 2026-09-28","3.00","0.00","0.00","11.00","","0.00","0.00","","0.00","0.00","","","","1.00","0.00","0.00","9.00","","2.00","0.00","0.00","12.00",""
"на мерседес спринтер левое среднее стекло в махачкале","2026-06-30 - 2026-09-28","3.00","0.00","0.00","10.33","","0.00","0.00","","0.00","0.00","","","","1.00","0.00","0.00","8.00","","2.00","0.00","0.00","11.50",""
"люк аварийный автобусный купить","2026-06-30 - 2026-09-28","3.00","0.00","0.00","21.00","","0.00","0.00","","0.00","0.00","","","","0.00","0.00","","","","3.00","0.00","0.00","21.00",""
"одноместное кресло пассажирское на газ соболь купить","2026-06-30 - 2026-09-28","3.00","0.00","0.00","1.33","","2.00","0.00","0.00","1.00","0.00","0.00","2.00","","0.00","0.00","","","","0.00","0.00","","",""
"диван в форд транзит","2026-06-30 - 2026-09-28","3.00","0.00","0.00","6.33","","0.00","0.00","","0.00","0.00","","","","3.00","0.00","0.00","6.33","","0.00","0.00","","",""
"где в сети посмотреть цены на запчасти к микроавтобусам","2026-06-30 - 2026-09-28","3.00","0.00","0.00","10.67","","0.00","0.00","","0.00","0.00","","","","2.00","0.00","0.00","9.00","","1.00","0.00","0.00","14.00",""
"ступенька для автобуса","2026-06-30 - 2026-09-28","3.00","0.00","0.00","9.33","","0.00","0.00","","0.00","0.00","","","","2.00","0.00","0.00","8.00","","1.00","0.00","0.00","12.00",""
"задняя ступенька на газель воронеж","2026-06-30 - 2026-09-28","3.00","0.00","0.00","10.67","","0.00","0.00","","0.00","0.00","","","","1.00","0.00","0.00","10.00","","2.00","0.00","0.00","11.00",""
"раскладной столик в газель","2026-06-30 - 2026-09-28","3.00","0.00","0.00","5.67","","0.00","0.00","","0.00","0.00","","","","3.00","0.00","0.00","5.67","","0.00","0.00","","",""
"выдвижной подиум под гробы в ритуально","2026-06-30 - 2026-09-28","3.00","0.00","0.00","4.67","","0.00","0.00","","0.00","0.00","","","","3.00","0.00","0.00","4.67","","0.00","0.00","","",""
"купить люк от автобуса","2026-06-30 - 2026-09-28","3.00","0.00","0.00","10.33","","0.00","0.00","","0.00","0.00","","","","1.00","0.00","0.00","7.00","","2.00","0.00","0.00","12.00",""
"пассажирское сидение это","2026-06-30 - 2026-09-28","3.00","0.00","0.00","17.67","","0.00","0.00","","0.00","0.00","","","","2.00","0.00","0.00","7.50","","1.00","0.00","0.00","38.00",""
"диван трансформер автомобильный","2026-06-30 - 2026-09-28","3.00","0.00","0.00","9.33","","0.00","0.00","","0.00","0.00","","","","3.00","0.00","0.00","9.33","","0.00","0.00","","",""
"в какой глории есть передняя пассажирская сидушка с откидным люком в спинке","2026-06-30 - 2026-09-28","3.00","0.00","0.00","5.67","","0.00","0.00","","0.00","0.00","","","","3.00","0.00","0.00","5.67","","0.00","0.00","","",""
"шторки ночные в газель некст в салон","2026-06-30 - 2026-09-28","3.00","0.00","0.00","6.33","","0.00","0.00","","0.00","0.00","","","","3.00","0.00","0.00","6.33","","0.00","0.00","","",""
"шторы в автобусе фольксваген крафтер","2026-06-30 - 2026-09-28","3.00","0.00","0.00","2.67","","0.00","0.00","","2.00","0.00","0.00","2.00","","1.00","0.00","0.00","4.00","","0.00","0.00","","",""
"подлокотник сиденья турист луидор","2026-06-30 - 2026-09-28","3.00","1.00","33.33","3.67","4.00","0.00","0.00","","1.00","0.00","0.00","3.00","","2.00","1.00","50.00","4.00","4.00","0.00","0.00","","",""
"сиденье для гида хлопушка","2026-06-30 - 2026-09-28","3.00","0.00","0.00","6.67","","0.00","0.00","","0.00","0.00","","","","3.00","0.00","0.00","6.67","","0.00","0.00","","",""
"турецкий привод сдвижной двери","2026-06-30 - 2026-09-28","3.00","1.00","33.33","4.00","2.00","0.00","0.00","","2.00","1.00","50.00","2.50","2.00","1.00","0.00","0.00","7.00","","0.00","0.00","","",""
"люк для автомобиля на крышу ford transit","2026-06-30 - 2026-09-28","3.00","0.00","0.00","1.00","","3.00","0.00","0.00","0.00","0.00","","","","0.00","0.00","","","","0.00","0.00","","",""
"регулируемый подлокотник","2026-06-30 - 2026-09-28","3.00","0.00","0.00","19.00","","0.00","0.00","","0.00","0.00","","","","0.00","0.00","","","","3.00","0.00","0.00","19.00",""
"подножка ситроен джампер","2026-06-30 - 2026-09-28","3.00","0.00","0.00","9.67","","0.00","0.00","","0.00","0.00","","","","2.00","0.00","0.00","8.00","","1.00","0.00","0.00","13.00",""
"отопитель салона микроавтобуса","2026-06-30 - 2026-09-28","3.00","0.00","0.00","12.33","","0.00","0.00","","0.00","0.00","","","","0.00","0.00","","","","3.00","0.00","0.00","12.33",""
"атодиваны на рельсах","2026-06-30 - 2026-09-28","3.00","0.00","0.00","8.67","","0.00","0.00","","0.00","0.00","","","","3.00","0.00","0.00","8.67","","0.00","0.00","","",""
"купить подножку сдвижной двери форд транзит 2013г","2026-06-30 - 2026-09-28","3.00","0.00","0.00","8.00","","0.00","0.00","","0.00","0.00","","","","3.00","0.00","0.00","8.00","","0.00","0.00","","",""
"столик кожаный на сиденье для задних пассажиров","2026-06-30 - 2026-09-28","3.00","0.00","0.00","10.33","","0.00","0.00","","0.00","0.00","","","","2.00","0.00","0.00","10.00","","1.00","0.00","0.00","11.00",""
"подходит ли правое стекло с форточкой на левую сторону фургона форд транзит","2026-06-30 - 2026-09-28","3.00","1.00","33.33","13.00","13.00","0.00","0.00","","0.00","0.00","","","","0.00","0.00","","","","3.00","1.00","33.33","13.00","13.00"
"заднее сидение автобуса","2026-06-30 - 2026-09-28","3.00","0.00","0.00","11.33","","0.00","0.00","","0.00","0.00","","","","1.00","0.00","0.00","10.00","","2.00","0.00","0.00","12.00",""
"ремень безопасности трехточечный инерционный","2026-06-30 - 2026-09-28","3.00","0.00","0.00","12.00","","0.00","0.00","","0.00","0.00","","","","1.00","0.00","0.00","10.00","","2.00","0.00","0.00","13.00",""
"подножка правая боковая короткая микроавтобус","2026-06-30 - 2026-09-28","3.00","0.00","0.00","1.33","","2.00","0.00","0.00","1.00","0.00","0.00","2.00","","0.00","0.00","","","","0.00","0.00","","",""
"панели пвх в микроавтобусе","2026-06-30 - 2026-09-28","3.00","0.00","0.00","10.67","","0.00","0.00","","0.00","0.00","","","","1.00","0.00","0.00","8.00","","2.00","0.00","0.00","12.00",""
"газель некст шторка высота","2026-06-30 - 2026-09-28","3.00","0.00","0.00","4.00","","0.00","0.00","","0.00","0.00","","","","3.00","0.00","0.00","4.00","","0.00","0.00","","",""
"крока реечный привод","2026-06-30 - 2026-09-28","3.00","0.00","0.00","10.67","","0.00","0.00","","0.00","0.00","","","","1.00","0.00","0.00","10.00","","2.00","0.00","0.00","11.00",""
"уплотнитель стекла люка микроавтобуса","2026-06-30 - 2026-09-28","3.00","0.00","0.00","8.00","","0.00","0.00","","0.00","0.00","","","","2.00","0.00","0.00","6.50","","1.00","0.00","0.00","11.00",""
"сиденья газель нн","2026-06-30 - 2026-09-28","3.00","0.00","0.00","8.33","","0.00","0.00","","0.00","0.00","","","","3.00","0.00","0.00","8.33","","0.00","0.00","","",""
"купить задние сиденья на минивэн","2026-06-30 - 2026-09-28","3.00","0.00","0.00","8.00","","0.00","0.00","","0.00","0.00","","","","3.00","0.00","0.00","8.00","","0.00","0.00","","",""
"направляющая для шторки","2026-06-30 - 2026-09-28","3.00","0.00","0.00","10.67","","0.00","0.00","","0.00","0.00","","","","2.00","0.00","0.00","9.50","","1.00","0.00","0.00","13.00",""
"подножка боковая на мерседес спринтер наружная","2026-06-30 - 2026-09-28","3.00","0.00","0.00","9.67","","0.00","0.00","","0.00","0.00","","","","3.00","0.00","0.00","9.67","","0.00","0.00","","",""
"подиум в микроавтобуса","2026-06-30 - 2026-09-28","3.00","0.00","0.00","7.33","","0.00","0.00","","0.00","0.00","","","","3.00","0.00","0.00","7.33","","0.00","0.00","","",""
"уплотнитель на люк фиат дукато","2026-06-30 - 2026-09-28","3.00","0.00","0.00","7.00","","0.00","0.00","","0.00","0.00","","","","3.00","0.00","0.00","7.00","","0.00","0.00","","",""
"сиденья туристические grl","2026-06-30 - 2026-09-28","3.00","0.00","0.00","2.33","","0.00","0.00","","3.00","0.00","0.00","2.33","","0.00","0.00","","","","0.00","0.00","","",""
"задний навесной багажник на форд транзит","2026-06-30 - 2026-09-28","3.00","1.00","33.33","5.00","7.00","0.00","0.00","","1.00","0.00","0.00","2.00","","2.00","1.00","50.00","6.50","7.00","0.00","0.00","","",""
"сдвижной тент шторы на газель некст","2026-06-30 - 2026-09-28","3.00","0.00","0.00","12.00","","0.00","0.00","","0.00","0.00","","","","1.00","0.00","0.00","8.00","","2.00","0.00","0.00","14.00",""
"напольное нескользящее покрытие для микроавтобусов","2026-06-30 - 2026-09-28","3.00","0.00","0.00","7.00","","0.00","0.00","","0.00","0.00","","","","3.00","0.00","0.00","7.00","","0.00","0.00","","",""
"диваны в микроавтобус","2026-06-30 - 2026-09-28","3.00","0.00","0.00","6.33","","0.00","0.00","","0.00","0.00","","","","3.00","0.00","0.00","6.33","","0.00","0.00","","",""
"купить сиденья мерседес спринтер","2026-06-30 - 2026-09-28","3.00","0.00","0.00","10.33","","0.00","0.00","","0.00","0.00","","","","1.00","0.00","0.00","9.00","","2.00","0.00","0.00","11.00",""
"купить передние сидения на микроавтобус","2026-06-30 - 2026-09-28","3.00","0.00","0.00","6.00","","0.00","0.00","","0.00","0.00","","","","3.00","0.00","0.00","6.00","","0.00","0.00","","",""
"остекление газель некст","2026-06-30 - 2026-09-28","3.00","0.00","0.00","9.67","","0.00","0.00","","0.00","0.00","","","","2.00","0.00","0.00","9.00","","1.00","0.00","0.00","11.00",""
"минивэн багажник","2026-06-30 - 2026-09-28","3.00","0.00","0.00","22.67","","0.00","0.00","","0.00","0.00","","","","0.00","0.00","","","","3.00","0.00","0.00","22.67",""
"стол в соболь нн","2026-06-30 - 2026-09-28","3.00","0.00","0.00","5.33","","0.00","0.00","","0.00","0.00","","","","3.00","0.00","0.00","5.33","","0.00","0.00","","",""
"подиум для гроба в газель купить","2026-06-30 - 2026-09-28","3.00","1.00","33.33","3.67","3.00","0.00","0.00","","2.00","1.00","50.00","3.00","3.00","1.00","0.00","0.00","5.00","","0.00","0.00","","",""
"кресла в микроавтобус купить","2026-06-30 - 2026-09-28","3.00","1.00","33.33","4.33","4.00","0.00","0.00","","0.00","0.00","","","","3.00","1.00","33.33","4.33","4.00","0.00","0.00","","",""
"столик на спинку кресла","2026-06-30 - 2026-09-28","3.00","0.00","0.00","6.00","","0.00","0.00","","0.00","0.00","","","","3.00","0.00","0.00","6.00","","0.00","0.00","","",""
"запасные полочки к туристическим тумбочкам","2026-06-30 - 2026-09-28","3.00","0.00","0.00","11.33","","0.00","0.00","","0.00","0.00","","","","1.00","0.00","0.00","10.00","","2.00","0.00","0.00","12.00",""
"столик на спинку сиденья микроавтобус","2026-06-30 - 2026-09-28","3.00","0.00","0.00","1.00","","3.00","0.00","0.00","0.00","0.00","","","","0.00","0.00","","","","0.00","0.00","","",""
"шторы для форд транзит","2026-06-30 - 2026-09-28","3.00","0.00","0.00","7.00","","0.00","0.00","","0.00","0.00","","","","2.00","0.00","0.00","4.50","","1.00","0.00","0.00","12.00",""
"вытяжка в автобус","2026-06-30 - 2026-09-28","3.00","0.00","0.00","4.00","","0.00","0.00","","1.00","0.00","0.00","3.00","","2.00","0.00","0.00","4.50","","0.00","0.00","","",""
"купить откидной столик с креплением в микроавтобус","2026-06-30 - 2026-09-28","3.00","0.00","0.00","3.33","","0.00","0.00","","1.00","0.00","0.00","2.00","","2.00","0.00","0.00","4.00","","0.00","0.00","","",""
"сиденье автомобильное, одноместное, обтянуто кожзаменителем красного и серого цветов","2026-06-30 - 2026-09-28","3.00","0.00","0.00","6.00","","0.00","0.00","","0.00","0.00","","","","3.00","0.00","0.00","6.00","","0.00","0.00","","",""
"купить пневмосиденье на газон некст","2026-06-30 - 2026-09-28","3.00","0.00","0.00","10.00","","0.00","0.00","","0.00","0.00","","","","2.00","0.00","0.00","8.50","","1.00","0.00","0.00","13.00",""
"купить рельсы для сиденья","2026-06-30 - 2026-09-28","3.00","1.00","33.33","4.67","4.00","0.00","0.00","","0.00","0.00","","","","3.00","1.00","33.33","4.67","4.00","0.00","0.00","","",""
"купить занавески на газель некст","2026-06-30 - 2026-09-28","3.00","0.00","0.00","6.67","","0.00","0.00","","0.00","0.00","","","","3.00","0.00","0.00","6.67","","0.00","0.00","","",""
"сидения на салон турист","2026-06-30 - 2026-09-28","3.00","0.00","0.00","6.00","","0.00","0.00","","0.00","0.00","","","","3.00","0.00","0.00","6.00","","0.00","0.00","","",""
"форд транзит 2013 блок управления сдвижной дверью купить","2026-06-30 - 2026-09-28","3.00","0.00","0.00","11.33","","0.00","0.00","","0.00","0.00","","","","1.00","0.00","0.00","10.00","","2.00","0.00","0.00","12.00",""
"удобные сидения на минивэнах","2026-06-30 - 2026-09-28","3.00","0.00","0.00","9.33","","0.00","0.00","","0.00","0.00","","","","1.00","0.00","0.00","4.00","","2.00","0.00","0.00","12.00",""
"направляющие рельсы для сидения","2026-06-30 - 2026-09-28","3.00","0.00","0.00","10.33","","0.00","0.00","","0.00","0.00","","","","2.00","0.00","0.00","10.00","","1.00","0.00","0.00","11.00",""
"шторы на газель некст цмф где купить в казани адреса магазинов и цены","2026-06-30 - 2026-09-28","3.00","0.00","0.00","5.00","","0.00","0.00","","0.00","0.00","","","","3.00","0.00","0.00","5.00","","0.00","0.00","","",""
"соболь комби 2021 сидения водителя","2026-06-30 - 2026-09-28","3.00","0.00","0.00","6.00","","0.00","0.00","","0.00","0.00","","","","3.00","0.00","0.00","6.00","","0.00","0.00","","",""
"светодиоды в автобусе","2026-06-30 - 2026-09-28","3.00","0.00","0.00","7.00","","0.00","0.00","","0.00","0.00","","","","3.00","0.00","0.00","7.00","","0.00","0.00","","",""
"поручень в маршрутке","2026-06-30 - 2026-09-28","3.00","0.00","0.00","8.33","","0.00","0.00","","0.00","0.00","","","","2.00","0.00","0.00","6.00","","1.00","0.00","0.00","13.00",""
"газель луидор сиденья","2026-06-30 - 2026-09-28","3.00","0.00","0.00","7.33","","0.00","0.00","","0.00","0.00","","","","3.00","0.00","0.00","7.33","","0.00","0.00","","",""
"стол выдвижной для автомобиля","2026-06-30 - 2026-09-28","3.00","0.00","0.00","9.33","","0.00","0.00","","0.00","0.00","","","","3.00","0.00","0.00","9.33","","0.00","0.00","","",""
"шторки на фольксваген крафтер","2026-06-30 - 2026-09-28","3.00","0.00","0.00","11.67","","0.00","0.00","","0.00","0.00","","","","0.00","0.00","","","","3.00","0.00","0.00","11.67",""
"сиденья для рейсовых автобусов","2026-06-30 - 2026-09-28","3.00","1.00","33.33","4.67","5.00","0.00","0.00","","0.00","0.00","","","","3.00","1.00","33.33","4.67","5.00","0.00","0.00","","",""
"нумерация на сиденье автобуса купить в москве","2026-06-30 - 2026-09-28","3.00","0.00","0.00","10.00","","0.00","0.00","","0.00","0.00","","","","3.00","0.00","0.00","10.00","","0.00","0.00","","",""
"газель next фургон цельнометаллический боковые стекла","2026-06-30 - 2026-09-28","3.00","0.00","0.00","8.00","","0.00","0.00","","0.00","0.00","","","","3.00","0.00","0.00","8.00","","0.00","0.00","","",""
"штора в газель","2026-06-30 - 2026-09-28","3.00","0.00","0.00","10.00","","0.00","0.00","","0.00","0.00","","","","2.00","0.00","0.00","9.50","","1.00","0.00","0.00","11.00",""
"бортовое кресло","2026-06-30 - 2026-09-28","3.00","0.00","0.00","2.67","","0.00","0.00","","3.00","0.00","0.00","2.67","","0.00","0.00","","","","0.00","0.00","","",""
"полик автобуса линолеум","2026-06-30 - 2026-09-28","3.00","0.00","0.00","10.33","","0.00","0.00","","0.00","0.00","","","","1.00","0.00","0.00","9.00","","2.00","0.00","0.00","11.00",""
"защелка на форточку микроавтобуса борский стекольный завод stf1","2026-06-30 - 2026-09-28","3.00","0.00","0.00","2.00","","0.00","0.00","","3.00","0.00","0.00","2.00","","0.00","0.00","","","","0.00","0.00","","",""
"падножки газел некс","2026-06-30 - 2026-09-28","3.00","0.00","0.00","13.00","","0.00","0.00","","0.00","0.00","","","","0.00","0.00","","","","3.00","0.00","0.00","13.00",""
"шторки салона газель некст бизнес автобус","2026-06-30 - 2026-09-28","3.00","1.00","33.33","1.33","2.00","2.00","0.00","0.00","1.00","1.00","100.00","2.00","2.00","0.00","0.00","","","","0.00","0.00","","",""
"сиденья на автобус б у","2026-06-30 - 2026-09-28","3.00","0.00","0.00","9.00","","0.00","0.00","","0.00","0.00","","","","3.00","0.00","0.00","9.00","","0.00","0.00","","",""
"сиденье автомобильное шириной","2026-06-30 - 2026-09-28","3.00","0.00","0.00","9.00","","0.00","0.00","","0.00","0.00","","","","2.00","0.00","0.00","8.00","","1.00","0.00","0.00","11.00",""
"салазки для штор в бусах","2026-06-30 - 2026-09-28","3.00","0.00","0.00","8.67","","0.00","0.00","","0.00","0.00","","","","3.00","0.00","0.00","8.67","","0.00","0.00","","",""
"как самому собрать багажную полку в микроавтобус мерседес спринтер","2026-06-30 - 2026-09-28","3.00","0.00","0.00","12.00","","0.00","0.00","","0.00","0.00","","","","0.00","0.00","","","","3.00","0.00","0.00","12.00",""
"стол для соболя","2026-06-30 - 2026-09-28","3.00","0.00","0.00","6.00","","0.00","0.00","","0.00","0.00","","","","3.00","0.00","0.00","6.00","","0.00","0.00","","",""
"баском нержа","2026-06-30 - 2026-09-28","3.00","0.00","0.00","5.67","","0.00","0.00","","0.00","0.00","","","","3.00","0.00","0.00","5.67","","0.00","0.00","","",""
"вентиляция салона форд транзит","2026-06-30 - 2026-09-28","3.00","0.00","0.00","8.67","","0.00","0.00","","0.00","0.00","","","","3.00","0.00","0.00","8.67","","0.00","0.00","","",""
"кгб автобусный столик","2026-06-30 - 2026-09-28","3.00","0.00","0.00","3.33","","0.00","0.00","","2.00","0.00","0.00","3.00","","1.00","0.00","0.00","4.00","","0.00","0.00","","",""
".буском","2026-06-30 - 2026-09-28","3.00","0.00","0.00","2.00","","1.00","0.00","0.00","2.00","0.00","0.00","2.50","","0.00","0.00","","","","0.00","0.00","","",""
"шторки боковые и на лобовую вытяжные солнечно отражатель на автобус спринтер","2026-06-30 - 2026-09-28","3.00","0.00","0.00","10.00","","0.00","0.00","","0.00","0.00","","","","1.00","0.00","0.00","8.00","","2.00","0.00","0.00","11.00",""
"газ gazelle next a32r32 цельнометаллический фургон 2.0 td vw (csl) лобовое стекло","2026-06-30 - 2026-09-28","3.00","1.00","33.33","11.00","8.00","0.00","0.00","","0.00","0.00","","","","1.00","1.00","100.00","8.00","8.00","2.00","0.00","0.00","12.50",""
"купить ночные шторы на газель некст","2026-06-30 - 2026-09-28","3.00","0.00","0.00","10.67","","0.00","0.00","","0.00","0.00","","","","1.00","0.00","0.00","6.00","","2.00","0.00","0.00","13.00",""
"диван ривьера для микроавтобусов","2026-06-30 - 2026-09-28","3.00","0.00","0.00","10.67","","0.00","0.00","","0.00","0.00","","","","1.00","0.00","0.00","9.00","","2.00","0.00","0.00","11.50",""
"задняя ступень газель некст","2026-06-30 - 2026-09-28","3.00","0.00","0.00","8.00","","0.00","0.00","","0.00","0.00","","","","3.00","0.00","0.00","8.00","","0.00","0.00","","",""
"baby bus ремни безопасности","2026-06-30 - 2026-09-28","3.00","0.00","0.00","12.67","","0.00","0.00","","0.00","0.00","","","","0.00","0.00","","","","3.00","0.00","0.00","12.67",""
"кресла туристические в микроавтобус в белоруссии","2026-06-30 - 2026-09-28","3.00","0.00","0.00","6.33","","0.00","0.00","","0.00","0.00","","","","3.00","0.00","0.00","6.33","","0.00","0.00","","",""
"bus-com. ru","2026-06-30 - 2026-09-28","3.00","1.00","33.33","2.00","1.00","1.00","1.00","100.00","2.00","0.00","0.00","2.50","","0.00","0.00","","","","0.00","0.00","","",""
"резинка для ремонта стекла автобуса","2026-06-30 - 2026-09-28","3.00","0.00","0.00","7.67","","0.00","0.00","","0.00","0.00","","","","3.00","0.00","0.00","7.67","","0.00","0.00","","",""
"держатель поручня форд транзит","2026-06-30 - 2026-09-28","3.00","0.00","0.00","10.67","","0.00","0.00","","0.00","0.00","","","","1.00","0.00","0.00","10.00","","2.00","0.00","0.00","11.00",""
"подлокотник водителя паз","2026-06-30 - 2026-09-28","3.00","0.00","0.00","10.67","","0.00","0.00","","0.00","0.00","","","","2.00","0.00","0.00","9.50","","1.00","0.00","0.00","13.00",""
"купить сиденье для микроавтобуса в москве","2026-06-30 - 2026-09-28","3.00","0.00","0.00","5.00","","0.00","0.00","","0.00","0.00","","","","3.00","0.00","0.00","5.00","","0.00","0.00","","",""
"гибкие направляющие для штор в авто","2026-06-30 - 2026-09-28","3.00","0.00","0.00","19.00","","0.00","0.00","","0.00","0.00","","","","0.00","0.00","","","","3.00","0.00","0.00","19.00",""
"поручень автобус","2026-06-30 - 2026-09-28","3.00","0.00","0.00","5.33","","0.00","0.00","","0.00","0.00","","","","3.00","0.00","0.00","5.33","","0.00","0.00","","",""
"купить кресло водителя в микроавтобус японский","2026-06-30 - 2026-09-28","3.00","0.00","0.00","3.00","","0.00","0.00","","3.00","0.00","0.00","3.00","","0.00","0.00","","","","0.00","0.00","","",""
"композит на пол микроавтобуса","2026-06-30 - 2026-09-28","3.00","0.00","0.00","8.67","","0.00","0.00","","0.00","0.00","","","","3.00","0.00","0.00","8.67","","0.00","0.00","","",""
"шторки в автобус в салон","2026-06-30 - 2026-09-28","3.00","0.00","0.00","9.33","","0.00","0.00","","0.00","0.00","","","","2.00","0.00","0.00","8.00","","1.00","0.00","0.00","12.00",""
"bus-com","2026-06-30 - 2026-09-28","3.00","1.00","33.33","2.00","1.00","1.00","1.00","100.00","2.00","0.00","0.00","2.50","","0.00","0.00","","","","0.00","0.00","","",""
"аксессуар для автобусной системы","2026-06-30 - 2026-09-28","3.00","0.00","0.00","11.67","","0.00","0.00","","0.00","0.00","","","","0.00","0.00","","","","3.00","0.00","0.00","11.67",""
"пассажирские кресла","2026-06-30 - 2026-09-28","3.00","0.00","0.00","6.00","","0.00","0.00","","0.00","0.00","","","","3.00","0.00","0.00","6.00","","0.00","0.00","","",""
"защелка форточки газель некст","2026-06-30 - 2026-09-28","3.00","1.00","33.33","17.00","26.00","0.00","0.00","","0.00","0.00","","","","0.00","0.00","","","","3.00","1.00","33.33","17.00","26.00"
"стол откидной для газели","2026-06-30 - 2026-09-28","3.00","1.00","33.33","7.67","5.00","0.00","0.00","","0.00","0.00","","","","2.00","1.00","50.00","6.00","5.00","1.00","0.00","0.00","11.00",""
"вип кресло для газ 2752 соболь","2026-06-30 - 2026-09-28","3.00","0.00","0.00","5.33","","0.00","0.00","","0.00","0.00","","","","3.00","0.00","0.00","5.33","","0.00","0.00","","",""
"водительское сиденье в газель соболь","2026-06-30 - 2026-09-28","3.00","1.00","33.33","12.00","10.00","0.00","0.00","","0.00","0.00","","","","1.00","1.00","100.00","10.00","10.00","2.00","0.00","0.00","13.00",""
"кронштейн тте горизонтальный на автобус цена","2026-06-30 - 2026-09-28","3.00","0.00","0.00","3.00","","1.00","0.00","0.00","0.00","0.00","","","","2.00","0.00","0.00","4.00","","0.00","0.00","","",""
"пневмо сиденье газон некст","2026-06-30 - 2026-09-28","3.00","0.00","0.00","10.33","","0.00","0.00","","0.00","0.00","","","","2.00","0.00","0.00","10.00","","1.00","0.00","0.00","11.00",""
"купить занавески для автобуса","2026-06-30 - 2026-09-28","3.00","0.00","0.00","11.00","","0.00","0.00","","0.00","0.00","","","","2.00","0.00","0.00","10.00","","1.00","0.00","0.00","13.00",""
"боковое стекло маршрутки","2026-06-30 - 2026-09-28","3.00","0.00","0.00","7.33","","0.00","0.00","","0.00","0.00","","","","3.00","0.00","0.00","7.33","","0.00","0.00","","",""
"купить стекло с форточкой на сдвижную дверь газель некст луидор скорая помощь","2026-06-30 - 2026-09-28","3.00","0.00","0.00","15.67","","0.00","0.00","","0.00","0.00","","","","1.00","0.00","0.00","6.00","","2.00","0.00","0.00","20.50",""
"трансинвест сидения для пассажирского транспорта","2026-06-30 - 2026-09-28","3.00","0.00","0.00","11.00","","0.00","0.00","","0.00","0.00","","","","1.00","0.00","0.00","10.00","","2.00","0.00","0.00","11.50",""
"шторка солнцезащитная автобус","2026-06-30 - 2026-09-28","3.00","0.00","0.00","9.00","","0.00","0.00","","0.00","0.00","","","","2.00","0.00","0.00","8.00","","1.00","0.00","0.00","11.00",""
"купить бву в норильске переднее двойное переднее сидение для баргузина в норильске","2026-06-30 - 2026-09-28","3.00","0.00","0.00","7.67","","0.00","0.00","","0.00","0.00","","","","3.00","0.00","0.00","7.67","","0.00","0.00","","",""
"хромированные колпаки на мерседес спринтер","2026-06-30 - 2026-09-28","3.00","0.00","0.00","9.00","","0.00","0.00","","0.00","0.00","","","","2.00","0.00","0.00","7.50","","1.00","0.00","0.00","12.00",""
"перегородки в микроавтобус","2026-06-30 - 2026-09-28","3.00","0.00","0.00","6.00","","0.00","0.00","","0.00","0.00","","","","3.00","0.00","0.00","6.00","","0.00","0.00","","",""
"рюкзак для ford transit 7","2026-06-30 - 2026-09-28","3.00","0.00","0.00","2.33","","0.00","0.00","","3.00","0.00","0.00","2.33","","0.00","0.00","","","","0.00","0.00","","",""
"баском сиденья","2026-06-30 - 2026-09-28","3.00","0.00","0.00","2.00","","1.00","0.00","0.00","2.00","0.00","0.00","2.50","","0.00","0.00","","","","0.00","0.00","","",""
"штор для автобуса","2026-06-30 - 2026-09-28","3.00","0.00","0.00","8.33","","0.00","0.00","","0.00","0.00","","","","3.00","0.00","0.00","8.33","","0.00","0.00","","",""
"автомобильный линолеум для микроавтобуса","2026-06-30 - 2026-09-28","3.00","0.00","0.00","16.33","","0.00","0.00","","0.00","0.00","","","","0.00","0.00","","","","3.00","0.00","0.00","16.33",""
"люк для форд транзит купить","2026-06-30 - 2026-09-28","3.00","2.00","66.67","2.00","1.50","1.00","1.00","100.00","2.00","1.00","50.00","2.50","2.00","0.00","0.00","","","","0.00","0.00","","",""
"столик раскладной в автобус","2026-06-30 - 2026-09-28","3.00","0.00","0.00","7.00","","0.00","0.00","","0.00","0.00","","","","3.00","0.00","0.00","7.00","","0.00","0.00","","",""
"обшивка пассажирского салона форд транзит","2026-06-30 - 2026-09-28","3.00","2.00","66.67","3.33","4.00","0.00","0.00","","2.00","0.00","0.00","3.00","","1.00","2.00","200.00","4.00","4.00","0.00","0.00","","",""
"пластиковый треугольник возле зеркала бокового спринтер","2026-06-30 - 2026-09-28","3.00","1.00","33.33","9.67","7.00","0.00","0.00","","0.00","0.00","","","","2.00","1.00","50.00","8.50","7.00","1.00","0.00","0.00","12.00",""
"столик на спинку сиденья автобус","2026-06-30 - 2026-09-28","3.00","1.00","33.33","1.33","1.00","2.00","1.00","50.00","1.00","0.00","0.00","2.00","","0.00","0.00","","","","0.00","0.00","","",""
"сиденье соболь нн пассажирское","2026-06-30 - 2026-09-28","3.00","1.00","33.33","3.00","3.00","1.00","0.00","0.00","1.00","1.00","100.00","3.00","3.00","1.00","0.00","0.00","5.00","","0.00","0.00","","",""
"кронштейн держатель поручня для автобусов","2026-06-30 - 2026-09-28","3.00","1.00","33.33","11.00","10.00","0.00","0.00","","0.00","0.00","","","","1.00","1.00","100.00","10.00","10.00","2.00","0.00","0.00","11.50",""
"фурнитура для авто окон","2026-06-30 - 2026-09-28","3.00","0.00","0.00","8.00","","0.00","0.00","","0.00","0.00","","","","3.00","0.00","0.00","8.00","","0.00","0.00","","",""
"накладки на задние двери спринтер классик с надписью","2026-06-30 - 2026-09-28","3.00","0.00","0.00","6.67","","0.00","0.00","","0.00","0.00","","","","3.00","0.00","0.00","6.67","","0.00","0.00","","",""
"мерседес спринтер классик задние правое стекло","2026-06-30 - 2026-09-28","3.00","0.00","0.00","7.67","","0.00","0.00","","0.00","0.00","","","","3.00","0.00","0.00","7.67","","0.00","0.00","","",""
"полка для автобуса","2026-06-30 - 2026-09-28","3.00","0.00","0.00","3.00","","1.00","0.00","0.00","0.00","0.00","","","","2.00","0.00","0.00","4.00","","0.00","0.00","","",""
"автобус mercedes- benz 223237 автобус купить боковое стекло купить в екатеринбурге","2026-06-30 - 2026-09-28","3.00","0.00","0.00","9.33","","0.00","0.00","","0.00","0.00","","","","1.00","0.00","0.00","5.00","","2.00","0.00","0.00","11.50",""
"подножка для кузова газель некст","2026-06-30 - 2026-09-28","3.00","0.00","0.00","6.33","","0.00","0.00","","1.00","0.00","0.00","2.00","","1.00","0.00","0.00","4.00","","1.00","0.00","0.00","13.00",""
"ступенька для микроавтобуса","2026-06-30 - 2026-09-28","3.00","0.00","0.00","10.00","","0.00","0.00","","0.00","0.00","","","","3.00","0.00","0.00","10.00","","0.00","0.00","","",""
"удобные пассажирские кресла на форд транзит","2026-06-30 - 2026-09-28","3.00","0.00","0.00","4.33","","0.00","0.00","","0.00","0.00","","","","3.00","0.00","0.00","4.33","","0.00","0.00","","",""
"салазки для автомобильного сидения","2026-06-30 - 2026-09-28","3.00","0.00","0.00","10.67","","0.00","0.00","","0.00","0.00","","","","1.00","0.00","0.00","10.00","","2.00","0.00","0.00","11.00",""
"стекло 800/1360 на фиат дукато в наличии березовский","2026-06-30 - 2026-09-28","3.00","0.00","0.00","6.67","","0.00","0.00","","0.00","0.00","","","","3.00","0.00","0.00","6.67","","0.00","0.00","","",""
"сидение на пружине","2026-06-30 - 2026-09-28","3.00","0.00","0.00","5.00","","0.00","0.00","","1.00","0.00","0.00","3.00","","2.00","0.00","0.00","6.00","","0.00","0.00","","",""
"полозья на машину","2026-06-30 - 2026-09-28","3.00","0.00","0.00","8.33","","0.00","0.00","","0.00","0.00","","","","3.00","0.00","0.00","8.33","","0.00","0.00","","",""
"салазки для сидения","2026-06-30 - 2026-09-28","3.00","0.00","0.00","10.00","","0.00","0.00","","0.00","0.00","","","","1.00","0.00","0.00","4.00","","2.00","0.00","0.00","13.00",""
"шторки в салон мерседес спринтер,ивеко дейли","2026-06-30 - 2026-09-28","3.00","0.00","0.00","3.00","","2.00","0.00","0.00","0.00","0.00","","","","1.00","0.00","0.00","7.00","","0.00","0.00","","",""
"полозья для автоштор","2026-06-30 - 2026-09-28","3.00","0.00","0.00","10.67","","0.00","0.00","","0.00","0.00","","","","1.00","0.00","0.00","9.00","","2.00","0.00","0.00","11.50",""
"вип диваны для минивэнов б/у","2026-06-30 - 2026-09-28","3.00","1.00","33.33","6.33","8.00","0.00","0.00","","0.00","0.00","","","","3.00","1.00","33.33","6.33","8.00","0.00","0.00","","",""
"комплектующие салона автобуса форд транзит","2026-06-30 - 2026-09-28","3.00","0.00","0.00","8.00","","0.00","0.00","","0.00","0.00","","","","2.00","0.00","0.00","6.50","","1.00","0.00","0.00","11.00",""
"сдвоенная опора сиденья с механизмом сдвига в бок","2026-06-30 - 2026-09-28","3.00","2.00","66.67","3.67","3.50","0.00","0.00","","1.00","1.00","100.00","3.00","3.00","2.00","1.00","50.00","4.00","4.00","0.00","0.00","","",""
"сиденья на волгу","2026-06-30 - 2026-09-28","3.00","0.00","0.00","10.67","","0.00","0.00","","0.00","0.00","","","","1.00","0.00","0.00","9.00","","2.00","0.00","0.00","11.50",""
"тандем сиденье купить","2026-06-30 - 2026-09-28","3.00","0.00","0.00","4.67","","0.00","0.00","","0.00","0.00","","","","3.00","0.00","0.00","4.67","","0.00","0.00","","",""
"ступенька задняя газель некст","2026-06-30 - 2026-09-28","3.00","0.00","0.00","7.00","","0.00","0.00","","1.00","0.00","0.00","3.00","","2.00","0.00","0.00","9.00","","0.00","0.00","","",""
"куплю боковую газелевскую подножку пассажирскую","2026-06-30 - 2026-09-28","3.00","0.00","0.00","9.67","","0.00","0.00","","0.00","0.00","","","","2.00","0.00","0.00","8.00","","1.00","0.00","0.00","13.00",""
"обивка сидений форд транзит купить","2026-06-30 - 2026-09-28","3.00","0.00","0.00","10.33","","0.00","0.00","","0.00","0.00","","","","2.00","0.00","0.00","10.00","","1.00","0.00","0.00","11.00",""
"постамент для гроба в авто","2026-06-30 - 2026-09-28","3.00","0.00","0.00","3.00","","0.00","0.00","","2.00","0.00","0.00","2.50","","1.00","0.00","0.00","4.00","","0.00","0.00","","",""
"поворотный механизм сидения в микроавтобус","2026-06-30 - 2026-09-28","3.00","0.00","0.00","10.33","","0.00","0.00","","0.00","0.00","","","","2.00","0.00","0.00","10.00","","1.00","0.00","0.00","11.00",""
"авито кузнецк кронштейн сиденья газель бизнес","2026-06-30 - 2026-09-28","3.00","0.00","0.00","8.67","","0.00","0.00","","0.00","0.00","","","","3.00","0.00","0.00","8.67","","0.00","0.00","","",""
"подножка боковая форд транзит","2026-06-30 - 2026-09-28","3.00","0.00","0.00","9.33","","0.00","0.00","","1.00","0.00","0.00","2.00","","1.00","0.00","0.00","10.00","","1.00","0.00","0.00","16.00",""
"сиденье газ соболь","2026-06-30 - 2026-09-28","3.00","1.00","33.33","7.00","6.00","0.00","0.00","","0.00","0.00","","","","3.00","1.00","33.33","7.00","6.00","0.00","0.00","","",""
"кнопка стоп водителю с салона автобуса wsm400l","2026-06-30 - 2026-09-28","3.00","0.00","0.00","6.67","","0.00","0.00","","0.00","0.00","","","","3.00","0.00","0.00","6.67","","0.00","0.00","","",""
"автоматические двери форд транзит","2026-06-30 - 2026-09-28","3.00","0.00","0.00","13.00","","0.00","0.00","","0.00","0.00","","","","0.00","0.00","","","","3.00","0.00","0.00","13.00",""
"стекло микроавтобуса боковое 515х1015","2026-06-30 - 2026-09-28","3.00","1.00","33.33","6.67","7.00","0.00","0.00","","0.00","0.00","","","","3.00","1.00","33.33","6.67","7.00","0.00","0.00","","",""
"подножка задняя газель некст автобус цена","2026-06-30 - 2026-09-28","3.00","0.00","0.00","2.00","","2.00","0.00","0.00","0.00","0.00","","","","1.00","0.00","0.00","4.00","","0.00","0.00","","",""
"сидения для соболь нн пассажирский","2026-06-30 - 2026-09-28","3.00","0.00","0.00","5.00","","0.00","0.00","","0.00","0.00","","","","3.00","0.00","0.00","5.00","","0.00","0.00","","",""
"ночные шторы с направляющими авто ивеко","2026-06-30 - 2026-09-28","3.00","0.00","0.00","11.33","","0.00","0.00","","0.00","0.00","","","","0.00","0.00","","","","3.00","0.00","0.00","11.33",""
"купить комплект штор на автобусе паз","2026-06-30 - 2026-09-28","3.00","0.00","0.00","10.33","","0.00","0.00","","0.00","0.00","","","","2.00","0.00","0.00","10.00","","1.00","0.00","0.00","11.00",""
"поручень в автобусе вертикальный с 3мя секциями","2026-06-30 - 2026-09-28","3.00","0.00","0.00","7.33","","0.00","0.00","","0.00","0.00","","","","3.00","0.00","0.00","7.33","","0.00","0.00","","",""
"замок сдвижной форточки микроавтобуса купить","2026-06-30 - 2026-09-28","3.00","0.00","0.00","4.33","","0.00","0.00","","0.00","0.00","","","","3.00","0.00","0.00","4.33","","0.00","0.00","","",""
"подлокотник сиденья турист луидор серый п6","2026-06-30 - 2026-09-28","3.00","0.00","0.00","5.00","","0.00","0.00","","0.00","0.00","","","","3.00","0.00","0.00","5.00","","0.00","0.00","","",""
"газель соболь передний пассажирский сиденье размеры","2026-06-30 - 2026-09-28","3.00","0.00","0.00","7.67","","0.00","0.00","","0.00","0.00","","","","3.00","0.00","0.00","7.67","","0.00","0.00","","",""
"сиденье микроавтобуса","2026-06-30 - 2026-09-28","3.00","1.00","33.33","4.33","3.00","0.00","0.00","","1.00","1.00","100.00","3.00","3.00","2.00","0.00","0.00","5.00","","0.00","0.00","","",""
"как крепится пружина под сдвигающимся сиденьем соболь","2026-06-30 - 2026-09-28","3.00","0.00","0.00","9.67","","0.00","0.00","","0.00","0.00","","","","3.00","0.00","0.00","9.67","","0.00","0.00","","",""
"крепление для раскладного дивана лира","2026-06-30 - 2026-09-28","3.00","0.00","0.00","6.67","","0.00","0.00","","0.00","0.00","","","","3.00","0.00","0.00","6.67","","0.00","0.00","","",""
"накрышная вытяжка фву вентиляция в микроавтобус","2026-06-30 - 2026-09-28","3.00","0.00","0.00","6.00","","0.00","0.00","","0.00","0.00","","","","3.00","0.00","0.00","6.00","","0.00","0.00","","",""
"диван кровать в газель","2026-06-30 - 2026-09-28","3.00","0.00","0.00","7.33","","0.00","0.00","","0.00","0.00","","","","3.00","0.00","0.00","7.33","","0.00","0.00","","",""
"рукоятка подлокотника турист луидор артикул","2026-06-30 - 2026-09-28","3.00","3.00","100.00","3.00","2.67","0.00","0.00","","2.00","3.00","150.00","2.50","2.67","1.00","0.00","0.00","4.00","","0.00","0.00","","",""
"диваны и кресла для микроавтобусов","2026-06-30 - 2026-09-28","3.00","1.00","33.33","7.33","5.00","0.00","0.00","","0.00","0.00","","","","3.00","1.00","33.33","7.33","5.00","0.00","0.00","","",""
"купить стекло салона левая сторона газель некст сити баст дизель 1400*1290","2026-06-30 - 2026-09-28","3.00","0.00","0.00","5.67","","0.00","0.00","","0.00","0.00","","","","3.00","0.00","0.00","5.67","","0.00","0.00","","",""
"кронштейн поручня к-001 автобуса","2026-06-30 - 2026-09-28","3.00","0.00","0.00","11.00","","0.00","0.00","","0.00","0.00","","","","1.00","0.00","0.00","10.00","","2.00","0.00","0.00","11.50",""
"транспортный люк","2026-06-30 - 2026-09-28","3.00","0.00","0.00","7.33","","0.00","0.00","","0.00","0.00","","","","3.00","0.00","0.00","7.33","","0.00","0.00","","",""
"размер заднего стекла на автобусе дукаато","2026-06-30 - 2026-09-28","3.00","0.00","0.00","8.00","","0.00","0.00","","0.00","0.00","","","","3.00","0.00","0.00","8.00","","0.00","0.00","","",""
"стекло люка форд транзит 630х830","2026-06-30 - 2026-09-28","3.00","0.00","0.00","11.00","","0.00","0.00","","0.00","0.00","","","","1.00","0.00","0.00","10.00","","2.00","0.00","0.00","11.50",""
"сиденье двойное микроавтобус в кабину цена","2026-06-30 - 2026-09-28","3.00","1.00","33.33","7.33","8.00","0.00","0.00","","0.00","0.00","","","","3.00","1.00","33.33","7.33","8.00","0.00","0.00","","",""
"саласка машины что это","2026-06-30 - 2026-09-28","3.00","0.00","0.00","5.00","","0.00","0.00","","0.00","0.00","","","","3.00","0.00","0.00","5.00","","0.00","0.00","","",""
"люк с стеклянной крышкой 57-93 на автобус","2026-06-30 - 2026-09-28","3.00","2.00","66.67","4.00","5.00","0.00","0.00","","1.00","0.00","0.00","3.00","","2.00","2.00","100.00","4.50","5.00","0.00","0.00","","",""
"купить диван кровать в бусик","2026-06-30 - 2026-09-28","3.00","0.00","0.00","6.33","","0.00","0.00","","0.00","0.00","","","","3.00","0.00","0.00","6.33","","0.00","0.00","","",""
"заглушка ниши над кабиной: peugeot боксер","2026-06-30 - 2026-09-28","3.00","0.00","0.00","3.00","","1.00","0.00","0.00","1.00","0.00","0.00","2.00","","1.00","0.00","0.00","6.00","","0.00","0.00","","",""
"г пенза купить стекло на аварийный люк автомобильный размер (922/702) шесть отверстий","2026-06-30 - 2026-09-28","3.00","1.00","33.33","21.67","20.00","0.00","0.00","","0.00","0.00","","","","0.00","0.00","","","","3.00","1.00","33.33","21.67","20.00"
"пластик внутренний обшивка фиат","2026-06-30 - 2026-09-28","3.00","0.00","0.00","9.33","","0.00","0.00","","0.00","0.00","","","","2.00","0.00","0.00","8.50","","1.00","0.00","0.00","11.00",""
"купить пассажирские сиденья соболь в ростове","2026-06-30 - 2026-09-28","3.00","0.00","0.00","4.67","","0.00","0.00","","0.00","0.00","","","","3.00","0.00","0.00","4.67","","0.00","0.00","","",""
"стекло люка на пежо боксер на","2026-06-30 - 2026-09-28","3.00","0.00","0.00","5.67","","0.00","0.00","","0.00","0.00","","","","3.00","0.00","0.00","5.67","","0.00","0.00","","",""
"транспортный линолеум антискользящий","2026-06-30 - 2026-09-28","3.00","0.00","0.00","5.67","","0.00","0.00","","1.00","0.00","0.00","3.00","","2.00","0.00","0.00","7.00","","0.00","0.00","","",""
"сиденья газ соболь баргузин","2026-06-30 - 2026-09-28","3.00","0.00","0.00","9.67","","0.00","0.00","","0.00","0.00","","","","2.00","0.00","0.00","9.00","","1.00","0.00","0.00","11.00",""
"направляющие для автомобильных сидений","2026-06-30 - 2026-09-28","3.00","0.00","0.00","9.33","","0.00","0.00","","0.00","0.00","","","","1.00","0.00","0.00","6.00","","2.00","0.00","0.00","11.00",""
"раскладушка газель","2026-06-30 - 2026-09-28","3.00","0.00","0.00","10.00","","0.00","0.00","","0.00","0.00","","","","2.00","0.00","0.00","8.50","","1.00","0.00","0.00","13.00",""
"купить 2 ряд сидений на соболь баргузин","2026-06-30 - 2026-09-28","3.00","0.00","0.00","12.00","","0.00","0.00","","0.00","0.00","","","","0.00","0.00","","","","3.00","0.00","0.00","12.00",""
"как называется багажник у форда транзит","2026-06-30 - 2026-09-28","3.00","0.00","0.00","8.00","","0.00","0.00","","0.00","0.00","","","","3.00","0.00","0.00","8.00","","0.00","0.00","","",""
"откидной столик в машину пневмоупоры","2026-06-30 - 2026-09-28","3.00","0.00","0.00","13.33","","0.00","0.00","","0.00","0.00","","","","0.00","0.00","","","","3.00","0.00","0.00","13.33",""
"люк форд транзит 2009г","2026-06-30 - 2026-09-28","3.00","0.00","0.00","11.00","","0.00","0.00","","0.00","0.00","","","","0.00","0.00","","","","3.00","0.00","0.00","11.00",""
"для форточки","2026-06-30 - 2026-09-28","3.00","0.00","0.00","10.33","","0.00","0.00","","0.00","0.00","","","","1.00","0.00","0.00","5.00","","2.00","0.00","0.00","13.00",""
"сиденье на газель некст нн","2026-06-30 - 2026-09-28","3.00","0.00","0.00","11.00","","0.00","0.00","","0.00","0.00","","","","1.00","0.00","0.00","10.00","","2.00","0.00","0.00","11.50",""
"люк для форд транзит 660 на 810 купить","2026-06-30 - 2026-09-28","3.00","0.00","0.00","7.33","","0.00","0.00","","0.00","0.00","","","","3.00","0.00","0.00","7.33","","0.00","0.00","","",""
"мыльницы под ручки мерседес спринтер классик","2026-06-30 - 2026-09-28","3.00","4.00","133.33","9.33","10.25","0.00","0.00","","0.00","0.00","","","","2.00","3.00","150.00","8.50","10.00","1.00","1.00","100.00","11.00","11.00"
"где купить люк для машины форд транзит","2026-06-30 - 2026-09-28","3.00","0.00","0.00","4.67","","0.00","0.00","","1.00","0.00","0.00","3.00","","2.00","0.00","0.00","5.50","","0.00","0.00","","",""
"сидение автобусное","2026-06-30 - 2026-09-28","3.00","0.00","0.00","5.33","","0.00","0.00","","0.00","0.00","","","","3.00","0.00","0.00","5.33","","0.00","0.00","","",""
"обшивка потолка пежо боксер 3","2026-06-30 - 2026-09-28","3.00","0.00","0.00","13.33","","0.00","0.00","","0.00","0.00","","","","1.00","0.00","0.00","7.00","","2.00","0.00","0.00","16.50",""
"купить ремни безопасности для автобуса","2026-06-30 - 2026-09-28","3.00","0.00","0.00","9.33","","0.00","0.00","","0.00","0.00","","","","2.00","0.00","0.00","8.00","","1.00","0.00","0.00","12.00",""
"кресла туристические в микроавтобус заказать в турции","2026-06-30 - 2026-09-28","3.00","0.00","0.00","2.67","","0.00","0.00","","3.00","0.00","0.00","2.67","","0.00","0.00","","","","0.00","0.00","","",""
"автомобильный столик для газели","2026-06-30 - 2026-09-28","3.00","0.00","0.00","10.33","","0.00","0.00","","0.00","0.00","","","","1.00","0.00","0.00","8.00","","2.00","0.00","0.00","11.50",""
"сиденья газель","2026-06-30 - 2026-09-28","3.00","0.00","0.00","39.00","","0.00","0.00","","0.00","0.00","","","","0.00","0.00","","","","3.00","0.00","0.00","39.00",""
"форд 780","2026-06-30 - 2026-09-28","3.00","1.00","33.33","6.33","7.00","0.00","0.00","","0.00","0.00","","","","3.00","1.00","33.33","6.33","7.00","0.00","0.00","","",""
"электропривод сдвижной двери на форд транзит 2020г","2026-06-30 - 2026-09-28","3.00","0.00","0.00","10.67","","0.00","0.00","","0.00","0.00","","","","1.00","0.00","0.00","10.00","","2.00","0.00","0.00","11.00",""
"водительское сиденье газон некст с амортизацией купить","2026-06-30 - 2026-09-28","3.00","0.00","0.00","6.00","","0.00","0.00","","1.00","0.00","0.00","2.00","","2.00","0.00","0.00","8.00","","0.00","0.00","","",""
"шторки peugeot boxer","2026-06-30 - 2026-09-28","3.00","1.00","33.33","5.00","4.00","0.00","0.00","","0.00","0.00","","","","3.00","1.00","33.33","5.00","4.00","0.00","0.00","","",""
"сиденье водителя газон некст пневмо","2026-06-30 - 2026-09-28","3.00","0.00","0.00","10.33","","0.00","0.00","","0.00","0.00","","","","1.00","0.00","0.00","6.00","","2.00","0.00","0.00","12.50",""
"шторки для газель","2026-06-30 - 2026-09-28","3.00","0.00","0.00","11.67","","0.00","0.00","","0.00","0.00","","","","1.00","0.00","0.00","10.00","","2.00","0.00","0.00","12.50",""
"купить сиденье от минивэна","2026-06-30 - 2026-09-28","3.00","0.00","0.00","6.00","","0.00","0.00","","0.00","0.00","","","","3.00","0.00","0.00","6.00","","0.00","0.00","","",""
"уплотнитель оконный двухкамерный для микроавтобусов купить","2026-06-30 - 2026-09-28","3.00","1.00","33.33","5.67","6.00","0.00","0.00","","0.00","0.00","","","","3.00","1.00","33.33","5.67","6.00","0.00","0.00","","",""
"сиденье для соболь нн","2026-06-30 - 2026-09-28","3.00","0.00","0.00","6.00","","0.00","0.00","","0.00","0.00","","","","3.00","0.00","0.00","6.00","","0.00","0.00","","",""
"водительское сидение соболь","2026-06-30 - 2026-09-28","3.00","0.00","0.00","6.67","","0.00","0.00","","0.00","0.00","","","","3.00","0.00","0.00","6.67","","0.00","0.00","","",""
"люк микроавтобуса","2026-06-30 - 2026-09-28","3.00","0.00","0.00","4.33","","0.00","0.00","","2.00","0.00","0.00","3.00","","1.00","0.00","0.00","7.00","","0.00","0.00","","",""
"ремкомплект двухточного автомобильного ремня безопасности","2026-06-30 - 2026-09-28","3.00","0.00","0.00","7.33","","0.00","0.00","","0.00","0.00","","","","3.00","0.00","0.00","7.33","","0.00","0.00","","",""
"диваны авто","2026-06-30 - 2026-09-28","3.00","0.00","0.00","8.67","","0.00","0.00","","0.00","0.00","","","","2.00","0.00","0.00","7.50","","1.00","0.00","0.00","11.00",""
"вентилятор фву","2026-06-30 - 2026-09-28","3.00","0.00","0.00","19.67","","0.00","0.00","","0.00","0.00","","","","1.00","0.00","0.00","9.00","","2.00","0.00","0.00","25.00",""
"рюкзак на мерседес спринтер","2026-06-30 - 2026-09-28","3.00","1.00","33.33","1.67","2.00","1.00","0.00","0.00","2.00","1.00","50.00","2.00","2.00","0.00","0.00","","","","0.00","0.00","","",""
"подножка сдвижной двери ford transit","2026-06-30 - 2026-09-28","3.00","1.00","33.33","6.67","4.00","0.00","0.00","","0.00","0.00","","","","2.00","1.00","50.00","4.50","4.00","1.00","0.00","0.00","11.00",""
"сиденья антивандальные","2026-06-30 - 2026-09-28","3.00","0.00","0.00","6.67","","0.00","0.00","","0.00","0.00","","","","3.00","0.00","0.00","6.67","","0.00","0.00","","",""
"купить кресло автомобильное в соболь баргузин в мичуринске","2026-06-30 - 2026-09-28","3.00","0.00","0.00","8.67","","0.00","0.00","","0.00","0.00","","","","3.00","0.00","0.00","8.67","","0.00","0.00","","",""
"рюкзак на двери фургона","2026-06-30 - 2026-09-28","3.00","0.00","0.00","1.00","","3.00","0.00","0.00","0.00","0.00","","","","0.00","0.00","","","","0.00","0.00","","",""
"перекладина на автобусе","2026-06-30 - 2026-09-28","3.00","0.00","0.00","7.00","","0.00","0.00","","0.00","0.00","","","","3.00","0.00","0.00","7.00","","0.00","0.00","","",""
"комфортные сиденья форд транзит","2026-06-30 - 2026-09-28","3.00","1.00","33.33","10.00","5.00","0.00","0.00","","0.00","0.00","","","","1.00","1.00","100.00","5.00","5.00","2.00","0.00","0.00","12.50",""
"подсветка подиума порога подножки в автобус","2026-06-30 - 2026-09-28","3.00","1.00","33.33","7.67","5.00","0.00","0.00","","0.00","0.00","","","","3.00","1.00","33.33","7.67","5.00","0.00","0.00","","",""
"направляющая для сиденья","2026-06-30 - 2026-09-28","3.00","0.00","0.00","9.00","","0.00","0.00","","1.00","0.00","0.00","2.00","","0.00","0.00","","","","2.00","0.00","0.00","12.50",""
"автомат для сдвижной двери автобуса","2026-06-30 - 2026-09-28","3.00","0.00","0.00","10.33","","0.00","0.00","","0.00","0.00","","","","2.00","0.00","0.00","10.00","","1.00","0.00","0.00","11.00",""
"как называется светильник в маршрутке","2026-06-30 - 2026-09-28","3.00","0.00","0.00","11.67","","0.00","0.00","","0.00","0.00","","","","0.00","0.00","","","","3.00","0.00","0.00","11.67",""
"купить ламбрекен на форд транзит","2026-06-30 - 2026-09-28","3.00","0.00","0.00","12.00","","0.00","0.00","","0.00","0.00","","","","0.00","0.00","","","","3.00","0.00","0.00","12.00",""
"турецкий навесной багажник sprinter 907","2026-06-30 - 2026-09-28","3.00","0.00","0.00","10.33","","0.00","0.00","","0.00","0.00","","","","2.00","0.00","0.00","9.00","","1.00","0.00","0.00","13.00",""
"сиденья на пассажирский баргузин","2026-06-30 - 2026-09-28","3.00","0.00","0.00","6.67","","0.00","0.00","","0.00","0.00","","","","3.00","0.00","0.00","6.67","","0.00","0.00","","",""
"салазки для сидений в микроавтобус","2026-06-30 - 2026-09-28","3.00","0.00","0.00","3.00","","0.00","0.00","","2.00","0.00","0.00","2.50","","1.00","0.00","0.00","4.00","","0.00","0.00","","",""
"сиденья для микроавтобусов раскладные","2026-06-30 - 2026-09-28","3.00","0.00","0.00","10.00","","0.00","0.00","","0.00","0.00","","","","3.00","0.00","0.00","10.00","","0.00","0.00","","",""
"багажная полка для автобуса","2026-06-30 - 2026-09-28","3.00","0.00","0.00","4.67","","0.00","0.00","","0.00","0.00","","","","3.00","0.00","0.00","4.67","","0.00","0.00","","",""
"спринтер багаж","2026-06-30 - 2026-09-28","3.00","0.00","0.00","9.00","","0.00","0.00","","0.00","0.00","","","","2.00","0.00","0.00","8.00","","1.00","0.00","0.00","11.00",""
"подсветка боковой подножки пежо боксер 3","2026-06-30 - 2026-09-28","3.00","0.00","0.00","5.67","","0.00","0.00","","0.00","0.00","","","","3.00","0.00","0.00","5.67","","0.00","0.00","","",""
"диван раскладной форд транзит","2026-06-30 - 2026-09-28","3.00","0.00","0.00","4.33","","1.00","0.00","0.00","1.00","0.00","0.00","2.00","","1.00","0.00","0.00","10.00","","0.00","0.00","","",""
"сидения для коммерческого транспорта","2026-06-30 - 2026-09-28","3.00","0.00","0.00","9.33","","0.00","0.00","","0.00","0.00","","","","3.00","0.00","0.00","9.33","","0.00","0.00","","",""
"багажник сзади","2026-06-30 - 2026-09-28","3.00","0.00","0.00","11.00","","0.00","0.00","","0.00","0.00","","","","1.00","0.00","0.00","9.00","","2.00","0.00","0.00","12.00",""
"даван трансформер намрельсах в микроавтобус","2026-06-30 - 2026-09-28","3.00","0.00","0.00","4.67","","0.00","0.00","","0.00","0.00","","","","3.00","0.00","0.00","4.67","","0.00","0.00","","",""
"сиденье в кабину пассажирское на 906","2026-06-30 - 2026-09-28","3.00","0.00","0.00","7.67","","0.00","0.00","","0.00","0.00","","","","3.00","0.00","0.00","7.67","","0.00","0.00","","",""
"купить шторы на газель","2026-06-30 - 2026-09-28","3.00","0.00","0.00","13.33","","0.00","0.00","","0.00","0.00","","","","0.00","0.00","","","","3.00","0.00","0.00","13.33",""
"шторки для окон грузопассажирской газели","2026-06-30 - 2026-09-28","3.00","0.00","0.00","9.67","","0.00","0.00","","0.00","0.00","","","","2.00","0.00","0.00","8.50","","1.00","0.00","0.00","12.00",""
"транспортный линолеум","2026-06-30 - 2026-09-28","3.00","0.00","0.00","32.00","","0.00","0.00","","0.00","0.00","","","","0.00","0.00","","","","3.00","0.00","0.00","32.00",""
"азон шторки салона на микроавтобус форд транзит","2026-06-30 - 2026-09-28","3.00","0.00","0.00","9.00","","0.00","0.00","","0.00","0.00","","","","3.00","0.00","0.00","9.00","","0.00","0.00","","",""
"уплотнители стекол в автобусе","2026-06-30 - 2026-09-28","3.00","0.00","0.00","7.00","","0.00","0.00","","0.00","0.00","","","","3.00","0.00","0.00","7.00","","0.00","0.00","","",""
"купить комфортные кресла для автобуса","2026-06-30 - 2026-09-28","3.00","0.00","0.00","4.67","","0.00","0.00","","0.00","0.00","","","","3.00","0.00","0.00","4.67","","0.00","0.00","","",""
"система вентиляции кузова форд транзит","2026-06-30 - 2026-09-28","3.00","0.00","0.00","6.67","","0.00","0.00","","0.00","0.00","","","","3.00","0.00","0.00","6.67","","0.00","0.00","","",""
"аксессуары на пазик","2026-06-30 - 2026-09-28","3.00","1.00","33.33","8.00","2.00","0.00","0.00","","1.00","1.00","100.00","2.00","2.00","0.00","0.00","","","","2.00","0.00","0.00","11.00",""
"обшивка салона микроавтобуса","2026-06-30 - 2026-09-28","3.00","0.00","0.00","12.33","","0.00","0.00","","0.00","0.00","","","","1.00","0.00","0.00","8.00","","2.00","0.00","0.00","14.50",""
"люк для фургона","2026-06-30 - 2026-09-28","3.00","0.00","0.00","8.67","","0.00","0.00","","0.00","0.00","","","","2.00","0.00","0.00","7.50","","1.00","0.00","0.00","11.00",""
"подставки под гроб","2026-06-30 - 2026-09-28","3.00","0.00","0.00","17.67","","0.00","0.00","","0.00","0.00","","","","0.00","0.00","","","","3.00","0.00","0.00","17.67",""
"купить багажник на газель некст грузовой фургон","2026-06-30 - 2026-09-28","3.00","0.00","0.00","25.00","","0.00","0.00","","0.00","0.00","","","","0.00","0.00","","","","3.00","0.00","0.00","25.00",""
"штора в пассажирскую газель","2026-06-30 - 2026-09-28","3.00","0.00","0.00","3.67","","0.00","0.00","","2.00","0.00","0.00","3.00","","1.00","0.00","0.00","5.00","","0.00","0.00","","",""
"сиденье в соболь 2752","2026-06-30 - 2026-09-28","3.00","0.00","0.00","9.33","","0.00","0.00","","0.00","0.00","","","","2.00","0.00","0.00","8.00","","1.00","0.00","0.00","12.00",""
"салазки сидений авто","2026-06-30 - 2026-09-28","3.00","0.00","0.00","10.00","","0.00","0.00","","0.00","0.00","","","","2.00","0.00","0.00","9.50","","1.00","0.00","0.00","11.00",""
"подлокотники на туристический стул","2026-06-30 - 2026-09-28","3.00","0.00","0.00","7.00","","0.00","0.00","","0.00","0.00","","","","3.00","0.00","0.00","7.00","","0.00","0.00","","",""
"купить на багажник бус","2026-06-30 - 2026-09-28","3.00","0.00","0.00","11.00","","0.00","0.00","","0.00","0.00","","","","1.00","0.00","0.00","10.00","","2.00","0.00","0.00","11.50",""
"боковая подножка форд транзит купить","2026-06-30 - 2026-09-28","3.00","0.00","0.00","3.67","","0.00","0.00","","1.00","0.00","0.00","3.00","","2.00","0.00","0.00","4.00","","0.00","0.00","","",""
"подлокотник для терисьтчеснх кресел в автобус","2026-06-30 - 2026-09-28","3.00","1.00","33.33","7.00","7.00","0.00","0.00","","0.00","0.00","","","","3.00","1.00","33.33","7.00","7.00","0.00","0.00","","",""
"мерседес спринтер мебель","2026-06-30 - 2026-09-28","3.00","0.00","0.00","4.33","","0.00","0.00","","2.00","0.00","0.00","3.00","","1.00","0.00","0.00","7.00","","0.00","0.00","","",""
"как работает складной стол на соболе видео","2026-06-30 - 2026-09-28","3.00","0.00","0.00","7.00","","0.00","0.00","","0.00","0.00","","","","3.00","0.00","0.00","7.00","","0.00","0.00","","",""
"сидение люксовое от волги 3110","2026-06-30 - 2026-09-28","3.00","0.00","0.00","10.67","","0.00","0.00","","0.00","0.00","","","","1.00","0.00","0.00","9.00","","2.00","0.00","0.00","11.50",""
"шторка боковая на газель некст купить","2026-06-30 - 2026-09-28","3.00","0.00","0.00","11.00","","0.00","0.00","","0.00","0.00","","","","1.00","0.00","0.00","10.00","","2.00","0.00","0.00","11.50",""
"накладки на испаритель а салон в микроавтобус","2026-06-30 - 2026-09-28","3.00","1.00","33.33","12.00","12.00","0.00","0.00","","0.00","0.00","","","","0.00","0.00","","","","3.00","1.00","33.33","12.00","12.00"
"размер водительского сидения на газели нехт каркасный","2026-06-30 - 2026-09-28","3.00","0.00","0.00","12.00","","0.00","0.00","","0.00","0.00","","","","0.00","0.00","","","","3.00","0.00","0.00","12.00",""
"аналог ривьера","2026-06-30 - 2026-09-28","3.00","0.00","0.00","1.00","","3.00","0.00","0.00","0.00","0.00","","","","0.00","0.00","","","","0.00","0.00","","",""
"подлокотник газель некст","2026-06-30 - 2026-09-28","3.00","0.00","0.00","22.00","","0.00","0.00","","0.00","0.00","","","","0.00","0.00","","","","3.00","0.00","0.00","22.00",""
"подножка боковая на фольксваген крафтер купить","2026-06-30 - 2026-09-28","3.00","0.00","0.00","7.33","","0.00","0.00","","0.00","0.00","","","","3.00","0.00","0.00","7.33","","0.00","0.00","","",""
"сиденья для коммерческого транспорта авито","2026-06-30 - 2026-09-28","3.00","0.00","0.00","10.67","","0.00","0.00","","0.00","0.00","","","","2.00","0.00","0.00","10.00","","1.00","0.00","0.00","12.00",""
"сиденье для газели водительское от иномарки","2026-06-30 - 2026-09-28","3.00","1.00","33.33","11.00","5.00","0.00","0.00","","0.00","0.00","","","","2.00","1.00","50.00","7.50","5.00","1.00","0.00","0.00","18.00",""
"продажа пассажирских сидений от европейских автобусов","2026-06-30 - 2026-09-28","3.00","0.00","0.00","8.00","","0.00","0.00","","0.00","0.00","","","","3.00","0.00","0.00","8.00","","0.00","0.00","","",""
"блок сидений для минивэна","2026-06-30 - 2026-09-28","3.00","0.00","0.00","6.00","","0.00","0.00","","0.00","0.00","","","","3.00","0.00","0.00","6.00","","0.00","0.00","","",""
"транспортный противоскользящий линолеум","2026-06-30 - 2026-09-28","3.00","1.00","33.33","10.00","10.00","0.00","0.00","","0.00","0.00","","","","3.00","1.00","33.33","10.00","10.00","0.00","0.00","","",""
"откидные сидушки в автобусе","2026-06-30 - 2026-09-28","3.00","0.00","0.00","8.67","","0.00","0.00","","0.00","0.00","","","","3.00","0.00","0.00","8.67","","0.00","0.00","","",""
"форд транзит крышка люка метал в крышу","2026-06-30 - 2026-09-28","3.00","0.00","0.00","8.00","","0.00","0.00","","0.00","0.00","","","","3.00","0.00","0.00","8.00","","0.00","0.00","","",""
"автобусное сидение","2026-06-30 - 2026-09-28","3.00","0.00","0.00","5.67","","0.00","0.00","","0.00","0.00","","","","3.00","0.00","0.00","5.67","","0.00","0.00","","",""
"передние сиденья для минивэна","2026-06-30 - 2026-09-28","3.00","0.00","0.00","6.00","","0.00","0.00","","0.00","0.00","","","","3.00","0.00","0.00","6.00","","0.00","0.00","","",""
"крепление поручней форд транзит","2026-06-30 - 2026-09-28","3.00","0.00","0.00","12.67","","0.00","0.00","","0.00","0.00","","","","0.00","0.00","","","","3.00","0.00","0.00","12.67",""
"куплю кресло автомобильное трехместное","2026-06-30 - 2026-09-28","3.00","1.00","33.33","6.00","5.00","0.00","0.00","","0.00","0.00","","","","3.00","1.00","33.33","6.00","5.00","0.00","0.00","","",""
"4 местный диван в микроавтобус","2026-06-30 - 2026-09-28","3.00","1.00","33.33","7.67","7.00","0.00","0.00","","0.00","0.00","","","","2.00","1.00","50.00","6.00","7.00","1.00","0.00","0.00","11.00",""
"магазин решений бус","2026-06-30 - 2026-09-28","3.00","0.00","0.00","9.00","","0.00","0.00","","0.00","0.00","","","","1.00","0.00","0.00","4.00","","2.00","0.00","0.00","11.50",""
"привод на сдвижную дверь форд транзит 2007г","2026-06-30 - 2026-09-28","3.00","0.00","0.00","3.67","","0.00","0.00","","1.00","0.00","0.00","2.00","","2.00","0.00","0.00","4.50","","0.00","0.00","","",""
"водительское сиденье газон некст с амортизацией купить в нижнем новгороде","2026-06-30 - 2026-09-28","3.00","0.00","0.00","8.67","","0.00","0.00","","0.00","0.00","","","","3.00","0.00","0.00","8.67","","0.00","0.00","","",""
"раскладушка скамейка на газель","2026-06-30 - 2026-09-28","3.00","0.00","0.00","11.00","","0.00","0.00","","0.00","0.00","","","","1.00","0.00","0.00","10.00","","2.00","0.00","0.00","11.50",""
"купить сиденья ривьера на спринтер","2026-06-30 - 2026-09-28","3.00","1.00","33.33","10.00","8.00","0.00","0.00","","0.00","0.00","","","","1.00","1.00","100.00","8.00","8.00","2.00","0.00","0.00","11.00",""
"купить микроавтобус чтобы сиденья складывается","2026-06-30 - 2026-09-28","3.00","0.00","0.00","7.33","","0.00","0.00","","0.00","0.00","","","","3.00","0.00","0.00","7.33","","0.00","0.00","","",""
"шторы пежо боксёр","2026-06-30 - 2026-09-28","3.00","1.00","33.33","8.00","5.00","0.00","0.00","","0.00","0.00","","","","2.00","1.00","50.00","6.50","5.00","1.00","0.00","0.00","11.00",""
"электропривод на сдвижную дверь форд транзит","2026-06-30 - 2026-09-28","3.00","1.00","33.33","9.00","8.00","0.00","0.00","","0.00","0.00","","","","3.00","1.00","33.33","9.00","8.00","0.00","0.00","","",""
"шторки в салон газель некст","2026-06-30 - 2026-09-28","3.00","2.00","66.67","4.00","6.00","0.00","0.00","","2.00","0.00","0.00","3.00","","1.00","2.00","200.00","6.00","6.00","0.00","0.00","","",""
"крепление поворотная на пассажирскую сидение на соболь фермер","2026-06-30 - 2026-09-28","3.00","0.00","0.00","7.33","","0.00","0.00","","0.00","0.00","","","","3.00","0.00","0.00","7.33","","0.00","0.00","","",""
"пластик для обивки салона","2026-06-30 - 2026-09-28","3.00","0.00","0.00","11.67","","0.00","0.00","","0.00","0.00","","","","0.00","0.00","","","","3.00","0.00","0.00","11.67",""
"купить антивандальные сидения в автобус","2026-06-30 - 2026-09-28","3.00","0.00","0.00","7.67","","0.00","0.00","","0.00","0.00","","","","3.00","0.00","0.00","7.67","","0.00","0.00","","",""
"наволочки на подголовники сидений автобуса","2026-06-30 - 2026-09-28","3.00","0.00","0.00","7.67","","0.00","0.00","","0.00","0.00","","","","3.00","0.00","0.00","7.67","","0.00","0.00","","",""
"оса 9000 отопитель","2026-06-30 - 2026-09-28","3.00","0.00","0.00","24.33","","0.00","0.00","","0.00","0.00","","","","0.00","0.00","","","","3.00","0.00","0.00","24.33",""
"подножка задних дверей мерседес спринтер классик","2026-06-30 - 2026-09-28","3.00","0.00","0.00","8.33","","0.00","0.00","","0.00","0.00","","","","3.00","0.00","0.00","8.33","","0.00","0.00","","",""
"полки для микроавтобуса","2026-06-30 - 2026-09-28","3.00","1.00","33.33","2.67","4.00","0.00","0.00","","2.00","0.00","0.00","2.00","","1.00","1.00","100.00","4.00","4.00","0.00","0.00","","",""
"газель некст фермер шторки на задние окна","2026-06-30 - 2026-09-28","3.00","0.00","0.00","11.33","","0.00","0.00","","0.00","0.00","","","","1.00","0.00","0.00","10.00","","2.00","0.00","0.00","12.00",""
"сиденье с амортизацией","2026-06-30 - 2026-09-28","3.00","0.00","0.00","14.67","","0.00","0.00","","0.00","0.00","","","","1.00","0.00","0.00","4.00","","2.00","0.00","0.00","20.00",""
"авито купить туристические сиденья на микроавтобус в екатеринбурге","2026-06-30 - 2026-09-28","3.00","0.00","0.00","9.33","","0.00","0.00","","0.00","0.00","","","","2.00","0.00","0.00","8.00","","1.00","0.00","0.00","12.00",""
"ножки сиденья газель","2026-06-30 - 2026-09-28","3.00","0.00","0.00","7.67","","0.00","0.00","","0.00","0.00","","","","3.00","0.00","0.00","7.67","","0.00","0.00","","",""
"купить сиденье для микроавтобуса б/у","2026-06-30 - 2026-09-28","3.00","0.00","0.00","11.33","","0.00","0.00","","0.00","0.00","","","","1.00","0.00","0.00","10.00","","2.00","0.00","0.00","12.00",""
"размеры обшивки кузова фургона citroen jumper peugeot boxer","2026-06-30 - 2026-09-28","3.00","0.00","0.00","6.33","","0.00","0.00","","0.00","0.00","","","","3.00","0.00","0.00","6.33","","0.00","0.00","","",""
"пассажирское сиденье это","2026-06-30 - 2026-09-28","3.00","0.00","0.00","12.67","","0.00","0.00","","0.00","0.00","","","","0.00","0.00","","","","3.00","0.00","0.00","12.67",""
"размер пассажирского сиденья соболь 4х4 переднего","2026-06-30 - 2026-09-28","3.00","0.00","0.00","5.33","","0.00","0.00","","0.00","0.00","","","","3.00","0.00","0.00","5.33","","0.00","0.00","","",""
"bus-.com","2026-06-30 - 2026-09-28","3.00","1.00","33.33","2.00","1.00","1.00","1.00","100.00","2.00","0.00","0.00","2.50","","0.00","0.00","","","","0.00","0.00","","",""
"287419 кресло пассажирское","2026-06-30 - 2026-09-28","3.00","0.00","0.00","7.33","","0.00","0.00","","0.00","0.00","","","","3.00","0.00","0.00","7.33","","0.00","0.00","","",""
"как в кабине называется крепления сидения","2026-06-30 - 2026-09-28","3.00","0.00","0.00","9.33","","0.00","0.00","","0.00","0.00","","","","3.00","0.00","0.00","9.33","","0.00","0.00","","",""
"скрытый электропривод боковой двери на спринтер","2026-06-30 - 2026-09-28","3.00","0.00","0.00","11.00","","0.00","0.00","","0.00","0.00","","","","1.00","0.00","0.00","10.00","","2.00","0.00","0.00","11.50",""
"воздуховод автобуса","2026-06-30 - 2026-09-28","3.00","0.00","0.00","10.33","","0.00","0.00","","0.00","0.00","","","","2.00","0.00","0.00","10.00","","1.00","0.00","0.00","11.00",""
"обшивка микроавтобуса","2026-06-30 - 2026-09-28","3.00","1.00","33.33","23.00","23.00","0.00","0.00","","0.00","0.00","","","","0.00","0.00","","","","3.00","1.00","33.33","23.00","23.00"
"пневмосидение в микроавтобус","2026-06-30 - 2026-09-28","3.00","0.00","0.00","11.67","","0.00","0.00","","0.00","0.00","","","","0.00","0.00","","","","3.00","0.00","0.00","11.67",""
"стекло 630х830мм для люка 580х780мм","2026-06-30 - 2026-09-28","3.00","0.00","0.00","6.33","","0.00","0.00","","0.00","0.00","","","","3.00","0.00","0.00","6.33","","0.00","0.00","","",""
"купить быстросъёмное сидения в микроавтобус","2026-06-30 - 2026-09-28","3.00","0.00","0.00","11.67","","0.00","0.00","","0.00","0.00","","","","1.00","0.00","0.00","9.00","","2.00","0.00","0.00","13.00",""
"об бить фанерой ситроен пежо","2026-06-30 - 2026-09-28","3.00","1.00","33.33","32.00","26.00","0.00","0.00","","0.00","0.00","","","","0.00","0.00","","","","3.00","1.00","33.33","32.00","26.00"
"передние кресла на соболь 4х4","2026-06-30 - 2026-09-28","3.00","0.00","0.00","5.33","","0.00","0.00","","0.00","0.00","","","","3.00","0.00","0.00","5.33","","0.00","0.00","","",""
"стол в газель","2026-06-30 - 2026-09-28","3.00","0.00","0.00","13.67","","0.00","0.00","","0.00","0.00","","","","0.00","0.00","","","","3.00","0.00","0.00","13.67",""
"сиденья передние в микроавтобус","2026-06-30 - 2026-09-28","3.00","0.00","0.00","4.33","","0.00","0.00","","1.00","0.00","0.00","3.00","","2.00","0.00","0.00","5.00","","0.00","0.00","","",""
"размеры стекол мерседес боксер","2026-06-30 - 2026-09-28","3.00","0.00","0.00","1.67","","2.00","0.00","0.00","1.00","0.00","0.00","3.00","","0.00","0.00","","","","0.00","0.00","","",""
"сиденье водительское газон некст купить","2026-06-30 - 2026-09-28","3.00","0.00","0.00","13.00","","0.00","0.00","","0.00","0.00","","","","0.00","0.00","","","","3.00","0.00","0.00","13.00",""
"двухярусный диван в газ соболь","2026-06-30 - 2026-09-28","3.00","0.00","0.00","9.33","","0.00","0.00","","0.00","0.00","","","","3.00","0.00","0.00","9.33","","0.00","0.00","","",""
"занавеска газель некст","2026-06-30 - 2026-09-28","3.00","0.00","0.00","7.33","","0.00","0.00","","0.00","0.00","","","","3.00","0.00","0.00","7.33","","0.00","0.00","","",""
"крепления для штор в автобус","2026-06-30 - 2026-09-28","3.00","0.00","0.00","8.67","","0.00","0.00","","0.00","0.00","","","","2.00","0.00","0.00","6.50","","1.00","0.00","0.00","13.00",""
"сиденье водителя газель бизнес","2026-06-30 - 2026-09-28","3.00","0.00","0.00","41.67","","0.00","0.00","","0.00","0.00","","","","0.00","0.00","","","","3.00","0.00","0.00","41.67",""
"подиум с выдвижной системой для катафалка","2026-06-30 - 2026-09-28","3.00","0.00","0.00","3.33","","0.00","0.00","","2.00","0.00","0.00","3.00","","1.00","0.00","0.00","4.00","","0.00","0.00","","",""
"накрышная вытяжка фву","2026-06-30 - 2026-09-28","3.00","0.00","0.00","7.00","","0.00","0.00","","0.00","0.00","","","","3.00","0.00","0.00","7.00","","0.00","0.00","","",""
"пластиковые заглушки на рельсы занавесок в микроавтобус","2026-06-30 - 2026-09-28","3.00","0.00","0.00","9.67","","0.00","0.00","","0.00","0.00","","","","3.00","0.00","0.00","9.67","","0.00","0.00","","",""
"расширитель окон на микроавтобусе","2026-06-30 - 2026-09-28","3.00","0.00","0.00","6.00","","0.00","0.00","","0.00","0.00","","","","3.00","0.00","0.00","6.00","","0.00","0.00","","",""
"вещевые полки в микроавтобус","2026-06-30 - 2026-09-28","3.00","0.00","0.00","3.67","","0.00","0.00","","1.00","0.00","0.00","3.00","","2.00","0.00","0.00","4.00","","0.00","0.00","","",""
"купить подножку кузова на форд транзит фургон","2026-06-30 - 2026-09-28","3.00","0.00","0.00","6.67","","0.00","0.00","","0.00","0.00","","","","3.00","0.00","0.00","6.67","","0.00","0.00","","",""
"подножка боковая на мерседес спринтер классик","2026-06-30 - 2026-09-28","3.00","0.00","0.00","1.00","","3.00","0.00","0.00","0.00","0.00","","","","0.00","0.00","","","","0.00","0.00","","",""
"купить стекло на мерседес спринтер классик","2026-06-30 - 2026-09-28","3.00","0.00","0.00","11.67","","0.00","0.00","","0.00","0.00","","","","0.00","0.00","","","","3.00","0.00","0.00","11.67",""
"багажник на мерседес спринтер классик","2026-06-30 - 2026-09-28","3.00","2.00","66.67","2.67","2.50","0.00","0.00","","3.00","2.00","66.67","2.67","2.50","0.00","0.00","","","","0.00","0.00","","",""
"тумба пассажирского сидения соболь нн","2026-06-30 - 2026-09-28","3.00","1.00","33.33","3.33","5.00","1.00","0.00","0.00","0.00","0.00","","","","2.00","1.00","50.00","4.50","5.00","0.00","0.00","","",""
"подушной багажник для спринтер классик фото","2026-06-30 - 2026-09-28","3.00","0.00","0.00","4.33","","0.00","0.00","","1.00","0.00","0.00","3.00","","2.00","0.00","0.00","5.00","","0.00","0.00","","",""
"пневмо сидения на газон некст","2026-06-30 - 2026-09-28","3.00","0.00","0.00","12.33","","0.00","0.00","","0.00","0.00","","","","0.00","0.00","","","","3.00","0.00","0.00","12.33",""
"универсальный подлокотник для микроавтобуса","2026-06-30 - 2026-09-28","3.00","0.00","0.00","10.00","","0.00","0.00","","0.00","0.00","","","","1.00","0.00","0.00","7.00","","2.00","0.00","0.00","11.50",""
"запчасти на автобус","2026-06-30 - 2026-09-28","3.00","0.00","0.00","27.67","","0.00","0.00","","0.00","0.00","","","","0.00","0.00","","","","3.00","0.00","0.00","27.67",""
"профильный уголок для подиума","2026-06-30 - 2026-09-28","3.00","0.00","0.00","4.67","","0.00","0.00","","0.00","0.00","","","","3.00","0.00","0.00","4.67","","0.00","0.00","","",""
"форд транзит обшивка 2","2026-06-30 - 2026-09-28","3.00","0.00","0.00","5.67","","0.00","0.00","","1.00","0.00","0.00","3.00","","2.00","0.00","0.00","7.00","","0.00","0.00","","",""
"уплотнитель для стекла в автобусе","2026-06-30 - 2026-09-28","3.00","0.00","0.00","5.33","","0.00","0.00","","0.00","0.00","","","","3.00","0.00","0.00","5.33","","0.00","0.00","","",""
"люк в крышу форд транзит","2026-06-30 - 2026-09-28","3.00","0.00","0.00","1.67","","2.00","0.00","0.00","1.00","0.00","0.00","3.00","","0.00","0.00","","","","0.00","0.00","","",""
"пежо боксер подножка боковой двери","2026-06-30 - 2026-09-28","3.00","0.00","0.00","4.33","","0.00","0.00","","2.00","0.00","0.00","3.00","","1.00","0.00","0.00","7.00","","0.00","0.00","","",""
"купить поручни для автобуса в иркутске","2026-06-30 - 2026-09-28","3.00","0.00","0.00","8.33","","0.00","0.00","","0.00","0.00","","","","3.00","0.00","0.00","8.33","","0.00","0.00","","",""
"подножка автобуса пежо боксер","2026-06-30 - 2026-09-28","3.00","0.00","0.00","2.00","","1.00","0.00","0.00","2.00","0.00","0.00","2.50","","0.00","0.00","","","","0.00","0.00","","",""
"сиденья для микроавтобусов тандем","2026-06-30 - 2026-09-28","3.00","1.00","33.33","2.33","3.00","0.00","0.00","","3.00","1.00","33.33","2.33","3.00","0.00","0.00","","","","0.00","0.00","","",""
"ступенька для газели нн задняя","2026-06-30 - 2026-09-28","3.00","3.00","100.00","3.67","4.00","0.00","0.00","","1.00","0.00","0.00","3.00","","2.00","3.00","150.00","4.00","4.00","0.00","0.00","","",""
"комплектующие для микроавтобуса","2026-06-30 - 2026-09-28","3.00","0.00","0.00","4.00","","0.00","0.00","","2.00","0.00","0.00","3.00","","1.00","0.00","0.00","6.00","","0.00","0.00","","",""
"внутреннюю обшивку на микроавтобус форд транзит 2006-2011 г в в купить .","2026-06-30 - 2026-09-28","3.00","0.00","0.00","4.33","","0.00","0.00","","0.00","0.00","","","","3.00","0.00","0.00","4.33","","0.00","0.00","","",""
"багажник рюкзак для микроавтобусов фольксваген крафтер 2023 год","2026-06-30 - 2026-09-28","3.00","0.00","0.00","1.67","","1.00","0.00","0.00","2.00","0.00","0.00","2.00","","0.00","0.00","","","","0.00","0.00","","",""
"сдвоенное сиденье для газ соболь 2217 новое","2026-06-30 - 2026-09-28","3.00","0.00","0.00","8.00","","0.00","0.00","","0.00","0.00","","","","3.00","0.00","0.00","8.00","","0.00","0.00","","",""
"багажник на форд транзит на заднюю дверь","2026-06-30 - 2026-09-28","3.00","3.00","100.00","2.00","2.33","1.00","1.00","100.00","2.00","2.00","100.00","2.50","3.00","0.00","0.00","","","","0.00","0.00","","",""
"подголовник на липучках луидор","2026-06-30 - 2026-09-28","3.00","0.00","0.00","3.33","","0.00","0.00","","2.00","0.00","0.00","3.00","","1.00","0.00","0.00","4.00","","0.00","0.00","","",""
"сиденья туристические на автобус форд транзит","2026-06-30 - 2026-09-28","3.00","0.00","0.00","2.67","","0.00","0.00","","3.00","0.00","0.00","2.67","","0.00","0.00","","","","0.00","0.00","","",""
"навесной багажник мерседес спринтер","2026-06-30 - 2026-09-28","3.00","1.00","33.33","2.67","3.00","1.00","0.00","0.00","1.00","1.00","100.00","3.00","3.00","1.00","0.00","0.00","4.00","","0.00","0.00","","",""
"обшивка задней стенки ситроен джампер","2026-06-30 - 2026-09-28","3.00","0.00","0.00","8.33","","0.00","0.00","","0.00","0.00","","","","3.00","0.00","0.00","8.33","","0.00","0.00","","",""
"купить автомобиль на складной столик","2026-06-30 - 2026-09-28","3.00","0.00","0.00","11.67","","0.00","0.00","","0.00","0.00","","","","0.00","0.00","","","","3.00","0.00","0.00","11.67",""
"навесной багажник для микроавтобуса ford transit","2026-06-30 - 2026-09-28","3.00","1.00","33.33","5.00","4.00","1.00","0.00","0.00","0.00","0.00","","","","2.00","1.00","50.00","7.00","4.00","0.00","0.00","","",""
"продажа vip кресла в автобус","2026-06-30 - 2026-09-28","3.00","0.00","0.00","3.33","","0.00","0.00","","2.00","0.00","0.00","3.00","","1.00","0.00","0.00","4.00","","0.00","0.00","","",""
"сиденья в багажник минивэна","2026-06-30 - 2026-09-28","3.00","0.00","0.00","6.33","","0.00","0.00","","0.00","0.00","","","","3.00","0.00","0.00","6.33","","0.00","0.00","","",""
"столик на спинке кресла","2026-06-30 - 2026-09-28","3.00","0.00","0.00","8.00","","0.00","0.00","","0.00","0.00","","","","3.00","0.00","0.00","8.00","","0.00","0.00","","",""
"bas.com","2026-06-30 - 2026-09-28","3.00","0.00","0.00","4.67","","0.00","0.00","","1.00","0.00","0.00","2.00","","2.00","0.00","0.00","6.00","","0.00","0.00","","",""
"багажник навесной на мерседес спринтер","2026-06-30 - 2026-09-28","3.00","0.00","0.00","2.67","","0.00","0.00","","2.00","0.00","0.00","2.00","","1.00","0.00","0.00","4.00","","0.00","0.00","","",""
"сиденье водителя","2026-06-30 - 2026-09-28","3.00","0.00","0.00","35.00","","0.00","0.00","","0.00","0.00","","","","0.00","0.00","","","","3.00","0.00","0.00","35.00",""
"шторки для микроавтобуса уфа","2026-06-30 - 2026-09-28","3.00","1.00","33.33","5.67","5.00","0.00","0.00","","0.00","0.00","","","","3.00","1.00","33.33","5.67","5.00","0.00","0.00","","",""
"пакет для мерседес спринтер","2026-06-30 - 2026-09-28","3.00","0.00","0.00","3.67","","0.00","0.00","","1.00","0.00","0.00","3.00","","2.00","0.00","0.00","4.00","","0.00","0.00","","",""
"диван трансформер газель","2026-06-30 - 2026-09-28","3.00","0.00","0.00","11.00","","0.00","0.00","","0.00","0.00","","","","1.00","0.00","0.00","9.00","","2.00","0.00","0.00","12.00",""
"поручни в автобус купить","2026-06-30 - 2026-09-28","3.00","0.00","0.00","8.33","","0.00","0.00","","0.00","0.00","","","","3.00","0.00","0.00","8.33","","0.00","0.00","","",""
"сиденье водителя соболь","2026-06-30 - 2026-09-28","3.00","0.00","0.00","7.67","","0.00","0.00","","0.00","0.00","","","","3.00","0.00","0.00","7.67","","0.00","0.00","","",""
"люк в форд транзит","2026-06-30 - 2026-09-28","3.00","0.00","0.00","4.33","","0.00","0.00","","1.00","0.00","0.00","2.00","","2.00","0.00","0.00","5.50","","0.00","0.00","","",""
"накладки подножки сдвижной двери ford transit 14-","2026-06-30 - 2026-09-28","3.00","0.00","0.00","10.00","","0.00","0.00","","0.00","0.00","","","","2.00","0.00","0.00","8.50","","1.00","0.00","0.00","13.00",""
"боковина форд транзит 2015","2026-06-30 - 2026-09-28","3.00","0.00","0.00","11.33","","0.00","0.00","","0.00","0.00","","","","0.00","0.00","","","","3.00","0.00","0.00","11.33",""
"стол вдоль сидения в соболь","2026-06-30 - 2026-09-28","3.00","0.00","0.00","8.33","","0.00","0.00","","0.00","0.00","","","","3.00","0.00","0.00","8.33","","0.00","0.00","","",""
"перегородка в минивэн","2026-06-30 - 2026-09-28","3.00","0.00","0.00","6.00","","0.00","0.00","","0.00","0.00","","","","3.00","0.00","0.00","6.00","","0.00","0.00","","",""
"купитьсиденье отавтобуса","2026-06-30 - 2026-09-28","3.00","0.00","0.00","8.00","","0.00","0.00","","0.00","0.00","","","","3.00","0.00","0.00","8.00","","0.00","0.00","","",""
"купить водительское сиденье. для микроавтобуса","2026-06-30 - 2026-09-28","3.00","0.00","0.00","2.67","","0.00","0.00","","2.00","0.00","0.00","2.00","","1.00","0.00","0.00","4.00","","0.00","0.00","","",""
"купить двойное сиденье на микроавтобус в саранске","2026-06-30 - 2026-09-28","3.00","0.00","0.00","8.00","","0.00","0.00","","0.00","0.00","","","","3.00","0.00","0.00","8.00","","0.00","0.00","","",""
"крепление сидений быстросъёмные для микроавтобусов","2026-06-30 - 2026-09-28","3.00","0.00","0.00","5.33","","0.00","0.00","","1.00","0.00","0.00","2.00","","2.00","0.00","0.00","7.00","","0.00","0.00","","",""
"шторка водителя газель некст","2026-06-30 - 2026-09-28","3.00","0.00","0.00","11.33","","0.00","0.00","","0.00","0.00","","","","1.00","0.00","0.00","10.00","","2.00","0.00","0.00","12.00",""
"комплект сидений для минивэна","2026-06-30 - 2026-09-28","3.00","0.00","0.00","7.00","","0.00","0.00","","0.00","0.00","","","","3.00","0.00","0.00","7.00","","0.00","0.00","","",""
"направляющие рельсы для сидушки авто","2026-06-30 - 2026-09-28","3.00","0.00","0.00","10.00","","0.00","0.00","","0.00","0.00","","","","2.00","0.00","0.00","9.00","","1.00","0.00","0.00","12.00",""
"кемперские столы для микроавтобусов","2026-06-30 - 2026-09-28","3.00","0.00","0.00","10.67","","0.00","0.00","","0.00","0.00","","","","1.00","0.00","0.00","10.00","","2.00","0.00","0.00","11.00",""
"купить кресло для микроавтобуса","2026-06-30 - 2026-09-28","3.00","1.00","33.33","4.00","2.00","0.00","0.00","","1.00","1.00","100.00","2.00","2.00","2.00","0.00","0.00","5.00","","0.00","0.00","","",""
"боковая подножка на форд транзит кастом на пассажирскую дверь","2026-06-30 - 2026-09-28","3.00","0.00","0.00","7.33","","0.00","0.00","","0.00","0.00","","","","3.00","0.00","0.00","7.33","","0.00","0.00","","",""
"сертифицированные ремни безопасности","2026-06-30 - 2026-09-28","3.00","0.00","0.00","6.33","","0.00","0.00","","0.00","0.00","","","","3.00","0.00","0.00","6.33","","0.00","0.00","","",""
"салазки автокресла","2026-06-30 - 2026-09-28","3.00","0.00","0.00","10.67","","0.00","0.00","","0.00","0.00","","","","1.00","0.00","0.00","7.00","","2.00","0.00","0.00","12.50",""
"газель некст пассажирский 2 8 стекло","2026-06-30 - 2026-09-28","3.00","0.00","0.00","9.00","","0.00","0.00","","0.00","0.00","","","","3.00","0.00","0.00","9.00","","0.00","0.00","","",""
"автобус кресло","2026-06-30 - 2026-09-28","3.00","0.00","0.00","6.33","","0.00","0.00","","0.00","0.00","","","","3.00","0.00","0.00","6.33","","0.00","0.00","","",""
"как называется в микроавтобусе вокруг рельсов под сиденьем утеплитель мягкий","2026-06-30 - 2026-09-28","3.00","0.00","0.00","10.67","","0.00","0.00","","0.00","0.00","","","","1.00","0.00","0.00","10.00","","2.00","0.00","0.00","11.00",""
"светильник над сиденьем в автобусе","2026-06-30 - 2026-09-28","3.00","0.00","0.00","8.67","","0.00","0.00","","0.00","0.00","","","","2.00","0.00","0.00","7.50","","1.00","0.00","0.00","11.00",""
"автостекло для автобусов и микроавтобусов","2026-06-30 - 2026-09-28","3.00","1.00","33.33","6.33","7.00","0.00","0.00","","0.00","0.00","","","","3.00","1.00","33.33","6.33","7.00","0.00","0.00","","",""
"сдвижной столик в микроавтобус","2026-06-30 - 2026-09-28","3.00","0.00","0.00","1.33","","2.00","0.00","0.00","1.00","0.00","0.00","2.00","","0.00","0.00","","","","0.00","0.00","","",""
"сидения от для соболя драйв два","2026-06-30 - 2026-09-28","3.00","0.00","0.00","6.33","","0.00","0.00","","0.00","0.00","","","","3.00","0.00","0.00","6.33","","0.00","0.00","","",""
"купить направляющие для штор в автомобиль","2026-06-30 - 2026-09-28","3.00","0.00","0.00","13.33","","0.00","0.00","","0.00","0.00","","","","0.00","0.00","","","","3.00","0.00","0.00","13.33",""
"газель некст цельнометаллический фургон боковое левое стекло с форточкой","2026-06-30 - 2026-09-28","3.00","0.00","0.00","10.67","","0.00","0.00","","0.00","0.00","","","","1.00","0.00","0.00","9.00","","2.00","0.00","0.00","11.50",""
"комфортные сиденья в микроавтобус купить","2026-06-30 - 2026-09-28","3.00","1.00","33.33","10.67","7.00","0.00","0.00","","0.00","0.00","","","","1.00","1.00","100.00","7.00","7.00","2.00","0.00","0.00","12.50",""
"купить уплотнитель на раздвижное стекло на пежо боксер","2026-06-30 - 2026-09-28","3.00","2.00","66.67","7.33","6.50","0.00","0.00","","0.00","0.00","","","","3.00","2.00","66.67","7.33","6.50","0.00","0.00","","",""
"раскладывающиеся сиденья в соболь","2026-06-30 - 2026-09-28","3.00","0.00","0.00","11.00","","0.00","0.00","","0.00","0.00","","","","0.00","0.00","","","","3.00","0.00","0.00","11.00",""
"столик на сиденье","2026-06-30 - 2026-09-28","3.00","0.00","0.00","11.00","","0.00","0.00","","0.00","0.00","","","","2.00","0.00","0.00","9.00","","1.00","0.00","0.00","15.00",""
"sk32 салазки","2026-06-30 - 2026-09-28","3.00","1.00","33.33","3.33","3.00","0.00","0.00","","2.00","1.00","50.00","3.00","3.00","1.00","0.00","0.00","4.00","","0.00","0.00","","",""
"замок защёлка для сдвижной форточки стекла автобус","2026-06-30 - 2026-09-28","3.00","2.00","66.67","9.00","10.50","0.00","0.00","","0.00","0.00","","","","2.00","1.00","50.00","8.00","10.00","1.00","1.00","100.00","11.00","11.00"
"люк 50х50 автомобильный","2026-06-30 - 2026-09-28","3.00","0.00","0.00","4.67","","0.00","0.00","","0.00","0.00","","","","3.00","0.00","0.00","4.67","","0.00","0.00","","",""
"линолеум с металлической крошкой в автобус купить","2026-06-30 - 2026-09-28","3.00","0.00","0.00","11.00","","0.00","0.00","","0.00","0.00","","","","2.00","0.00","0.00","10.00","","1.00","0.00","0.00","13.00",""
"какой люк подойдет на микроавтобус форд транзит .","2026-06-30 - 2026-09-28","3.00","1.00","33.33","4.33","4.00","0.00","0.00","","0.00","0.00","","","","3.00","1.00","33.33","4.33","4.00","0.00","0.00","","",""
"кожух вытяжки в кабине форд транзит","2026-06-30 - 2026-09-28","3.00","0.00","0.00","9.00","","0.00","0.00","","0.00","0.00","","","","3.00","0.00","0.00","9.00","","0.00","0.00","","",""
"купить люк эвакуационный от автобуса в иркутске","2026-06-30 - 2026-09-28","3.00","0.00","0.00","7.00","","0.00","0.00","","0.00","0.00","","","","3.00","0.00","0.00","7.00","","0.00","0.00","","",""
"диван перегородка на газель бизнес","2026-06-30 - 2026-09-28","3.00","0.00","0.00","5.00","","0.00","0.00","","1.00","0.00","0.00","3.00","","2.00","0.00","0.00","6.00","","0.00","0.00","","",""
"автомобильное кресло пассажирское","2026-06-30 - 2026-09-28","3.00","0.00","0.00","7.67","","0.00","0.00","","0.00","0.00","","","","3.00","0.00","0.00","7.67","","0.00","0.00","","",""
"боковая подножка форд транзит спб","2026-06-30 - 2026-09-28","3.00","0.00","0.00","6.33","","0.00","0.00","","0.00","0.00","","","","3.00","0.00","0.00","6.33","","0.00","0.00","","",""
"шторы для ивеко дейли","2026-06-30 - 2026-09-28","3.00","0.00","0.00","6.33","","0.00","0.00","","0.00","0.00","","","","3.00","0.00","0.00","6.33","","0.00","0.00","","",""
"сиденья grl","2026-06-30 - 2026-09-28","3.00","0.00","0.00","6.67","","0.00","0.00","","0.00","0.00","","","","3.00","0.00","0.00","6.67","","0.00","0.00","","",""
"купить 2х ступенчатую подножку на газель школьный автобус","2026-06-30 - 2026-09-28","3.00","0.00","0.00","13.33","","0.00","0.00","","0.00","0.00","","","","0.00","0.00","","","","3.00","0.00","0.00","13.33",""
"авито шторки для газель некст в салон автобуса","2026-06-30 - 2026-09-28","3.00","0.00","0.00","2.00","","1.00","0.00","0.00","2.00","0.00","0.00","2.50","","0.00","0.00","","","","0.00","0.00","","",""
"купить бу сидения в микроавтобус","2026-06-30 - 2026-09-28","3.00","0.00","0.00","10.67","","0.00","0.00","","0.00","0.00","","","","1.00","0.00","0.00","4.00","","2.00","0.00","0.00","14.00",""
"как сделать раскладной диван в зад салона пассажирского микроавтобуса газель","2026-06-30 - 2026-09-28","3.00","0.00","0.00","11.33","","0.00","0.00","","0.00","0.00","","","","1.00","0.00","0.00","10.00","","2.00","0.00","0.00","12.00",""
"тройное сиденье для микроавтобуса","2026-06-30 - 2026-09-28","3.00","0.00","0.00","9.00","","0.00","0.00","","0.00","0.00","","","","3.00","0.00","0.00","9.00","","0.00","0.00","","",""
"кресла бизнес для авто","2026-06-30 - 2026-09-28","3.00","0.00","0.00","11.00","","0.00","0.00","","0.00","0.00","","","","1.00","0.00","0.00","10.00","","2.00","0.00","0.00","11.50",""
"сколько стоит заменить сидения в автобусе","2026-06-30 - 2026-09-28","3.00","1.00","33.33","7.67","9.00","0.00","0.00","","0.00","0.00","","","","3.00","1.00","33.33","7.67","9.00","0.00","0.00","","",""
"люк со стеклом","2026-06-30 - 2026-09-28","3.00","0.00","0.00","12.33","","0.00","0.00","","0.00","0.00","","","","0.00","0.00","","","","3.00","0.00","0.00","12.33",""
"купить раздвигающиеся шторки в салон автобуса ford transit на боковые стекла","2026-06-30 - 2026-09-28","3.00","1.00","33.33","6.00","3.00","0.00","0.00","","1.00","1.00","100.00","3.00","3.00","1.00","0.00","0.00","4.00","","1.00","0.00","0.00","11.00",""
"клипсы для сидения автобуса","2026-06-30 - 2026-09-28","3.00","0.00","0.00","5.67","","0.00","0.00","","1.00","0.00","0.00","3.00","","2.00","0.00","0.00","7.00","","0.00","0.00","","",""
"фурнитура для стола в микроавтобус","2026-06-30 - 2026-09-28","3.00","0.00","0.00","12.00","","0.00","0.00","","0.00","0.00","","","","0.00","0.00","","","","3.00","0.00","0.00","12.00",""
"пассажирские сиденье","2026-06-30 - 2026-09-28","3.00","0.00","0.00","8.00","","0.00","0.00","","0.00","0.00","","","","3.00","0.00","0.00","8.00","","0.00","0.00","","",""
"бассеком","2026-06-30 - 2026-09-28","3.00","0.00","0.00","4.33","","0.00","0.00","","2.00","0.00","0.00","2.50","","1.00","0.00","0.00","8.00","","0.00","0.00","","",""
"автомобильный линолеум","2026-06-30 - 2026-09-28","3.00","3.00","100.00","31.67","31.67","0.00","0.00","","0.00","0.00","","","","0.00","0.00","","","","3.00","3.00","100.00","31.67","31.67"
"материал для обшивки пассажирского салона спринтера","2026-06-30 - 2026-09-28","3.00","0.00","0.00","11.67","","0.00","0.00","","0.00","0.00","","","","1.00","0.00","0.00","10.00","","2.00","0.00","0.00","12.50",""
"стекло боковое 1770/870 ивеко дейли","2026-06-30 - 2026-09-28","3.00","0.00","0.00","9.33","","0.00","0.00","","0.00","0.00","","","","3.00","0.00","0.00","9.33","","0.00","0.00","","",""
"устройство подлокотника сиденья газель некст","2026-06-30 - 2026-09-28","3.00","0.00","0.00","12.67","","0.00","0.00","","0.00","0.00","","","","0.00","0.00","","","","3.00","0.00","0.00","12.67",""
"материал для штор в автобус","2026-06-30 - 2026-09-28","3.00","0.00","0.00","7.67","","0.00","0.00","","0.00","0.00","","","","3.00","0.00","0.00","7.67","","0.00","0.00","","",""
"подножки форд транзит","2026-06-30 - 2026-09-28","3.00","0.00","0.00","11.33","","0.00","0.00","","0.00","0.00","","","","0.00","0.00","","","","3.00","0.00","0.00","11.33",""
"сиденье газель нн водительское","2026-06-30 - 2026-09-28","3.00","0.00","0.00","8.33","","0.00","0.00","","0.00","0.00","","","","2.00","0.00","0.00","6.50","","1.00","0.00","0.00","12.00",""
"рельсы направляющие для перемещения сидений автомобиля купить","2026-06-30 - 2026-09-28","3.00","0.00","0.00","5.33","","0.00","0.00","","0.00","0.00","","","","3.00","0.00","0.00","5.33","","0.00","0.00","","",""
"стекло боковое переднее левое с узкой форточкой 1156*704","2026-06-30 - 2026-09-28","3.00","0.00","0.00","3.67","","0.00","0.00","","2.00","0.00","0.00","3.00","","1.00","0.00","0.00","5.00","","0.00","0.00","","",""
"фиат дукато изотеральные стекла","2026-06-30 - 2026-09-28","3.00","0.00","0.00","11.33","","0.00","0.00","","0.00","0.00","","","","0.00","0.00","","","","3.00","0.00","0.00","11.33",""
"шторы тканевые на газель некст","2026-06-30 - 2026-09-28","3.00","0.00","0.00","3.33","","0.00","0.00","","2.00","0.00","0.00","3.00","","1.00","0.00","0.00","4.00","","0.00","0.00","","",""
"сидения волга люкс","2026-06-30 - 2026-09-28","3.00","0.00","0.00","6.33","","0.00","0.00","","1.00","0.00","0.00","3.00","","2.00","0.00","0.00","8.00","","0.00","0.00","","",""
"кресло са-02р одноместное регулируемое для автобусов размер","2026-06-30 - 2026-09-28","3.00","0.00","0.00","7.00","","0.00","0.00","","0.00","0.00","","","","3.00","0.00","0.00","7.00","","0.00","0.00","","",""
"рюкзак для ford transit 2013 года","2026-06-30 - 2026-09-28","3.00","0.00","0.00","2.00","","0.00","0.00","","3.00","0.00","0.00","2.00","","0.00","0.00","","","","0.00","0.00","","",""
"стекло mercedes sprinter classic боковое левое переднее с форточкой (1190*780)","2026-06-30 - 2026-09-28","3.00","0.00","0.00","4.67","","0.00","0.00","","1.00","0.00","0.00","3.00","","2.00","0.00","0.00","5.50","","0.00","0.00","","",""
"как собрать багажник на форд транзит","2026-06-30 - 2026-09-28","3.00","0.00","0.00","12.33","","0.00","0.00","","0.00","0.00","","","","0.00","0.00","","","","3.00","0.00","0.00","12.33",""
"микроавтобус мерседес с навесным багажником","2026-06-30 - 2026-09-28","3.00","0.00","0.00","8.67","","0.00","0.00","","0.00","0.00","","","","3.00","0.00","0.00","8.67","","0.00","0.00","","",""
"шторы в кабине пежо боксер","2026-06-30 - 2026-09-28","3.00","0.00","0.00","3.33","","0.00","0.00","","2.00","0.00","0.00","3.00","","1.00","0.00","0.00","4.00","","0.00","0.00","","",""
"сиденье газ соболь водительское","2026-06-30 - 2026-09-28","3.00","0.00","0.00","5.33","","0.00","0.00","","0.00","0.00","","","","3.00","0.00","0.00","5.33","","0.00","0.00","","",""
"карниз для шторки за сидение водителя автобуса","2026-06-30 - 2026-09-28","3.00","0.00","0.00","9.33","","0.00","0.00","","0.00","0.00","","","","3.00","0.00","0.00","9.33","","0.00","0.00","","",""
"купить заднее стекло на спринтер левое на озон","2026-06-30 - 2026-09-28","3.00","0.00","0.00","10.00","","0.00","0.00","","0.00","0.00","","","","1.00","0.00","0.00","6.00","","2.00","0.00","0.00","12.00",""
"шторки форд транзит в кабину","2026-06-30 - 2026-09-28","3.00","0.00","0.00","10.33","","0.00","0.00","","0.00","0.00","","","","1.00","0.00","0.00","7.00","","2.00","0.00","0.00","12.00",""
"навесной багажник на автобус","2026-06-30 - 2026-09-28","3.00","0.00","0.00","4.33","","0.00","0.00","","1.00","0.00","0.00","3.00","","2.00","0.00","0.00","5.00","","0.00","0.00","","",""
"заказать шторы на автобус некст киров","2026-06-30 - 2026-09-28","3.00","0.00","0.00","2.00","","2.00","0.00","0.00","0.00","0.00","","","","1.00","0.00","0.00","4.00","","0.00","0.00","","",""
"купить шторки в салон микроавтобуса ситроен джампер","2026-06-30 - 2026-09-28","3.00","3.00","100.00","2.33","3.00","1.00","0.00","0.00","2.00","3.00","150.00","3.00","3.00","0.00","0.00","","","","0.00","0.00","","",""
"плафоны освещения салона","2026-06-30 - 2026-09-28","3.00","0.00","0.00","20.67","","0.00","0.00","","0.00","0.00","","","","1.00","0.00","0.00","7.00","","2.00","0.00","0.00","27.50",""
"сиденье с пружиной","2026-06-30 - 2026-09-28","3.00","0.00","0.00","7.00","","0.00","0.00","","0.00","0.00","","","","3.00","0.00","0.00","7.00","","0.00","0.00","","",""
"купить сиденья на газель турист","2026-06-30 - 2026-09-28","3.00","0.00","0.00","3.00","","0.00","0.00","","2.00","0.00","0.00","2.50","","1.00","0.00","0.00","4.00","","0.00","0.00","","",""
"купить диван в соболь баргузин","2026-06-30 - 2026-09-28","3.00","0.00","0.00","10.00","","0.00","0.00","","0.00","0.00","","","","1.00","0.00","0.00","8.00","","2.00","0.00","0.00","11.00",""
"занавески на окна пассажирские","2026-06-30 - 2026-09-28","3.00","0.00","0.00","6.33","","0.00","0.00","","0.00","0.00","","","","3.00","0.00","0.00","6.33","","0.00","0.00","","",""
"стеклопакеты для автобуса iveco daily","2026-06-30 - 2026-09-28","3.00","1.00","33.33","7.00","7.00","0.00","0.00","","0.00","0.00","","","","3.00","1.00","33.33","7.00","7.00","0.00","0.00","","",""
"клипсы направления штор для авто","2026-06-30 - 2026-09-28","3.00","0.00","0.00","10.33","","0.00","0.00","","0.00","0.00","","","","2.00","0.00","0.00","10.00","","1.00","0.00","0.00","11.00",""
"защелка форточки форд транзит","2026-06-30 - 2026-09-28","3.00","0.00","0.00","5.33","","0.00","0.00","","0.00","0.00","","","","3.00","0.00","0.00","5.33","","0.00","0.00","","",""
"одна подножка фургона","2026-06-30 - 2026-09-28","3.00","0.00","0.00","5.67","","0.00","0.00","","0.00","0.00","","","","3.00","0.00","0.00","5.67","","0.00","0.00","","",""
"комфортное сиденье в спринтер классик","2026-06-30 - 2026-09-28","3.00","0.00","0.00","4.00","","0.00","0.00","","0.00","0.00","","","","3.00","0.00","0.00","4.00","","0.00","0.00","","",""
"верхняя накладка для боковой двери минивэна","2026-06-30 - 2026-09-28","3.00","0.00","0.00","11.33","","0.00","0.00","","0.00","0.00","","","","0.00","0.00","","","","3.00","0.00","0.00","11.33",""
"полозья сидения автомобиля","2026-06-30 - 2026-09-28","3.00","0.00","0.00","10.67","","0.00","0.00","","0.00","0.00","","","","2.00","0.00","0.00","10.00","","1.00","0.00","0.00","12.00",""
"перилы для автобусов","2026-06-30 - 2026-09-28","3.00","0.00","0.00","7.33","","0.00","0.00","","0.00","0.00","","","","3.00","0.00","0.00","7.33","","0.00","0.00","","",""
"столик складной автомобильный bgtworkshop.ru","2026-06-30 - 2026-09-28","3.00","0.00","0.00","11.33","","0.00","0.00","","0.00","0.00","","","","1.00","0.00","0.00","9.00","","2.00","0.00","0.00","12.50",""
"ремни безопасности для автобусов","2026-06-30 - 2026-09-28","3.00","0.00","0.00","8.67","","0.00","0.00","","0.00","0.00","","","","3.00","0.00","0.00","8.67","","0.00","0.00","","",""
"защелка боковой форточки мерседес спринтер 906","2026-06-30 - 2026-09-28","3.00","0.00","0.00","6.00","","0.00","0.00","","0.00","0.00","","","","3.00","0.00","0.00","6.00","","0.00","0.00","","",""
"шторы в автобус комплект на газель бизнес","2026-06-30 - 2026-09-28","3.00","0.00","0.00","9.33","","0.00","0.00","","0.00","0.00","","","","3.00","0.00","0.00","9.33","","0.00","0.00","","",""
"автомобильное кресло купить взрослое","2026-06-30 - 2026-09-28","3.00","0.00","0.00","11.00","","0.00","0.00","","0.00","0.00","","","","2.00","0.00","0.00","10.00","","1.00","0.00","0.00","13.00",""
"купить стол в микроавтобус","2026-06-30 - 2026-09-28","3.00","0.00","0.00","4.67","","0.00","0.00","","1.00","0.00","0.00","3.00","","2.00","0.00","0.00","5.50","","0.00","0.00","","",""
"купить сиденье для ривьеры соболь","2026-06-30 - 2026-09-28","3.00","1.00","33.33","4.33","5.00","0.00","0.00","","1.00","0.00","0.00","3.00","","2.00","1.00","50.00","5.00","5.00","0.00","0.00","","",""
"купить сиденья на автобус бу","2026-06-30 - 2026-09-28","3.00","0.00","0.00","10.00","","0.00","0.00","","0.00","0.00","","","","2.00","0.00","0.00","9.50","","1.00","0.00","0.00","11.00",""
"кресло в минивэн","2026-06-30 - 2026-09-28","3.00","0.00","0.00","4.67","","0.00","0.00","","0.00","0.00","","","","3.00","0.00","0.00","4.67","","0.00","0.00","","",""
"сколько стоят раскладные сидушки на газон некст","2026-06-30 - 2026-09-28","3.00","0.00","0.00","5.67","","0.00","0.00","","0.00","0.00","","","","3.00","0.00","0.00","5.67","","0.00","0.00","","",""
"купить желтого цвета материал для штор на автобус форд транзит","2026-06-30 - 2026-09-28","3.00","0.00","0.00","7.00","","0.00","0.00","","0.00","0.00","","","","3.00","0.00","0.00","7.00","","0.00","0.00","","",""
"кресло луидор","2026-06-30 - 2026-09-28","3.00","0.00","0.00","6.00","","0.00","0.00","","0.00","0.00","","","","3.00","0.00","0.00","6.00","","0.00","0.00","","",""
"уплотнитель стекла автобус","2026-06-30 - 2026-09-28","3.00","0.00","0.00","7.00","","0.00","0.00","","1.00","0.00","0.00","3.00","","2.00","0.00","0.00","9.00","","0.00","0.00","","",""
"водительское сидение газон next","2026-06-30 - 2026-09-28","3.00","0.00","0.00","11.67","","0.00","0.00","","0.00","0.00","","","","0.00","0.00","","","","3.00","0.00","0.00","11.67",""
"электропривод сдвижной двери кроко на форд транзит 2020г","2026-06-30 - 2026-09-28","3.00","0.00","0.00","6.67","","0.00","0.00","","0.00","0.00","","","","3.00","0.00","0.00","6.67","","0.00","0.00","","",""
"размер водительского кресла в соболе","2026-06-30 - 2026-09-28","3.00","0.00","0.00","2.00","","0.00","0.00","","3.00","0.00","0.00","2.00","","0.00","0.00","","","","0.00","0.00","","",""
"люк в микроавтобус купить","2026-06-30 - 2026-09-28","3.00","0.00","0.00","19.00","","0.00","0.00","","0.00","0.00","","","","0.00","0.00","","","","3.00","0.00","0.00","19.00",""
"электропривод двухмоторный bosch для микроавтобуса","2026-06-30 - 2026-09-28","3.00","0.00","0.00","7.67","","0.00","0.00","","0.00","0.00","","","","3.00","0.00","0.00","7.67","","0.00","0.00","","",""
"декоративный молдинг закрытия саморезов в салоне автобуса","2026-06-30 - 2026-09-28","3.00","0.00","0.00","4.67","","0.00","0.00","","0.00","0.00","","","","3.00","0.00","0.00","4.67","","0.00","0.00","","",""
"купить заднее вип сиденье микроавтобуса","2026-06-30 - 2026-09-28","3.00","0.00","0.00","4.67","","0.00","0.00","","0.00","0.00","","","","3.00","0.00","0.00","4.67","","0.00","0.00","","",""
"быстросъемное крепление для пассажирских сидений","2026-06-30 - 2026-09-28","3.00","0.00","0.00","8.67","","0.00","0.00","","0.00","0.00","","","","3.00","0.00","0.00","8.67","","0.00","0.00","","",""
"навесной багажник газель некст на задние двери","2026-06-30 - 2026-09-28","3.00","1.00","33.33","1.67","2.00","1.00","0.00","0.00","2.00","1.00","50.00","2.00","2.00","0.00","0.00","","","","0.00","0.00","","",""
"купить пассажирские сиденья на микроавтобус соболь","2026-06-30 - 2026-09-28","3.00","0.00","0.00","3.67","","0.00","0.00","","1.00","0.00","0.00","3.00","","2.00","0.00","0.00","4.00","","0.00","0.00","","",""
"чем обшить салон микроавтобуса","2026-06-30 - 2026-09-28","3.00","0.00","0.00","15.33","","0.00","0.00","","0.00","0.00","","","","0.00","0.00","","","","3.00","0.00","0.00","15.33",""
"siri купить сетки на газель next на окна в городе краснодаре","2026-06-30 - 2026-09-28","3.00","0.00","0.00","11.00","","0.00","0.00","","0.00","0.00","","","","1.00","0.00","0.00","8.00","","2.00","0.00","0.00","12.50",""
"салонные сиденья для автобусов","2026-06-30 - 2026-09-28","3.00","0.00","0.00","10.00","","0.00","0.00","","0.00","0.00","","","","1.00","0.00","0.00","8.00","","2.00","0.00","0.00","11.00",""
"автобусы сиденья","2026-06-30 - 2026-09-28","3.00","0.00","0.00","6.00","","0.00","0.00","","0.00","0.00","","","","3.00","0.00","0.00","6.00","","0.00","0.00","","",""
"стекло на газель боковое","2026-06-30 - 2026-09-28","3.00","0.00","0.00","36.67","","0.00","0.00","","0.00","0.00","","","","0.00","0.00","","","","3.00","0.00","0.00","36.67",""
"заглушки для саморезов (пукли)","2026-06-30 - 2026-09-28","3.00","0.00","0.00","7.67","","0.00","0.00","","0.00","0.00","","","","3.00","0.00","0.00","7.67","","0.00","0.00","","",""
"кресла пассажирские","2026-06-30 - 2026-09-28","3.00","0.00","0.00","6.67","","0.00","0.00","","0.00","0.00","","","","3.00","0.00","0.00","6.67","","0.00","0.00","","",""
"салон ривьера на соболь купить","2026-06-30 - 2026-09-28","3.00","0.00","0.00","9.00","","0.00","0.00","","0.00","0.00","","","","2.00","0.00","0.00","8.00","","1.00","0.00","0.00","11.00",""
"каталог комплектующих для микроавтобусов","2026-06-30 - 2026-09-28","3.00","1.00","33.33","6.67","9.00","0.00","0.00","","0.00","0.00","","","","3.00","1.00","33.33","6.67","9.00","0.00","0.00","","",""
"поручник в автобусе","2026-06-30 - 2026-09-28","3.00","0.00","0.00","12.67","","0.00","0.00","","0.00","0.00","","","","0.00","0.00","","","","3.00","0.00","0.00","12.67",""
"подножка пластиковая боковой двери фольксваген крафт 2006","2026-06-30 - 2026-09-28","3.00","1.00","33.33","7.33","10.00","0.00","0.00","","0.00","0.00","","","","3.00","1.00","33.33","7.33","10.00","0.00","0.00","","",""
"купить 3 местное сидение на микроавтобус","2026-06-30 - 2026-09-28","3.00","0.00","0.00","9.00","","0.00","0.00","","0.00","0.00","","","","3.00","0.00","0.00","9.00","","0.00","0.00","","",""
"ночной шторки на ивеко дейли","2026-06-30 - 2026-09-28","3.00","0.00","0.00","5.67","","0.00","0.00","","0.00","0.00","","","","3.00","0.00","0.00","5.67","","0.00","0.00","","",""
"купить задний диван минивэна","2026-06-30 - 2026-09-28","3.00","0.00","0.00","2.33","","2.00","0.00","0.00","0.00","0.00","","","","1.00","0.00","0.00","5.00","","0.00","0.00","","",""
"купить сиденье соболь нн","2026-06-30 - 2026-09-28","3.00","0.00","0.00","3.33","","0.00","0.00","","2.00","0.00","0.00","3.00","","1.00","0.00","0.00","4.00","","0.00","0.00","","",""
"накладки на зеркала хром спринтер","2026-06-30 - 2026-09-28","3.00","0.00","0.00","9.00","","0.00","0.00","","0.00","0.00","","","","2.00","0.00","0.00","7.50","","1.00","0.00","0.00","12.00",""
"крепление сиденья соболь","2026-06-30 - 2026-09-28","3.00","0.00","0.00","8.00","","0.00","0.00","","0.00","0.00","","","","2.00","0.00","0.00","6.50","","1.00","0.00","0.00","11.00",""
"сиденья от микроавтобуса купить","2026-06-30 - 2026-09-28","3.00","0.00","0.00","3.33","","0.00","0.00","","2.00","0.00","0.00","3.00","","1.00","0.00","0.00","4.00","","0.00","0.00","","",""
"туристическое сиденье в салон автобуса","2026-06-30 - 2026-09-28","3.00","1.00","33.33","4.33","3.00","0.00","0.00","","1.00","1.00","100.00","3.00","3.00","2.00","0.00","0.00","5.00","","0.00","0.00","","",""
"тканевые шторки для автомобиля ситроен джампер","2026-06-30 - 2026-09-28","3.00","1.00","33.33","3.67","4.00","0.00","0.00","","1.00","0.00","0.00","3.00","","2.00","1.00","50.00","4.00","4.00","0.00","0.00","","",""
"басс фурнитура","2026-06-30 - 2026-09-28","3.00","0.00","0.00","11.33","","0.00","0.00","","0.00","0.00","","","","0.00","0.00","","","","3.00","0.00","0.00","11.33",""
"пороги пластиковые на микроавтобус","2026-06-30 - 2026-09-28","3.00","0.00","0.00","9.00","","0.00","0.00","","0.00","0.00","","","","3.00","0.00","0.00","9.00","","0.00","0.00","","",""
"передние подножки на мерседес классик","2026-06-30 - 2026-09-28","3.00","0.00","0.00","11.67","","0.00","0.00","","0.00","0.00","","","","0.00","0.00","","","","3.00","0.00","0.00","11.67",""
"ножки на сидения газель пассажирская","2026-06-30 - 2026-09-28","3.00","1.00","33.33","1.67","1.00","2.00","1.00","50.00","1.00","0.00","0.00","3.00","","0.00","0.00","","","","0.00","0.00","","",""
"стекло боковое пежо боксер","2026-06-30 - 2026-09-28","3.00","0.00","0.00","15.33","","0.00","0.00","","0.00","0.00","","","","0.00","0.00","","","","3.00","0.00","0.00","15.33",""
"люк sahsa микроавтобус","2026-06-30 - 2026-09-28","3.00","0.00","0.00","5.00","","0.00","0.00","","0.00","0.00","","","","3.00","0.00","0.00","5.00","","0.00","0.00","","",""
"sprinter mercedes 906 хром накладки","2026-06-30 - 2026-09-28","3.00","0.00","0.00","9.33","","0.00","0.00","","0.00","0.00","","","","3.00","0.00","0.00","9.33","","0.00","0.00","","",""
"шторки ночные на газель некст","2026-06-30 - 2026-09-28","3.00","0.00","0.00","10.67","","0.00","0.00","","0.00","0.00","","","","2.00","0.00","0.00","10.00","","1.00","0.00","0.00","12.00",""
"люк стеклянный автобусный на крышу","2026-06-30 - 2026-09-28","3.00","0.00","0.00","3.67","","0.00","0.00","","2.00","0.00","0.00","2.50","","1.00","0.00","0.00","6.00","","0.00","0.00","","",""
"перегородка ривьера","2026-06-30 - 2026-09-28","3.00","0.00","0.00","8.67","","0.00","0.00","","1.00","0.00","0.00","3.00","","0.00","0.00","","","","2.00","0.00","0.00","11.50",""
"обшивка задней стенки кабины форд транзит","2026-06-30 - 2026-09-28","3.00","0.00","0.00","7.00","","0.00","0.00","","0.00","0.00","","","","3.00","0.00","0.00","7.00","","0.00","0.00","","",""
"басс фурнитура официальный сайт","2026-06-30 - 2026-09-28","3.00","0.00","0.00","10.33","","0.00","0.00","","0.00","0.00","","","","2.00","0.00","0.00","9.50","","1.00","0.00","0.00","12.00",""
"купить сидения на минивэн","2026-06-30 - 2026-09-28","3.00","0.00","0.00","6.33","","0.00","0.00","","0.00","0.00","","","","3.00","0.00","0.00","6.33","","0.00","0.00","","",""
"купить универсальные салазки для сидений микроавтобуса","2026-06-30 - 2026-09-28","3.00","0.00","0.00","5.67","","0.00","0.00","","0.00","0.00","","","","3.00","0.00","0.00","5.67","","0.00","0.00","","",""
"треугольники зеркала хром мерседес спринтер классик","2026-06-30 - 2026-09-28","3.00","0.00","0.00","6.00","","0.00","0.00","","0.00","0.00","","","","3.00","0.00","0.00","6.00","","0.00","0.00","","",""
"передние сиденья газель nn","2026-06-30 - 2026-09-28","3.00","0.00","0.00","11.00","","0.00","0.00","","0.00","0.00","","","","1.00","0.00","0.00","8.00","","2.00","0.00","0.00","12.50",""
"pd-124-009 салазки перемещения по оси х","2026-06-30 - 2026-09-28","3.00","0.00","0.00","21.33","","0.00","0.00","","0.00","0.00","","","","0.00","0.00","","","","3.00","0.00","0.00","21.33",""
"купить шторы в салон мерседес спринтер","2026-06-30 - 2026-09-28","3.00","0.00","0.00","8.00","","0.00","0.00","","0.00","0.00","","","","3.00","0.00","0.00","8.00","","0.00","0.00","","",""
"направляющии для авто шторок","2026-06-30 - 2026-09-28","3.00","0.00","0.00","10.00","","0.00","0.00","","0.00","0.00","","","","3.00","0.00","0.00","10.00","","0.00","0.00","","",""
"автобусные поручни купить","2026-06-30 - 2026-09-28","3.00","3.00","100.00","6.00","6.00","0.00","0.00","","1.00","1.00","100.00","2.00","2.00","2.00","2.00","100.00","8.00","8.00","0.00","0.00","","",""
"боковая подножка мерседес спринтер","2026-06-30 - 2026-09-28","3.00","0.00","0.00","5.33","","0.00","0.00","","0.00","0.00","","","","3.00","0.00","0.00","5.33","","0.00","0.00","","",""
"стекло левое боковое на пежо боксер","2026-06-30 - 2026-09-28","3.00","0.00","0.00","7.00","","0.00","0.00","","0.00","0.00","","","","3.00","0.00","0.00","7.00","","0.00","0.00","","",""
"изолон автомобильный","2026-06-30 - 2026-09-28","3.00","1.00","33.33","12.33","16.00","0.00","0.00","","0.00","0.00","","","","1.00","0.00","0.00","10.00","","2.00","1.00","50.00","13.50","16.00"
"ламбрекены пежо боксер","2026-06-30 - 2026-09-28","3.00","0.00","0.00","8.67","","0.00","0.00","","0.00","0.00","","","","2.00","0.00","0.00","7.50","","1.00","0.00","0.00","11.00",""
"шторки для кабины газель next оксфорд ткань","2026-06-30 - 2026-09-28","3.00","0.00","0.00","7.33","","0.00","0.00","","0.00","0.00","","","","3.00","0.00","0.00","7.33","","0.00","0.00","","",""
"полимерный пол с крошкой в фургоне","2026-06-30 - 2026-09-28","3.00","0.00","0.00","12.33","","0.00","0.00","","0.00","0.00","","","","0.00","0.00","","","","3.00","0.00","0.00","12.33",""
"подножка микроавтобуса ford transit","2026-06-30 - 2026-09-28","3.00","0.00","0.00","4.67","","0.00","0.00","","0.00","0.00","","","","3.00","0.00","0.00","4.67","","0.00","0.00","","",""
"кресла второго ряда с электроприводом на минивэн купить","2026-06-30 - 2026-09-28","3.00","0.00","0.00","8.00","","0.00","0.00","","0.00","0.00","","","","3.00","0.00","0.00","8.00","","0.00","0.00","","",""
"крепеж поручня к-001 автобуса","2026-06-30 - 2026-09-28","3.00","0.00","0.00","11.33","","0.00","0.00","","0.00","0.00","","","","0.00","0.00","","","","3.00","0.00","0.00","11.33",""
"багажник для автомобиля к задней двери в виде чемодана","2026-06-30 - 2026-09-28","3.00","0.00","0.00","5.33","","0.00","0.00","","0.00","0.00","","","","3.00","0.00","0.00","5.33","","0.00","0.00","","",""
"солнцезащитные шторы ситроен джампер","2026-06-30 - 2026-09-28","3.00","0.00","0.00","9.33","","0.00","0.00","","0.00","0.00","","","","2.00","0.00","0.00","8.00","","1.00","0.00","0.00","12.00",""
"сиденье от газель нн","2026-06-30 - 2026-09-28","3.00","0.00","0.00","10.67","","0.00","0.00","","0.00","0.00","","","","1.00","0.00","0.00","9.00","","2.00","0.00","0.00","11.50",""
"заглушка рельс сидений skoda maker world","2026-06-30 - 2026-09-28","3.00","0.00","0.00","8.33","","0.00","0.00","","0.00","0.00","","","","3.00","0.00","0.00","8.33","","0.00","0.00","","",""
"бизнес сиденья для микроавтобус","2026-06-30 - 2026-09-28","3.00","1.00","33.33","6.00","6.00","0.00","0.00","","0.00","0.00","","","","3.00","1.00","33.33","6.00","6.00","0.00","0.00","","",""
"салазки пассажирские с регулировкой аутлендер купить","2026-06-30 - 2026-09-28","3.00","0.00","0.00","8.67","","0.00","0.00","","0.00","0.00","","","","3.00","0.00","0.00","8.67","","0.00","0.00","","",""
"кресла для микроавтобуса с оттоманкой","2026-06-30 - 2026-09-28","3.00","0.00","0.00","6.00","","0.00","0.00","","0.00","0.00","","","","3.00","0.00","0.00","6.00","","0.00","0.00","","",""
"сиденье на собольпасажир","2026-06-30 - 2026-09-28","3.00","0.00","0.00","7.33","","0.00","0.00","","0.00","0.00","","","","3.00","0.00","0.00","7.33","","0.00","0.00","","",""
"направляющая для шторок в газель","2026-06-30 - 2026-09-28","3.00","0.00","0.00","7.33","","0.00","0.00","","0.00","0.00","","","","3.00","0.00","0.00","7.33","","0.00","0.00","","",""
"сиденье переднее пассажирское одноместное соболь 2217 купить на дроме","2026-06-30 - 2026-09-28","3.00","0.00","0.00","5.33","","0.00","0.00","","0.00","0.00","","","","3.00","0.00","0.00","5.33","","0.00","0.00","","",""
"водительское кресло газель некст купить","2026-06-30 - 2026-09-28","3.00","1.00","33.33","14.67","11.00","0.00","0.00","","0.00","0.00","","","","0.00","0.00","","","","3.00","1.00","33.33","14.67","11.00"
"поворотный механизм для сидений микроавтобусов","2026-06-30 - 2026-09-28","3.00","0.00","0.00","9.00","","0.00","0.00","","0.00","0.00","","","","3.00","0.00","0.00","9.00","","0.00","0.00","","",""
"бас комплект","2026-06-30 - 2026-09-28","3.00","0.00","0.00","7.00","","0.00","0.00","","0.00","0.00","","","","3.00","0.00","0.00","7.00","","0.00","0.00","","",""
"багажник на дверь форд транзит","2026-06-30 - 2026-09-28","3.00","2.00","66.67","1.33","1.50","2.00","1.00","50.00","1.00","1.00","100.00","2.00","2.00","0.00","0.00","","","","0.00","0.00","","",""
"боковое стекло мерседес спринтер","2026-06-30 - 2026-09-28","3.00","0.00","0.00","15.67","","0.00","0.00","","0.00","0.00","","","","1.00","0.00","0.00","10.00","","2.00","0.00","0.00","18.50",""
"рюкзак багажник на форд транзит распашной","2026-06-30 - 2026-09-28","3.00","0.00","0.00","1.00","","3.00","0.00","0.00","0.00","0.00","","","","0.00","0.00","","","","0.00","0.00","","",""
"купить люк на крышу форд транзит","2026-06-30 - 2026-09-28","3.00","0.00","0.00","2.00","","1.00","0.00","0.00","2.00","0.00","0.00","2.50","","0.00","0.00","","","","0.00","0.00","","",""
"раскладной стоик газель","2026-06-30 - 2026-09-28","3.00","0.00","0.00","6.00","","0.00","0.00","","0.00","0.00","","","","3.00","0.00","0.00","6.00","","0.00","0.00","","",""
"турецкие стекла на автобус ивеко","2026-06-30 - 2026-09-28","3.00","0.00","0.00","7.67","","0.00","0.00","","0.00","0.00","","","","3.00","0.00","0.00","7.67","","0.00","0.00","","",""
"подголовники от производителя","2026-06-30 - 2026-09-28","3.00","0.00","0.00","11.33","","0.00","0.00","","0.00","0.00","","","","1.00","0.00","0.00","10.00","","2.00","0.00","0.00","12.00",""
"салазки для сидений электрические","2026-06-30 - 2026-09-28","3.00","0.00","0.00","10.33","","0.00","0.00","","0.00","0.00","","","","1.00","0.00","0.00","9.00","","2.00","0.00","0.00","11.00",""
"шторка на крышу газель некст","2026-06-30 - 2026-09-28","3.00","0.00","0.00","2.00","","0.00","0.00","","3.00","0.00","0.00","2.00","","0.00","0.00","","","","0.00","0.00","","",""
"диван на соболь","2026-06-30 - 2026-09-28","3.00","0.00","0.00","11.00","","0.00","0.00","","0.00","0.00","","","","0.00","0.00","","","","3.00","0.00","0.00","11.00",""
"резиновый профиль в салазки сидений","2026-06-30 - 2026-09-28","3.00","1.00","33.33","9.33","8.00","0.00","0.00","","0.00","0.00","","","","2.00","1.00","50.00","7.50","8.00","1.00","0.00","0.00","13.00",""
"купить сидение от автобуса б у в вельске архангельской","2026-06-30 - 2026-09-28","3.00","0.00","0.00","9.33","","0.00","0.00","","0.00","0.00","","","","3.00","0.00","0.00","9.33","","0.00","0.00","","",""
"держатели пассажирских сидений","2026-06-30 - 2026-09-28","3.00","0.00","0.00","5.67","","0.00","0.00","","0.00","0.00","","","","3.00","0.00","0.00","5.67","","0.00","0.00","","",""
"пассажирское сиденье для автобуса","2026-06-30 - 2026-09-28","3.00","0.00","0.00","10.33","","0.00","0.00","","0.00","0.00","","","","2.00","0.00","0.00","10.00","","1.00","0.00","0.00","11.00",""
"столик в газель 7 мест","2026-06-30 - 2026-09-28","3.00","0.00","0.00","9.67","","0.00","0.00","","0.00","0.00","","","","2.00","0.00","0.00","9.00","","1.00","0.00","0.00","11.00",""
"купить кресла для минивэна","2026-06-30 - 2026-09-28","3.00","0.00","0.00","4.67","","1.00","0.00","0.00","0.00","0.00","","","","2.00","0.00","0.00","6.50","","0.00","0.00","","",""
"стекло боковое газель некст автобус с форточкой бу цфу","2026-06-30 - 2026-09-28","3.00","0.00","0.00","9.33","","0.00","0.00","","0.00","0.00","","","","3.00","0.00","0.00","9.33","","0.00","0.00","","",""
"купить сиденье на микроавтобус в калининградской области","2026-06-30 - 2026-09-28","3.00","0.00","0.00","9.00","","0.00","0.00","","0.00","0.00","","","","3.00","0.00","0.00","9.00","","0.00","0.00","","",""
"шторы мерседес спринтер","2026-06-30 - 2026-09-28","3.00","1.00","33.33","11.33","12.00","0.00","0.00","","0.00","0.00","","","","1.00","0.00","0.00","9.00","","2.00","1.00","50.00","12.50","12.00"
"занавески на окна салонные газель некст","2026-06-30 - 2026-09-28","3.00","0.00","0.00","6.33","","0.00","0.00","","0.00","0.00","","","","3.00","0.00","0.00","6.33","","0.00","0.00","","",""
"валберис занавески для авто газель пассажирская","2026-06-30 - 2026-09-28","3.00","0.00","0.00","8.67","","0.00","0.00","","0.00","0.00","","","","3.00","0.00","0.00","8.67","","0.00","0.00","","",""
"сиденья vip одинарные для автобусов и микроавтобусов из турции","2026-06-30 - 2026-09-28","3.00","0.00","0.00","5.33","","0.00","0.00","","0.00","0.00","","","","3.00","0.00","0.00","5.33","","0.00","0.00","","",""
"крепление поручня к-002 автобусов","2026-06-30 - 2026-09-28","3.00","2.00","66.67","6.00","5.00","0.00","0.00","","0.00","0.00","","","","3.00","2.00","66.67","6.00","5.00","0.00","0.00","","",""
"шторки на боковые окна автобус","2026-06-30 - 2026-09-28","3.00","0.00","0.00","12.00","","0.00","0.00","","0.00","0.00","","","","0.00","0.00","","","","3.00","0.00","0.00","12.00",""
"направляющие для смещения автосидения вправо или влево","2026-06-30 - 2026-09-28","3.00","1.00","33.33","5.33","5.00","0.00","0.00","","0.00","0.00","","","","3.00","1.00","33.33","5.33","5.00","0.00","0.00","","",""
"росвэн багажник навесной на заднюю дверь автобуса","2026-06-30 - 2026-09-28","3.00","1.00","33.33","3.67","5.00","0.00","0.00","","1.00","0.00","0.00","2.00","","2.00","1.00","50.00","4.50","5.00","0.00","0.00","","",""
"кожух в автобусе","2026-06-30 - 2026-09-28","3.00","0.00","0.00","5.33","","0.00","0.00","","0.00","0.00","","","","3.00","0.00","0.00","5.33","","0.00","0.00","","",""
"шторки солнцезащитные на мерседес спринтер","2026-06-30 - 2026-09-28","3.00","0.00","0.00","12.33","","0.00","0.00","","0.00","0.00","","","","0.00","0.00","","","","3.00","0.00","0.00","12.33",""
"сиденье кровать в трехместную газель","2026-06-30 - 2026-09-28","3.00","0.00","0.00","13.33","","0.00","0.00","","0.00","0.00","","","","0.00","0.00","","","","3.00","0.00","0.00","13.33",""
"сиденья с оттоманкой в микроавтобус","2026-06-30 - 2026-09-28","3.00","0.00","0.00","3.00","","0.00","0.00","","3.00","0.00","0.00","3.00","","0.00","0.00","","","","0.00","0.00","","",""
"шторка в кабину автобуса","2026-06-30 - 2026-09-28","3.00","0.00","0.00","10.67","","0.00","0.00","","0.00","0.00","","","","1.00","0.00","0.00","8.00","","2.00","0.00","0.00","12.00",""
"электропривод сдвижной двери минивэн","2026-06-30 - 2026-09-28","3.00","0.00","0.00","7.33","","0.00","0.00","","0.00","0.00","","","","3.00","0.00","0.00","7.33","","0.00","0.00","","",""
"подножки на форд транзит","2026-06-30 - 2026-09-28","3.00","0.00","0.00","8.33","","0.00","0.00","","0.00","0.00","","","","2.00","0.00","0.00","7.00","","1.00","0.00","0.00","11.00",""
"ночные шторы в газель некст","2026-06-30 - 2026-09-28","3.00","0.00","0.00","11.00","","0.00","0.00","","0.00","0.00","","","","1.00","0.00","0.00","9.00","","2.00","0.00","0.00","12.00",""
"пассажирские сиденья с ремнями безопасности","2026-06-30 - 2026-09-28","3.00","0.00","0.00","4.67","","0.00","0.00","","0.00","0.00","","","","3.00","0.00","0.00","4.67","","0.00","0.00","","",""
"обшивка фиат дукато l3h2","2026-06-30 - 2026-09-28","3.00","1.00","33.33","7.00","9.00","0.00","0.00","","0.00","0.00","","","","3.00","1.00","33.33","7.00","9.00","0.00","0.00","","",""
"интех продажа ремней безопасности","2026-06-30 - 2026-09-28","3.00","0.00","0.00","4.67","","0.00","0.00","","0.00","0.00","","","","3.00","0.00","0.00","4.67","","0.00","0.00","","",""
"сидения в салон минивэна","2026-06-30 - 2026-09-28","3.00","0.00","0.00","8.67","","0.00","0.00","","0.00","0.00","","","","3.00","0.00","0.00","8.67","","0.00","0.00","","",""
"наклейки на борта микроавтобуса","2026-06-30 - 2026-09-28","3.00","0.00","0.00","10.33","","0.00","0.00","","0.00","0.00","","","","2.00","0.00","0.00","10.00","","1.00","0.00","0.00","11.00",""
"газель некст штора купить","2026-06-30 - 2026-09-28","3.00","0.00","0.00","8.00","","0.00","0.00","","0.00","0.00","","","","2.00","0.00","0.00","6.50","","1.00","0.00","0.00","11.00",""
"кембрикен на автобус купить","2026-06-30 - 2026-09-28","3.00","0.00","0.00","5.67","","0.00","0.00","","0.00","0.00","","","","3.00","0.00","0.00","5.67","","0.00","0.00","","",""
"складной столик на спинку автомобильного сиденья для работы и еды, аксессуар для geely monjaro xingyue l 2022-2025","2026-06-30 - 2026-09-28","3.00","0.00","0.00","12.33","","0.00","0.00","","0.00","0.00","","","","0.00","0.00","","","","3.00","0.00","0.00","12.33",""
"раскладной диван в фургон","2026-06-30 - 2026-09-28","3.00","0.00","0.00","2.33","","0.00","0.00","","3.00","0.00","0.00","2.33","","0.00","0.00","","","","0.00","0.00","","",""
"шторка в автобус","2026-06-30 - 2026-09-28","3.00","0.00","0.00","11.00","","0.00","0.00","","0.00","0.00","","","","1.00","0.00","0.00","9.00","","2.00","0.00","0.00","12.00",""
"салазки в авто","2026-06-30 - 2026-09-28","3.00","0.00","0.00","10.33","","0.00","0.00","","0.00","0.00","","","","2.00","0.00","0.00","10.00","","1.00","0.00","0.00","11.00",""
"стекло 575х820мм","2026-06-30 - 2026-09-28","3.00","0.00","0.00","4.00","","0.00","0.00","","0.00","0.00","","","","3.00","0.00","0.00","4.00","","0.00","0.00","","",""
"на спринтер портфель сзади цена","2026-06-30 - 2026-09-28","3.00","1.00","33.33","2.00","2.00","1.00","0.00","0.00","2.00","1.00","50.00","2.50","2.00","0.00","0.00","","","","0.00","0.00","","",""
"треугольник бокового зеркала крафтер спринтер","2026-06-30 - 2026-09-28","3.00","0.00","0.00","1.67","","2.00","0.00","0.00","1.00","0.00","0.00","3.00","","0.00","0.00","","","","0.00","0.00","","",""
"раскладные подставки под гроб","2026-06-30 - 2026-09-28","3.00","0.00","0.00","12.33","","0.00","0.00","","0.00","0.00","","","","1.00","0.00","0.00","10.00","","2.00","0.00","0.00","13.50",""
"подголовник на автобус","2026-06-30 - 2026-09-28","3.00","0.00","0.00","5.00","","0.00","0.00","","1.00","0.00","0.00","3.00","","2.00","0.00","0.00","6.00","","0.00","0.00","","",""
"сиденья пассажирские на микроавтобус комфортабельные б. у. продам","2026-06-30 - 2026-09-28","3.00","0.00","0.00","10.33","","0.00","0.00","","0.00","0.00","","","","1.00","0.00","0.00","9.00","","2.00","0.00","0.00","11.00",""
"шторы в салон автобуса газель некст","2026-06-30 - 2026-09-28","3.00","0.00","0.00","4.33","","0.00","0.00","","0.00","0.00","","","","3.00","0.00","0.00","4.33","","0.00","0.00","","",""
"опора сидения пассажира баргузин","2026-06-30 - 2026-09-28","3.00","1.00","33.33","4.67","6.00","0.00","0.00","","1.00","0.00","0.00","2.00","","2.00","1.00","50.00","6.00","6.00","0.00","0.00","","",""
"сиденья водителя на пружинах для газели некст","2026-06-30 - 2026-09-28","3.00","0.00","0.00","2.33","","2.00","0.00","0.00","0.00","0.00","","","","1.00","0.00","0.00","5.00","","0.00","0.00","","",""
"стол откидной газель","2026-06-30 - 2026-09-28","3.00","0.00","0.00","3.67","","1.00","0.00","0.00","0.00","0.00","","","","2.00","0.00","0.00","5.00","","0.00","0.00","","",""
"596х647","2026-06-30 - 2026-09-28","3.00","0.00","0.00","4.67","","0.00","0.00","","0.00","0.00","","","","3.00","0.00","0.00","4.67","","0.00","0.00","","",""
"сиденье в маршрутке","2026-06-30 - 2026-09-28","3.00","0.00","0.00","5.33","","0.00","0.00","","0.00","0.00","","","","3.00","0.00","0.00","5.33","","0.00","0.00","","",""
"складной стол для авто","2026-06-30 - 2026-09-28","3.00","0.00","0.00","10.00","","0.00","0.00","","0.00","0.00","","","","2.00","0.00","0.00","9.50","","1.00","0.00","0.00","11.00",""
"занавески на ford transit автобус 2008 года выпуска","2026-06-30 - 2026-09-28","3.00","0.00","0.00","10.67","","0.00","0.00","","0.00","0.00","","","","1.00","0.00","0.00","10.00","","2.00","0.00","0.00","11.00",""
"столики на спинку кресла","2026-06-30 - 2026-09-28","3.00","0.00","0.00","8.33","","0.00","0.00","","0.00","0.00","","","","3.00","0.00","0.00","8.33","","0.00","0.00","","",""
"кожух на арку колеса в салон","2026-06-30 - 2026-09-28","3.00","0.00","0.00","9.67","","0.00","0.00","","0.00","0.00","","","","2.00","0.00","0.00","9.00","","1.00","0.00","0.00","11.00",""
"замок на форточки форд транзит 7 поколения","2026-06-30 - 2026-09-28","3.00","0.00","0.00","6.33","","0.00","0.00","","0.00","0.00","","","","3.00","0.00","0.00","6.33","","0.00","0.00","","",""
"подлокотник в спинку сиденья","2026-06-30 - 2026-09-28","3.00","0.00","0.00","9.33","","0.00","0.00","","0.00","0.00","","","","2.00","0.00","0.00","8.50","","1.00","0.00","0.00","11.00",""
"передние сиденья на баргузин","2026-06-30 - 2026-09-28","3.00","0.00","0.00","12.00","","0.00","0.00","","0.00","0.00","","","","0.00","0.00","","","","3.00","0.00","0.00","12.00",""
"купить диван второй ряд сидений микроавтобус","2026-06-30 - 2026-09-28","3.00","0.00","0.00","5.00","","0.00","0.00","","1.00","0.00","0.00","3.00","","2.00","0.00","0.00","6.00","","0.00","0.00","","",""
"стекло 515 315","2026-06-30 - 2026-09-28","3.00","0.00","0.00","11.00","","0.00","0.00","","0.00","0.00","","","","0.00","0.00","","","","3.00","0.00","0.00","11.00",""
"люк мерседес спринтер 530 820 турция артикул","2026-06-30 - 2026-09-28","3.00","0.00","0.00","2.67","","0.00","0.00","","3.00","0.00","0.00","2.67","","0.00","0.00","","","","0.00","0.00","","",""
"ремень безопасности статический","2026-06-30 - 2026-09-28","3.00","0.00","0.00","6.67","","0.00","0.00","","0.00","0.00","","","","3.00","0.00","0.00","6.67","","0.00","0.00","","",""
"крепление поручня к-004 автобусов (кронштейн, держатель, соединитель алюминиевый)","2026-06-30 - 2026-09-28","3.00","0.00","0.00","13.00","","0.00","0.00","","0.00","0.00","","","","0.00","0.00","","","","3.00","0.00","0.00","13.00",""
"боковой подножка на фиат дукато 290","2026-06-30 - 2026-09-28","3.00","0.00","0.00","6.67","","0.00","0.00","","0.00","0.00","","","","3.00","0.00","0.00","6.67","","0.00","0.00","","",""
"откидной механизм сидений","2026-06-30 - 2026-09-28","3.00","0.00","0.00","10.33","","0.00","0.00","","0.00","0.00","","","","2.00","0.00","0.00","9.50","","1.00","0.00","0.00","12.00",""
"диван ширина 180см в газель","2026-06-30 - 2026-09-28","3.00","0.00","0.00","11.00","","0.00","0.00","","0.00","0.00","","","","0.00","0.00","","","","3.00","0.00","0.00","11.00",""
"стекло на газель некст 2024 го с форточкой","2026-06-30 - 2026-09-28","3.00","0.00","0.00","6.33","","0.00","0.00","","1.00","0.00","0.00","3.00","","2.00","0.00","0.00","8.00","","0.00","0.00","","",""
"си­денье пас­са­жир­ское сот2016 купить","2026-06-30 - 2026-09-28","3.00","0.00","0.00","5.33","","0.00","0.00","","0.00","0.00","","","","3.00","0.00","0.00","5.33","","0.00","0.00","","",""
"купить раскладной диван в мерседесе спринтер","2026-06-30 - 2026-09-28","3.00","0.00","0.00","6.00","","0.00","0.00","","0.00","0.00","","","","3.00","0.00","0.00","6.00","","0.00","0.00","","",""
"поручни от автобуса","2026-06-30 - 2026-09-28","3.00","0.00","0.00","10.00","","0.00","0.00","","0.00","0.00","","","","2.00","0.00","0.00","9.50","","1.00","0.00","0.00","11.00",""
"диван  для микроавтобуса","2026-06-30 - 2026-09-28","3.00","1.00","33.33","1.67","3.00","2.00","0.00","0.00","1.00","1.00","100.00","3.00","3.00","0.00","0.00","","","","0.00","0.00","","",""
"ниж бас комплект","2026-06-30 - 2026-09-28","3.00","0.00","0.00","10.33","","0.00","0.00","","0.00","0.00","","","","1.00","0.00","0.00","9.00","","2.00","0.00","0.00","11.00",""
"универсальный складной подлокотник для автомобиля","2026-06-30 - 2026-09-28","3.00","0.00","0.00","6.00","","0.00","0.00","","0.00","0.00","","","","3.00","0.00","0.00","6.00","","0.00","0.00","","",""
"направляющие для автомобильных сидение=й","2026-06-30 - 2026-09-28","3.00","0.00","0.00","11.67","","0.00","0.00","","0.00","0.00","","","","1.00","0.00","0.00","9.00","","2.00","0.00","0.00","13.00",""
"сиденья соболь нн тентованный","2026-06-30 - 2026-09-28","3.00","0.00","0.00","2.67","","0.00","0.00","","3.00","0.00","0.00","2.67","","0.00","0.00","","","","0.00","0.00","","",""
"боковая занавеска на пассажирскую газель","2026-06-30 - 2026-09-28","3.00","0.00","0.00","11.33","","0.00","0.00","","0.00","0.00","","","","0.00","0.00","","","","3.00","0.00","0.00","11.33",""
"сиденье газон некст водительское купить","2026-06-30 - 2026-09-28","3.00","0.00","0.00","11.33","","0.00","0.00","","0.00","0.00","","","","1.00","0.00","0.00","9.00","","2.00","0.00","0.00","12.50",""
"воздушные отопители на автобус","2026-06-30 - 2026-09-28","3.00","0.00","0.00","10.00","","0.00","0.00","","0.00","0.00","","","","3.00","0.00","0.00","10.00","","0.00","0.00","","",""
"электропривод форд транзит","2026-06-30 - 2026-09-28","3.00","0.00","0.00","8.33","","0.00","0.00","","0.00","0.00","","","","3.00","0.00","0.00","8.33","","0.00","0.00","","",""
"купить подголовники в пассажирский автобус","2026-06-30 - 2026-09-28","3.00","1.00","33.33","5.33","7.00","0.00","0.00","","0.00","0.00","","","","3.00","1.00","33.33","5.33","7.00","0.00","0.00","","",""
"занавески на окна салонные газель некст автобус","2026-06-30 - 2026-09-28","3.00","1.00","33.33","3.33","2.00","0.00","0.00","","1.00","1.00","100.00","2.00","2.00","2.00","0.00","0.00","4.00","","0.00","0.00","","",""
"разделительные шторы для минивэна","2026-06-30 - 2026-09-28","3.00","0.00","0.00","11.33","","0.00","0.00","","0.00","0.00","","","","1.00","0.00","0.00","10.00","","2.00","0.00","0.00","12.00",""
"автоспинка среднего пассажирского кресла в автомобиль","2026-06-30 - 2026-09-28","3.00","0.00","0.00","5.67","","0.00","0.00","","0.00","0.00","","","","3.00","0.00","0.00","5.67","","0.00","0.00","","",""
"занавески газель","2026-06-30 - 2026-09-28","3.00","0.00","0.00","9.00","","0.00","0.00","","0.00","0.00","","","","2.00","0.00","0.00","6.50","","1.00","0.00","0.00","14.00",""
"резиновый профиль заглушка для рельс сидений минивэна","2026-06-30 - 2026-09-28","3.00","0.00","0.00","4.33","","0.00","0.00","","0.00","0.00","","","","3.00","0.00","0.00","4.33","","0.00","0.00","","",""
"шторки для газели","2026-06-30 - 2026-09-28","3.00","0.00","0.00","11.33","","0.00","0.00","","0.00","0.00","","","","1.00","0.00","0.00","9.00","","2.00","0.00","0.00","12.50",""
"крепление подножки на форд транзит боковая","2026-06-30 - 2026-09-28","3.00","0.00","0.00","8.33","","0.00","0.00","","0.00","0.00","","","","3.00","0.00","0.00","8.33","","0.00","0.00","","",""
"облицовка уголок подножки на микроавтобус мерседес","2026-06-30 - 2026-09-28","3.00","1.00","33.33","1.33","2.00","2.00","0.00","0.00","1.00","1.00","100.00","2.00","2.00","0.00","0.00","","","","0.00","0.00","","",""
"подножка на мерседес спринтер классик","2026-06-30 - 2026-09-28","3.00","0.00","0.00","6.67","","0.00","0.00","","1.00","0.00","0.00","3.00","","2.00","0.00","0.00","8.50","","0.00","0.00","","",""
"купить газель некст штора","2026-06-30 - 2026-09-28","3.00","0.00","0.00","7.00","","0.00","0.00","","0.00","0.00","","","","3.00","0.00","0.00","7.00","","0.00","0.00","","",""
"столики в автобус","2026-06-30 - 2026-09-28","3.00","3.00","100.00","2.00","1.00","2.00","3.00","150.00","0.00","0.00","","","","1.00","0.00","0.00","4.00","","0.00","0.00","","",""
"водительское сиденье с лифтом","2026-06-30 - 2026-09-28","3.00","0.00","0.00","10.67","","0.00","0.00","","0.00","0.00","","","","2.00","0.00","0.00","9.50","","1.00","0.00","0.00","13.00",""
"наклейки в автобус","2026-06-30 - 2026-09-28","3.00","0.00","0.00","15.67","","0.00","0.00","","0.00","0.00","","","","0.00","0.00","","","","3.00","0.00","0.00","15.67",""
"форд транзит салон","2026-06-30 - 2026-09-28","3.00","0.00","0.00","43.00","","0.00","0.00","","0.00","0.00","","","","0.00","0.00","","","","3.00","0.00","0.00","43.00",""
"шторки на боковые стекла газель некст","2026-06-30 - 2026-09-28","3.00","0.00","0.00","9.00","","0.00","0.00","","0.00","0.00","","","","2.00","0.00","0.00","7.50","","1.00","0.00","0.00","12.00",""
"полки пластиковые в автобусы и автодома","2026-06-30 - 2026-09-28","3.00","0.00","0.00","10.33","","0.00","0.00","","0.00","0.00","","","","2.00","0.00","0.00","9.50","","1.00","0.00","0.00","12.00",""
"комплектующие для сдвижных окон автомобиля","2026-06-30 - 2026-09-28","3.00","0.00","0.00","6.00","","0.00","0.00","","0.00","0.00","","","","3.00","0.00","0.00","6.00","","0.00","0.00","","",""
"покрытие проа в автобус","2026-06-30 - 2026-09-28","3.00","3.00","100.00","11.00","11.00","0.00","0.00","","0.00","0.00","","","","0.00","0.00","","","","3.00","3.00","100.00","11.00","11.00"
"столик в автобус на ограждение","2026-06-30 - 2026-09-28","3.00","0.00","0.00","6.00","","0.00","0.00","","0.00","0.00","","","","3.00","0.00","0.00","6.00","","0.00","0.00","","",""
"купить водительское кресло на газель next","2026-06-30 - 2026-09-28","3.00","1.00","33.33","17.33","18.00","0.00","0.00","","0.00","0.00","","","","0.00","0.00","","","","3.00","1.00","33.33","17.33","18.00"
"сиденья люкс класса","2026-06-30 - 2026-09-28","3.00","0.00","0.00","2.67","","0.00","0.00","","3.00","0.00","0.00","2.67","","0.00","0.00","","","","0.00","0.00","","",""
"диваны в автомобиль","2026-06-30 - 2026-09-28","3.00","0.00","0.00","10.00","","0.00","0.00","","0.00","0.00","","","","1.00","0.00","0.00","6.00","","2.00","0.00","0.00","12.00",""
"тумба сиденья газель некст","2026-06-30 - 2026-09-28","3.00","0.00","0.00","21.33","","0.00","0.00","","0.00","0.00","","","","0.00","0.00","","","","3.00","0.00","0.00","21.33",""
"купить турецкие пассажирские сиденья в мерс спринтер","2026-06-30 - 2026-09-28","3.00","1.00","33.33","3.33","3.00","1.00","0.00","0.00","1.00","1.00","100.00","3.00","3.00","1.00","0.00","0.00","6.00","","0.00","0.00","","",""
"уплотнительная резинка люка соболь","2026-06-30 - 2026-09-28","3.00","0.00","0.00","11.00","","0.00","0.00","","0.00","0.00","","","","1.00","0.00","0.00","10.00","","2.00","0.00","0.00","11.50",""
"аксессуары в пазик","2026-06-30 - 2026-09-28","3.00","0.00","0.00","5.33","","0.00","0.00","","2.00","0.00","0.00","3.00","","1.00","0.00","0.00","10.00","","0.00","0.00","","",""
"купить капитанские сиденья на микроавтобус","2026-06-30 - 2026-09-28","3.00","0.00","0.00","11.00","","0.00","0.00","","0.00","0.00","","","","2.00","0.00","0.00","10.00","","1.00","0.00","0.00","13.00",""
"купить сиденье для автобуса","2026-06-30 - 2026-09-28","3.00","0.00","0.00","5.33","","0.00","0.00","","0.00","0.00","","","","3.00","0.00","0.00","5.33","","0.00","0.00","","",""
"диван раскладной газель некст","2026-06-30 - 2026-09-28","3.00","0.00","0.00","10.33","","0.00","0.00","","0.00","0.00","","","","1.00","0.00","0.00","9.00","","2.00","0.00","0.00","11.00",""
"универсальная салазки сидения","2026-06-30 - 2026-09-28","3.00","0.00","0.00","7.00","","0.00","0.00","","0.00","0.00","","","","3.00","0.00","0.00","7.00","","0.00","0.00","","",""
"купить кресла автобусные","2026-06-30 - 2026-09-28","3.00","0.00","0.00","5.67","","0.00","0.00","","0.00","0.00","","","","3.00","0.00","0.00","5.67","","0.00","0.00","","",""
"багажник для автобуса","2026-06-30 - 2026-09-28","3.00","0.00","0.00","4.00","","0.00","0.00","","0.00","0.00","","","","3.00","0.00","0.00","4.00","","0.00","0.00","","",""
"автобус багажник","2026-06-30 - 2026-09-28","3.00","0.00","0.00","3.33","","0.00","0.00","","2.00","0.00","0.00","3.00","","1.00","0.00","0.00","4.00","","0.00","0.00","","",""
"купить направляющие для штор в грузовик, автобус","2026-06-30 - 2026-09-28","3.00","0.00","0.00","9.00","","0.00","0.00","","0.00","0.00","","","","2.00","0.00","0.00","8.00","","1.00","0.00","0.00","11.00",""
"сидения stella для салона микроавтобусов","2026-06-30 - 2026-09-28","3.00","0.00","0.00","7.67","","0.00","0.00","","0.00","0.00","","","","3.00","0.00","0.00","7.67","","0.00","0.00","","",""
"столик от соболя","2026-06-30 - 2026-09-28","3.00","0.00","0.00","3.67","","0.00","0.00","","1.00","0.00","0.00","2.00","","2.00","0.00","0.00","4.50","","0.00","0.00","","",""
"остекление газель некст 3745","2026-06-30 - 2026-09-28","3.00","0.00","0.00","4.33","","0.00","0.00","","1.00","0.00","0.00","3.00","","2.00","0.00","0.00","5.00","","0.00","0.00","","",""
"откидной столик в микроавтобус","2026-06-30 - 2026-09-28","3.00","0.00","0.00","6.00","","0.00","0.00","","1.00","0.00","0.00","2.00","","2.00","0.00","0.00","8.00","","0.00","0.00","","",""
"нижний новгород корейская улица 24 баском","2026-06-30 - 2026-09-28","3.00","0.00","0.00","1.33","","2.00","0.00","0.00","1.00","0.00","0.00","2.00","","0.00","0.00","","","","0.00","0.00","","",""
"подлокотники на кресло на свистоцк ру","2026-06-30 - 2026-09-28","3.00","0.00","0.00","9.67","","0.00","0.00","","0.00","0.00","","","","2.00","0.00","0.00","9.00","","1.00","0.00","0.00","11.00",""
"авто од бусы","2026-06-30 - 2026-09-28","3.00","0.00","0.00","6.67","","0.00","0.00","","0.00","0.00","","","","3.00","0.00","0.00","6.67","","0.00","0.00","","",""
"быстросъемные крепления для кресел микроавтобусов","2026-06-30 - 2026-09-28","3.00","0.00","0.00","7.33","","0.00","0.00","","0.00","0.00","","","","3.00","0.00","0.00","7.33","","0.00","0.00","","",""
"для сидушки ручка","2026-06-30 - 2026-09-28","3.00","0.00","0.00","12.00","","0.00","0.00","","0.00","0.00","","","","0.00","0.00","","","","3.00","0.00","0.00","12.00",""
"люк аварийного выхода на микроавтобус","2026-06-30 - 2026-09-28","3.00","2.00","66.67","3.33","2.50","0.00","0.00","","2.00","2.00","100.00","2.50","2.50","1.00","0.00","0.00","5.00","","0.00","0.00","","",""
"кронштейн потолочной ручки poer","2026-06-30 - 2026-09-28","3.00","0.00","0.00","12.00","","0.00","0.00","","0.00","0.00","","","","1.00","0.00","0.00","10.00","","2.00","0.00","0.00","13.00",""
"рюкзак на газель некст","2026-06-30 - 2026-09-28","3.00","2.00","66.67","1.00","1.00","3.00","2.00","66.67","0.00","0.00","","","","0.00","0.00","","","","0.00","0.00","","",""
"storki","2026-06-30 - 2026-09-28","3.00","0.00","0.00","10.00","","0.00","0.00","","0.00","0.00","","","","1.00","0.00","0.00","8.00","","2.00","0.00","0.00","11.00",""
"сиденье водителя автобуса механика","2026-06-30 - 2026-09-28","3.00","0.00","0.00","11.00","","0.00","0.00","","0.00","0.00","","","","2.00","0.00","0.00","10.00","","1.00","0.00","0.00","13.00",""
"ширина сидений волги","2026-06-30 - 2026-09-28","3.00","0.00","0.00","11.00","","0.00","0.00","","0.00","0.00","","","","0.00","0.00","","","","3.00","0.00","0.00","11.00",""
"шторки для газели до автобус закрывать лобовое стекло от посторонних глаз","2026-06-30 - 2026-09-28","3.00","0.00","0.00","12.67","","0.00","0.00","","0.00","0.00","","","","1.00","0.00","0.00","10.00","","2.00","0.00","0.00","14.00",""
"профиль в салон для освещения микроавтобуса","2026-06-30 - 2026-09-28","3.00","2.00","66.67","2.33","1.00","1.00","2.00","200.00","2.00","0.00","0.00","3.00","","0.00","0.00","","","","0.00","0.00","","",""
"заглушка резиновая в рельсы салазки сидений спринтер","2026-06-30 - 2026-09-28","3.00","1.00","33.33","3.33","3.00","0.00","0.00","","2.00","1.00","50.00","3.00","3.00","1.00","0.00","0.00","4.00","","0.00","0.00","","",""
"где лучше и дешевле сделать салон на бусе","2026-06-30 - 2026-09-28","3.00","1.00","33.33","6.00","5.00","0.00","0.00","","0.00","0.00","","","","3.00","1.00","33.33","6.00","5.00","0.00","0.00","","",""
"откидные сиденья для микроавтобуса","2026-06-30 - 2026-09-28","3.00","0.00","0.00","9.33","","0.00","0.00","","0.00","0.00","","","","2.00","0.00","0.00","7.50","","1.00","0.00","0.00","13.00",""
"диван в авто раскладной","2026-06-30 - 2026-09-28","3.00","0.00","0.00","11.67","","0.00","0.00","","0.00","0.00","","","","1.00","0.00","0.00","9.00","","2.00","0.00","0.00","13.00",""
"автомобильное сиденье comfort c30-m1","2026-06-30 - 2026-09-28","3.00","0.00","0.00","6.00","","0.00","0.00","","0.00","0.00","","","","3.00","0.00","0.00","6.00","","0.00","0.00","","",""
"купить шторку на лобовое стекло на озоне на газель next","2026-06-30 - 2026-09-28","3.00","0.00","0.00","6.00","","0.00","0.00","","0.00","0.00","","","","3.00","0.00","0.00","6.00","","0.00","0.00","","",""
"пассажирские сиденья для микроавтобусов газель","2026-06-30 - 2026-09-28","3.00","0.00","0.00","10.00","","0.00","0.00","","0.00","0.00","","","","3.00","0.00","0.00","10.00","","0.00","0.00","","",""
"купить обшивку на пежо боксер куег","2026-06-30 - 2026-09-28","3.00","1.00","33.33","4.00","5.00","0.00","0.00","","1.00","0.00","0.00","3.00","","2.00","1.00","50.00","4.50","5.00","0.00","0.00","","",""
"завод по производству алюминиевых подножек для микроавтобусов","2026-06-30 - 2026-09-28","3.00","0.00","0.00","6.67","","0.00","0.00","","0.00","0.00","","","","3.00","0.00","0.00","6.67","","0.00","0.00","","",""
"электропривод сдвижной двери ford transit","2026-06-30 - 2026-09-28","3.00","0.00","0.00","8.67","","0.00","0.00","","0.00","0.00","","","","3.00","0.00","0.00","8.67","","0.00","0.00","","",""
"запчасти для туристических кресел","2026-06-30 - 2026-09-28","3.00","0.00","0.00","11.00","","0.00","0.00","","0.00","0.00","","","","1.00","0.00","0.00","10.00","","2.00","0.00","0.00","11.50",""
"электропривод сдвижной двери форд транзит купить в кирове","2026-06-30 - 2026-09-28","3.00","0.00","0.00","9.00","","0.00","0.00","","0.00","0.00","","","","3.00","0.00","0.00","9.00","","0.00","0.00","","",""
"стекла боковые на автобус вояж","2026-06-30 - 2026-09-28","3.00","0.00","0.00","9.67","","0.00","0.00","","0.00","0.00","","","","3.00","0.00","0.00","9.67","","0.00","0.00","","",""
"баск сайт","2026-06-30 - 2026-09-28","3.00","0.00","0.00","7.33","","0.00","0.00","","0.00","0.00","","","","3.00","0.00","0.00","7.33","","0.00","0.00","","",""
"уплотнитель для сдвижной форточки микроавтобуса","2026-06-30 - 2026-09-28","3.00","0.00","0.00","3.67","","0.00","0.00","","1.00","0.00","0.00","3.00","","2.00","0.00","0.00","4.00","","0.00","0.00","","",""
"шторки для микроавтобусов ford, sprinter, газель артикул","2026-06-30 - 2026-09-28","3.00","0.00","0.00","7.33","","0.00","0.00","","0.00","0.00","","","","3.00","0.00","0.00","7.33","","0.00","0.00","","",""
"стекло в перегородку пежо боксер","2026-06-30 - 2026-09-28","3.00","0.00","0.00","13.67","","0.00","0.00","","0.00","0.00","","","","0.00","0.00","","","","3.00","0.00","0.00","13.67",""
"электропривод сдвижной двери кроко","2026-06-30 - 2026-09-28","3.00","0.00","0.00","8.33","","0.00","0.00","","0.00","0.00","","","","2.00","0.00","0.00","5.50","","1.00","0.00","0.00","14.00",""
"передний пластик тумбы сиденья фиат дукато","2026-06-30 - 2026-09-28","3.00","0.00","0.00","9.00","","0.00","0.00","","0.00","0.00","","","","3.00","0.00","0.00","9.00","","0.00","0.00","","",""
"стекло задней двери пежо боксер","2026-06-30 - 2026-09-28","3.00","0.00","0.00","19.00","","0.00","0.00","","0.00","0.00","","","","0.00","0.00","","","","3.00","0.00","0.00","19.00",""
"ford transit mk8 обшивка сидения","2026-06-30 - 2026-09-28","3.00","0.00","0.00","9.67","","0.00","0.00","","0.00","0.00","","","","2.00","0.00","0.00","8.50","","1.00","0.00","0.00","12.00",""
"купить ручки на сиденье в маршрутке","2026-06-30 - 2026-09-28","3.00","0.00","0.00","8.33","","0.00","0.00","","0.00","0.00","","","","2.00","0.00","0.00","7.00","","1.00","0.00","0.00","11.00",""
"сиденье переднее соболь","2026-06-30 - 2026-09-28","3.00","0.00","0.00","7.33","","0.00","0.00","","0.00","0.00","","","","3.00","0.00","0.00","7.33","","0.00","0.00","","",""
"купить сиденья газ соболь","2026-06-30 - 2026-09-28","3.00","0.00","0.00","5.00","","0.00","0.00","","0.00","0.00","","","","3.00","0.00","0.00","5.00","","0.00","0.00","","",""
"баском закладные детали","2026-06-30 - 2026-09-28","3.00","0.00","0.00","5.33","","0.00","0.00","","0.00","0.00","","","","3.00","0.00","0.00","5.33","","0.00","0.00","","",""
"столы на автомашину соболь","2026-06-30 - 2026-09-28","3.00","0.00","0.00","2.00","","1.00","0.00","0.00","2.00","0.00","0.00","2.50","","0.00","0.00","","","","0.00","0.00","","",""
"защёлка - замок на стекло с форточкой форд транзит 2009 года","2026-06-30 - 2026-09-28","3.00","1.00","33.33","5.33","4.00","0.00","0.00","","0.00","0.00","","","","3.00","1.00","33.33","5.33","4.00","0.00","0.00","","",""
"подиум для гроба в катафалк","2026-06-30 - 2026-09-28","3.00","1.00","33.33","1.33","1.00","2.00","1.00","50.00","1.00","0.00","0.00","2.00","","0.00","0.00","","","","0.00","0.00","","",""
"куплю турецкие сиденья на мерседес спринтер 515 906","2026-06-30 - 2026-09-28","3.00","0.00","0.00","6.00","","0.00","0.00","","0.00","0.00","","","","3.00","0.00","0.00","6.00","","0.00","0.00","","",""
"пластиковая подножка газель","2026-06-30 - 2026-09-28","3.00","0.00","0.00","15.00","","0.00","0.00","","0.00","0.00","","","","2.00","0.00","0.00","10.00","","1.00","0.00","0.00","25.00",""
"под кресло дивана в салон кронштейн для фиат скудо нужен 2014г","2026-06-30 - 2026-09-28","3.00","0.00","0.00","38.67","","0.00","0.00","","0.00","0.00","","","","0.00","0.00","","","","3.00","0.00","0.00","38.67",""
"откидной авто столик","2026-06-30 - 2026-09-28","3.00","0.00","0.00","12.00","","0.00","0.00","","0.00","0.00","","","","0.00","0.00","","","","3.00","0.00","0.00","12.00",""
"шторы на газель некст цмф","2026-06-30 - 2026-09-28","3.00","1.00","33.33","3.33","4.00","0.00","0.00","","1.00","0.00","0.00","2.00","","2.00","1.00","50.00","4.00","4.00","0.00","0.00","","",""
"водительское кресло для микроавтобуса","2026-06-30 - 2026-09-28","3.00","0.00","0.00","2.33","","0.00","0.00","","3.00","0.00","0.00","2.33","","0.00","0.00","","","","0.00","0.00","","",""
"диван трехместный тандем в соболь нн","2026-06-30 - 2026-09-28","3.00","0.00","0.00","1.00","","3.00","0.00","0.00","0.00","0.00","","","","0.00","0.00","","","","0.00","0.00","","",""
"воздуховоды на потолок в автобус","2026-06-30 - 2026-09-28","3.00","0.00","0.00","8.33","","0.00","0.00","","0.00","0.00","","","","3.00","0.00","0.00","8.33","","0.00","0.00","","",""
"защелка для форточки","2026-06-30 - 2026-09-28","3.00","0.00","0.00","18.33","","0.00","0.00","","0.00","0.00","","","","0.00","0.00","","","","3.00","0.00","0.00","18.33",""
"откидной стол для автомобиля","2026-06-30 - 2026-09-28","3.00","1.00","33.33","9.00","8.00","0.00","0.00","","0.00","0.00","","","","2.00","1.00","50.00","8.00","8.00","1.00","0.00","0.00","11.00",""
"шторки для автомобиля газель некст","2026-06-30 - 2026-09-28","3.00","0.00","0.00","6.33","","0.00","0.00","","0.00","0.00","","","","3.00","0.00","0.00","6.33","","0.00","0.00","","",""
"купить стекло для микроавтобуса","2026-06-30 - 2026-09-28","3.00","0.00","0.00","6.00","","0.00","0.00","","0.00","0.00","","","","3.00","0.00","0.00","6.00","","0.00","0.00","","",""
"купить сиденья микроавтобуса","2026-06-30 - 2026-09-28","3.00","1.00","33.33","3.33","3.00","0.00","0.00","","2.00","1.00","50.00","3.00","3.00","1.00","0.00","0.00","4.00","","0.00","0.00","","",""
"диван тандем для соболь нн","2026-06-30 - 2026-09-28","3.00","1.00","33.33","1.67","3.00","2.00","0.00","0.00","1.00","1.00","100.00","3.00","3.00","0.00","0.00","","","","0.00","0.00","","",""
"комплектующие для переоборудования микроавтобуса","2026-06-30 - 2026-09-28","3.00","0.00","0.00","7.67","","0.00","0.00","","0.00","0.00","","","","3.00","0.00","0.00","7.67","","0.00","0.00","","",""
"электромеханизм двери форд транзит","2026-06-30 - 2026-09-28","3.00","0.00","0.00","4.67","","0.00","0.00","","0.00","0.00","","","","3.00","0.00","0.00","4.67","","0.00","0.00","","",""
"подножка фиат дукато","2026-06-30 - 2026-09-28","3.00","0.00","0.00","11.00","","0.00","0.00","","0.00","0.00","","","","1.00","0.00","0.00","10.00","","2.00","0.00","0.00","11.50",""
"купить диван в микроавтобус в калининграде","2026-06-30 - 2026-09-28","3.00","0.00","0.00","4.33","","0.00","0.00","","1.00","0.00","0.00","3.00","","2.00","0.00","0.00","5.00","","0.00","0.00","","",""
"сиденье пассажирское газель нн тринити","2026-06-30 - 2026-09-28","3.00","0.00","0.00","6.00","","0.00","0.00","","0.00","0.00","","","","3.00","0.00","0.00","6.00","","0.00","0.00","","",""
"кресла автобусные б.у саратов авито","2026-06-30 - 2026-09-28","3.00","0.00","0.00","12.67","","0.00","0.00","","0.00","0.00","","","","0.00","0.00","","","","3.00","0.00","0.00","12.67",""
"линолеум в микроавтобус","2026-06-30 - 2026-09-28","3.00","0.00","0.00","10.67","","0.00","0.00","","0.00","0.00","","","","1.00","0.00","0.00","9.00","","2.00","0.00","0.00","11.50",""
"шторки для газель некст 2025","2026-06-30 - 2026-09-28","3.00","0.00","0.00","7.00","","0.00","0.00","","0.00","0.00","","","","3.00","0.00","0.00","7.00","","0.00","0.00","","",""
"сидения в грузопассажирский соболь","2026-06-30 - 2026-09-28","3.00","0.00","0.00","6.00","","0.00","0.00","","0.00","0.00","","","","3.00","0.00","0.00","6.00","","0.00","0.00","","",""
"сабовские сиденья","2026-06-30 - 2026-09-28","3.00","0.00","0.00","7.33","","0.00","0.00","","0.00","0.00","","","","3.00","0.00","0.00","7.33","","0.00","0.00","","",""
"купить двухточечные ремни безопасности","2026-06-30 - 2026-09-28","3.00","0.00","0.00","14.00","","0.00","0.00","","0.00","0.00","","","","1.00","0.00","0.00","7.00","","2.00","0.00","0.00","17.50",""
"бус дом сиденье","2026-06-30 - 2026-09-28","3.00","0.00","0.00","7.67","","0.00","0.00","","0.00","0.00","","","","3.00","0.00","0.00","7.67","","0.00","0.00","","",""
"купить навесной багажник рюкзак фольксваген крафтер в москве и московской области","2026-06-30 - 2026-09-28","3.00","1.00","33.33","3.33","3.00","0.00","0.00","","2.00","1.00","50.00","3.00","3.00","1.00","0.00","0.00","4.00","","0.00","0.00","","",""
"вытяжка автомобильная","2026-06-30 - 2026-09-28","3.00","0.00","0.00","14.00","","0.00","0.00","","0.00","0.00","","","","0.00","0.00","","","","3.00","0.00","0.00","14.00",""
"крепление поручня к-001","2026-06-30 - 2026-09-28","3.00","1.00","33.33","12.33","11.00","0.00","0.00","","0.00","0.00","","","","0.00","0.00","","","","3.00","1.00","33.33","12.33","11.00"
"люк аварийного выхода на микроавтобусе 790х600","2026-06-30 - 2026-09-28","3.00","0.00","0.00","3.33","","0.00","0.00","","2.00","0.00","0.00","3.00","","1.00","0.00","0.00","4.00","","0.00","0.00","","",""
"купить водительское сиденье на автобус короса","2026-06-30 - 2026-09-28","3.00","0.00","0.00","11.67","","0.00","0.00","","0.00","0.00","","","","0.00","0.00","","","","3.00","0.00","0.00","11.67",""
"сиденье для водителя","2026-06-30 - 2026-09-28","3.00","0.00","0.00","11.00","","0.00","0.00","","0.00","0.00","","","","1.00","0.00","0.00","10.00","","2.00","0.00","0.00","11.50",""
"подножка для газели боковая","2026-06-30 - 2026-09-28","3.00","0.00","0.00","5.00","","0.00","0.00","","2.00","0.00","0.00","3.00","","1.00","0.00","0.00","9.00","","0.00","0.00","","",""
"купить диван в газель бизнес","2026-06-30 - 2026-09-28","3.00","1.00","33.33","7.67","8.00","0.00","0.00","","0.00","0.00","","","","3.00","1.00","33.33","7.67","8.00","0.00","0.00","","",""
"боковое стекло на автобус","2026-06-30 - 2026-09-28","3.00","0.00","0.00","7.00","","0.00","0.00","","0.00","0.00","","","","2.00","0.00","0.00","4.50","","1.00","0.00","0.00","12.00",""
"шторы ночные газель некст","2026-06-30 - 2026-09-28","3.00","0.00","0.00","9.67","","0.00","0.00","","0.00","0.00","","","","2.00","0.00","0.00","8.00","","1.00","0.00","0.00","13.00",""
"поворотный механизм сиденья автомобиля","2026-06-30 - 2026-09-28","3.00","1.00","33.33","15.33","17.00","0.00","0.00","","0.00","0.00","","","","0.00","0.00","","","","3.00","1.00","33.33","15.33","17.00"
"двойное сиденье для автобуса","2026-06-30 - 2026-09-28","3.00","0.00","0.00","5.67","","0.00","0.00","","0.00","0.00","","","","3.00","0.00","0.00","5.67","","0.00","0.00","","",""
"стекло на школьный автобус форд транзит сколько стоит","2026-06-30 - 2026-09-28","3.00","0.00","0.00","10.33","","0.00","0.00","","0.00","0.00","","","","2.00","0.00","0.00","10.00","","1.00","0.00","0.00","11.00",""
"все детали машины связанный с баск","2026-06-30 - 2026-09-28","3.00","0.00","0.00","5.00","","0.00","0.00","","0.00","0.00","","","","3.00","0.00","0.00","5.00","","0.00","0.00","","",""
"комплектующие для штор в автобус","2026-06-30 - 2026-09-28","3.00","0.00","0.00","10.33","","0.00","0.00","","0.00","0.00","","","","2.00","0.00","0.00","10.00","","1.00","0.00","0.00","11.00",""
"подножку боковую на фиат дукато","2026-06-30 - 2026-09-28","3.00","3.00","100.00","6.00","8.00","1.00","0.00","0.00","0.00","0.00","","","","2.00","3.00","150.00","8.50","8.00","0.00","0.00","","",""
"ремень безопасности для микроавтобусов","2026-06-30 - 2026-09-28","3.00","0.00","0.00","9.00","","0.00","0.00","","0.00","0.00","","","","2.00","0.00","0.00","8.00","","1.00","0.00","0.00","11.00",""
"полочки в автобусе","2026-06-30 - 2026-09-28","3.00","0.00","0.00","6.33","","0.00","0.00","","0.00","0.00","","","","3.00","0.00","0.00","6.33","","0.00","0.00","","",""
"опора сиденья водителя на соболь нн","2026-06-30 - 2026-09-28","3.00","0.00","0.00","11.00","","0.00","0.00","","0.00","0.00","","","","1.00","0.00","0.00","10.00","","2.00","0.00","0.00","11.50",""
"статистический ремень","2026-06-30 - 2026-09-28","3.00","0.00","0.00","5.33","","1.00","0.00","0.00","0.00","0.00","","","","2.00","0.00","0.00","7.50","","0.00","0.00","","",""
"купить на газель выдвижное сиденье .","2026-06-30 - 2026-09-28","3.00","0.00","0.00","12.00","","0.00","0.00","","0.00","0.00","","","","0.00","0.00","","","","3.00","0.00","0.00","12.00",""
"купить люк для автобуса","2026-06-30 - 2026-09-28","3.00","0.00","0.00","10.33","","0.00","0.00","","0.00","0.00","","","","2.00","0.00","0.00","9.00","","1.00","0.00","0.00","13.00",""
"форд транзит 2021 аварийный люк купить в рязани","2026-06-30 - 2026-09-28","3.00","2.00","66.67","1.33","1.50","2.00","1.00","50.00","1.00","1.00","100.00","2.00","2.00","0.00","0.00","","","","0.00","0.00","","",""
"сиденье раскладушка в газели газоне","2026-06-30 - 2026-09-28","3.00","0.00","0.00","6.33","","0.00","0.00","","0.00","0.00","","","","3.00","0.00","0.00","6.33","","0.00","0.00","","",""
"раскладной столик в автомобиль","2026-06-30 - 2026-09-28","3.00","0.00","0.00","12.67","","0.00","0.00","","0.00","0.00","","","","0.00","0.00","","","","3.00","0.00","0.00","12.67",""
"диван ривьера на форд транзит с передвижением купить","2026-06-30 - 2026-09-28","3.00","0.00","0.00","8.67","","0.00","0.00","","0.00","0.00","","","","3.00","0.00","0.00","8.67","","0.00","0.00","","",""
"ролик выкатной для катафалка","2026-06-30 - 2026-09-28","3.00","0.00","0.00","7.00","","0.00","0.00","","0.00","0.00","","","","3.00","0.00","0.00","7.00","","0.00","0.00","","",""
"задняя подножка на микроавтобус","2026-06-30 - 2026-09-28","3.00","0.00","0.00","2.67","","0.00","0.00","","3.00","0.00","0.00","2.67","","0.00","0.00","","","","0.00","0.00","","",""
"купить двойные центральные направляющие для сидений в мерседесе v класса для устаноали столика","2026-06-30 - 2026-09-28","3.00","0.00","0.00","17.33","","0.00","0.00","","0.00","0.00","","","","1.00","0.00","0.00","10.00","","2.00","0.00","0.00","21.00",""
"евроком переоборудование","2026-06-30 - 2026-09-28","3.00","0.00","0.00","8.33","","0.00","0.00","","0.00","0.00","","","","3.00","0.00","0.00","8.33","","0.00","0.00","","",""
"купить заднюю подножку на газ некст","2026-06-30 - 2026-09-28","3.00","0.00","0.00","6.00","","0.00","0.00","","0.00","0.00","","","","3.00","0.00","0.00","6.00","","0.00","0.00","","",""
"басс сайт фурнитуры","2026-06-30 - 2026-09-28","3.00","0.00","0.00","10.00","","0.00","0.00","","0.00","0.00","","","","2.00","0.00","0.00","9.50","","1.00","0.00","0.00","11.00",""
"подножка задняя пежо боксер","2026-06-30 - 2026-09-28","3.00","0.00","0.00","8.00","","0.00","0.00","","0.00","0.00","","","","3.00","0.00","0.00","8.00","","0.00","0.00","","",""
"шторка на микроавтобус","2026-06-30 - 2026-09-28","3.00","0.00","0.00","9.00","","0.00","0.00","","0.00","0.00","","","","2.00","0.00","0.00","8.00","","1.00","0.00","0.00","11.00",""
"люк для проветривания стеклянный гласспроект","2026-06-30 - 2026-09-28","3.00","0.00","0.00","6.67","","0.00","0.00","","0.00","0.00","","","","3.00","0.00","0.00","6.67","","0.00","0.00","","",""
"аксессуары для автобуса паз","2026-06-30 - 2026-09-28","3.00","0.00","0.00","9.33","","0.00","0.00","","0.00","0.00","","","","2.00","0.00","0.00","8.50","","1.00","0.00","0.00","11.00",""
"салонные шторки в микроавтобусе","2026-06-30 - 2026-09-28","3.00","0.00","0.00","7.67","","0.00","0.00","","0.00","0.00","","","","3.00","0.00","0.00","7.67","","0.00","0.00","","",""
"плинтус в микроавтобус","2026-06-30 - 2026-09-28","3.00","0.00","0.00","3.00","","0.00","0.00","","2.00","0.00","0.00","2.50","","1.00","0.00","0.00","4.00","","0.00","0.00","","",""
"сидение водителя автобуса","2026-06-30 - 2026-09-28","3.00","0.00","0.00","9.33","","0.00","0.00","","0.00","0.00","","","","2.00","0.00","0.00","8.50","","1.00","0.00","0.00","11.00",""
"для автобуса турические сидельники","2026-06-30 - 2026-09-28","3.00","0.00","0.00","11.33","","0.00","0.00","","0.00","0.00","","","","1.00","0.00","0.00","10.00","","2.00","0.00","0.00","12.00",""
"универсальная опора сидения","2026-06-30 - 2026-09-28","3.00","0.00","0.00","10.33","","0.00","0.00","","0.00","0.00","","","","1.00","0.00","0.00","9.00","","2.00","0.00","0.00","11.00",""
"купить сиденье водительское газон некст","2026-06-30 - 2026-09-28","3.00","0.00","0.00","7.67","","0.00","0.00","","0.00","0.00","","","","2.00","0.00","0.00","5.00","","1.00","0.00","0.00","13.00",""
"купить пневмо сиденье для автобуса кавз","2026-06-30 - 2026-09-28","3.00","0.00","0.00","25.00","","0.00","0.00","","0.00","0.00","","","","0.00","0.00","","","","3.00","0.00","0.00","25.00",""
"подножка форд транзит 2007","2026-06-30 - 2026-09-28","3.00","0.00","0.00","12.00","","0.00","0.00","","0.00","0.00","","","","0.00","0.00","","","","3.00","0.00","0.00","12.00",""
"столик на водительское кресло","2026-06-30 - 2026-09-28","3.00","0.00","0.00","12.33","","0.00","0.00","","0.00","0.00","","","","0.00","0.00","","","","3.00","0.00","0.00","12.33",""
"задний диван газель фермер","2026-06-30 - 2026-09-28","3.00","0.00","0.00","30.33","","0.00","0.00","","0.00","0.00","","","","0.00","0.00","","","","3.00","0.00","0.00","30.33",""
"стол раскладной в микроавтобус","2026-06-30 - 2026-09-28","3.00","1.00","33.33","6.67","4.00","0.00","0.00","","0.00","0.00","","","","3.00","1.00","33.33","6.67","4.00","0.00","0.00","","",""
"все для автобусов","2026-06-30 - 2026-09-28","3.00","1.00","33.33","1.67","1.00","1.00","1.00","100.00","2.00","0.00","0.00","2.00","","0.00","0.00","","","","0.00","0.00","","",""
"ограничитель на форточки газель","2026-06-30 - 2026-09-28","3.00","0.00","0.00","11.67","","0.00","0.00","","0.00","0.00","","","","0.00","0.00","","","","3.00","0.00","0.00","11.67",""
"стекло боковое газель некст","2026-06-30 - 2026-09-28","3.00","0.00","0.00","41.67","","0.00","0.00","","0.00","0.00","","","","0.00","0.00","","","","3.00","0.00","0.00","41.67",""
"стекло в автобус","2026-06-30 - 2026-09-28","3.00","0.00","0.00","10.00","","0.00","0.00","","0.00","0.00","","","","2.00","0.00","0.00","8.50","","1.00","0.00","0.00","13.00",""
"ночные шторы пежо боксер","2026-06-30 - 2026-09-28","3.00","1.00","33.33","4.67","4.00","0.00","0.00","","1.00","0.00","0.00","3.00","","2.00","1.00","50.00","5.50","4.00","0.00","0.00","","",""
"форд транзит пассажирский сити 2018 г обшивка салона","2026-06-30 - 2026-09-28","3.00","2.00","66.67","6.00","6.00","0.00","0.00","","0.00","0.00","","","","3.00","2.00","66.67","6.00","6.00","0.00","0.00","","",""
"стекло водительской двери ивеко дейли 2021 года","2026-06-30 - 2026-09-28","3.00","0.00","0.00","9.33","","0.00","0.00","","0.00","0.00","","","","3.00","0.00","0.00","9.33","","0.00","0.00","","",""
"какие размеры иранских штор для форд транзит 2015","2026-06-30 - 2026-09-28","3.00","0.00","0.00","8.00","","0.00","0.00","","0.00","0.00","","","","3.00","0.00","0.00","8.00","","0.00","0.00","","",""
"ламбрекены peugeot boxer","2026-06-30 - 2026-09-28","3.00","0.00","0.00","11.33","","0.00","0.00","","0.00","0.00","","","","1.00","0.00","0.00","9.00","","2.00","0.00","0.00","12.50",""
"шторки на окна газель некст пассажирская","2026-06-30 - 2026-09-28","3.00","0.00","0.00","3.67","","1.00","0.00","0.00","1.00","0.00","0.00","3.00","","1.00","0.00","0.00","7.00","","0.00","0.00","","",""
"сиденья тахта в микроавтобус","2026-06-30 - 2026-09-28","3.00","0.00","0.00","10.33","","0.00","0.00","","0.00","0.00","","","","1.00","0.00","0.00","9.00","","2.00","0.00","0.00","11.00",""
"заглушки рельс сидений","2026-06-30 - 2026-09-28","3.00","0.00","0.00","4.00","","0.00","0.00","","0.00","0.00","","","","3.00","0.00","0.00","4.00","","0.00","0.00","","",""
"стекло на заднюю дверь спринтер классик","2026-06-30 - 2026-09-28","3.00","0.00","0.00","8.33","","0.00","0.00","","0.00","0.00","","","","3.00","0.00","0.00","8.33","","0.00","0.00","","",""
"ступенька форд транзит","2026-06-30 - 2026-09-28","3.00","0.00","0.00","15.00","","0.00","0.00","","0.00","0.00","","","","0.00","0.00","","","","3.00","0.00","0.00","15.00",""
"мотор раздвижной двери микроавтобуса","2026-06-30 - 2026-09-28","3.00","0.00","0.00","8.00","","0.00","0.00","","0.00","0.00","","","","3.00","0.00","0.00","8.00","","0.00","0.00","","",""
"сиденье газель некст водительское","2026-06-30 - 2026-09-28","3.00","0.00","0.00","23.33","","0.00","0.00","","0.00","0.00","","","","0.00","0.00","","","","3.00","0.00","0.00","23.33",""
"подножка порог на peugeot boxer","2026-06-30 - 2026-09-28","3.00","1.00","33.33","4.00","3.00","0.00","0.00","","1.00","1.00","100.00","3.00","3.00","2.00","0.00","0.00","4.50","","0.00","0.00","","",""
"резиновое кольцо для фиксации подлокотника у туристического стула","2026-06-30 - 2026-09-28","3.00","0.00","0.00","10.33","","0.00","0.00","","0.00","0.00","","","","2.00","0.00","0.00","10.00","","1.00","0.00","0.00","11.00",""
"купить сиденье от микроавтобуса","2026-06-30 - 2026-09-28","3.00","0.00","0.00","7.33","","0.00","0.00","","0.00","0.00","","","","3.00","0.00","0.00","7.33","","0.00","0.00","","",""
"сиденье микроавтобус","2026-06-30 - 2026-09-28","3.00","0.00","0.00","3.67","","0.00","0.00","","1.00","0.00","0.00","3.00","","2.00","0.00","0.00","4.00","","0.00","0.00","","",""
"занавески в газель next","2026-06-30 - 2026-09-28","3.00","0.00","0.00","8.00","","0.00","0.00","","0.00","0.00","","","","3.00","0.00","0.00","8.00","","0.00","0.00","","",""
"пассажирские сиденья мерседес спринтер купить","2026-06-30 - 2026-09-28","3.00","1.00","33.33","9.67","15.00","0.00","0.00","","0.00","0.00","","","","2.00","0.00","0.00","7.00","","1.00","1.00","100.00","15.00","15.00"
"поручни на автобус","2026-06-30 - 2026-09-28","3.00","0.00","0.00","6.67","","0.00","0.00","","0.00","0.00","","","","3.00","0.00","0.00","6.67","","0.00","0.00","","",""
"купить водительское сиденье в автомобиль соболь","2026-06-30 - 2026-09-28","3.00","0.00","0.00","3.33","","0.00","0.00","","1.00","0.00","0.00","2.00","","2.00","0.00","0.00","4.00","","0.00","0.00","","",""
"перетяжка пассажирского салона пежо боксер","2026-06-30 - 2026-09-28","3.00","0.00","0.00","10.33","","0.00","0.00","","0.00","0.00","","","","1.00","0.00","0.00","9.00","","2.00","0.00","0.00","11.00",""
"пежо боксер боковое стекло","2026-06-30 - 2026-09-28","3.00","0.00","0.00","9.33","","0.00","0.00","","0.00","0.00","","","","2.00","0.00","0.00","8.50","","1.00","0.00","0.00","11.00",""
"шторки в автобус соболь купить","2026-06-30 - 2026-09-28","3.00","1.00","33.33","11.00","11.00","0.00","0.00","","0.00","0.00","","","","0.00","0.00","","","","3.00","1.00","33.33","11.00","11.00"
"2 точечные ремни безопасности","2026-06-30 - 2026-09-28","3.00","0.00","0.00","11.67","","0.00","0.00","","0.00","0.00","","","","0.00","0.00","","","","3.00","0.00","0.00","11.67",""
"направляющие для штор газель","2026-06-30 - 2026-09-28","3.00","0.00","0.00","9.00","","0.00","0.00","","0.00","0.00","","","","3.00","0.00","0.00","9.00","","0.00","0.00","","",""
"ремни на автобус","2026-06-30 - 2026-09-28","3.00","0.00","0.00","5.67","","0.00","0.00","","0.00","0.00","","","","3.00","0.00","0.00","5.67","","0.00","0.00","","",""
"гардина в газель","2026-06-30 - 2026-09-28","3.00","0.00","0.00","8.33","","0.00","0.00","","0.00","0.00","","","","3.00","0.00","0.00","8.33","","0.00","0.00","","",""
"сиденье водителя next на пружине","2026-06-30 - 2026-09-28","3.00","1.00","33.33","1.33","1.00","2.00","1.00","50.00","1.00","0.00","0.00","2.00","","0.00","0.00","","","","0.00","0.00","","",""
"клей ющий ткани для автомобиля микроавтобус","2026-06-30 - 2026-09-28","3.00","1.00","33.33","12.33","12.00","0.00","0.00","","0.00","0.00","","","","0.00","0.00","","","","3.00","1.00","33.33","12.33","12.00"
"фву вытяжка","2026-06-30 - 2026-09-28","3.00","0.00","0.00","9.00","","0.00","0.00","","0.00","0.00","","","","2.00","0.00","0.00","7.50","","1.00","0.00","0.00","12.00",""
"автобус ютонг столик на поручень купить","2026-06-30 - 2026-09-28","3.00","0.00","0.00","3.67","","0.00","0.00","","2.00","0.00","0.00","3.00","","1.00","0.00","0.00","5.00","","0.00","0.00","","",""
"ортопедическая вставка в водительское сиденье на газель некст купить на озоне","2026-06-30 - 2026-09-28","3.00","0.00","0.00","21.67","","0.00","0.00","","0.00","0.00","","","","0.00","0.00","","","","3.00","0.00","0.00","21.67",""
"ступенька левая, правая на мерседес спринтер классик 901,903,909","2026-06-30 - 2026-09-28","3.00","0.00","0.00","9.00","","0.00","0.00","","0.00","0.00","","","","3.00","0.00","0.00","9.00","","0.00","0.00","","",""
"защелка форточки форд транзит 2018 год","2026-06-30 - 2026-09-28","3.00","0.00","0.00","7.33","","0.00","0.00","","0.00","0.00","","","","3.00","0.00","0.00","7.33","","0.00","0.00","","",""
"крепления на пол в салоне авто для сидений","2026-06-30 - 2026-09-28","3.00","0.00","0.00","7.67","","0.00","0.00","","0.00","0.00","","","","3.00","0.00","0.00","7.67","","0.00","0.00","","",""
"ключи от окон в автобусе","2026-06-30 - 2026-09-28","3.00","0.00","0.00","9.00","","0.00","0.00","","0.00","0.00","","","","3.00","0.00","0.00","9.00","","0.00","0.00","","",""
"купить хром накладки на ручки на мерседес спринтер","2026-06-30 - 2026-09-28","3.00","0.00","0.00","7.67","","0.00","0.00","","0.00","0.00","","","","3.00","0.00","0.00","7.67","","0.00","0.00","","",""
"сиденья для минивэнов","2026-06-30 - 2026-09-28","3.00","1.00","33.33","4.33","5.00","0.00","0.00","","1.00","0.00","0.00","3.00","","2.00","1.00","50.00","5.00","5.00","0.00","0.00","","",""
"баском корейская ул., 24, нижний новгород отзывы","2026-06-30 - 2026-09-28","3.00","0.00","0.00","5.33","","0.00","0.00","","0.00","0.00","","","","3.00","0.00","0.00","5.33","","0.00","0.00","","",""
"салазки кресла","2026-06-30 - 2026-09-28","3.00","0.00","0.00","8.00","","0.00","0.00","","0.00","0.00","","","","2.00","0.00","0.00","5.50","","1.00","0.00","0.00","13.00",""
"постамент в ритуальную машину","2026-06-30 - 2026-09-28","3.00","0.00","0.00","9.67","","0.00","0.00","","0.00","0.00","","","","2.00","0.00","0.00","9.00","","1.00","0.00","0.00","11.00",""
"шторки занавески ситроен джампер","2026-06-30 - 2026-09-28","3.00","1.00","33.33","3.33","8.00","2.00","0.00","0.00","0.00","0.00","","","","1.00","1.00","100.00","8.00","8.00","0.00","0.00","","",""
"тандем диван соболь","2026-06-30 - 2026-09-28","3.00","0.00","0.00","8.33","","0.00","0.00","","0.00","0.00","","","","3.00","0.00","0.00","8.33","","0.00","0.00","","",""
"запчасти для автобуса","2026-06-30 - 2026-09-28","3.00","1.00","33.33","23.33","20.00","0.00","0.00","","0.00","0.00","","","","0.00","0.00","","","","3.00","1.00","33.33","23.33","20.00"
"купить стекло боковое на ивеко дейли 227","2026-06-30 - 2026-09-28","3.00","0.00","0.00","8.67","","0.00","0.00","","0.00","0.00","","","","2.00","0.00","0.00","7.00","","1.00","0.00","0.00","12.00",""
"откидное сиденье в автобусе со спинкой","2026-06-30 - 2026-09-28","3.00","0.00","0.00","9.00","","0.00","0.00","","0.00","0.00","","","","2.00","0.00","0.00","8.00","","1.00","0.00","0.00","11.00",""
"армированный оконный уплотнитель для аварийно-вентиляционного люка","2026-06-30 - 2026-09-28","3.00","0.00","0.00","2.00","","2.00","0.00","0.00","0.00","0.00","","","","1.00","0.00","0.00","4.00","","0.00","0.00","","",""
"купить столик на соболь раскладной","2026-06-30 - 2026-09-28","3.00","2.00","66.67","1.67","2.00","2.00","1.00","50.00","1.00","1.00","100.00","3.00","3.00","0.00","0.00","","","","0.00","0.00","","",""
"салазки универсальные спб","2026-06-30 - 2026-09-28","3.00","1.00","33.33","11.00","11.00","0.00","0.00","","0.00","0.00","","","","0.00","0.00","","","","3.00","1.00","33.33","11.00","11.00"
"оборудование для микроавтобуса","2026-06-30 - 2026-09-28","3.00","2.00","66.67","6.00","5.50","0.00","0.00","","1.00","1.00","100.00","3.00","3.00","2.00","1.00","50.00","7.50","8.00","0.00","0.00","","",""
"крепление сидений к полу газель","2026-06-30 - 2026-09-28","3.00","0.00","0.00","11.33","","0.00","0.00","","0.00","0.00","","","","1.00","0.00","0.00","10.00","","2.00","0.00","0.00","12.00",""
"нижегородец комплектующие для микроавтобуса","2026-06-30 - 2026-09-28","3.00","0.00","0.00","7.33","","0.00","0.00","","0.00","0.00","","","","3.00","0.00","0.00","7.33","","0.00","0.00","","",""
"подножка сдвижной двери мерседес спринтер 903","2026-06-30 - 2026-09-28","3.00","0.00","0.00","7.00","","0.00","0.00","","0.00","0.00","","","","2.00","0.00","0.00","5.00","","1.00","0.00","0.00","11.00",""
"сиденье пассажирское газель некст одноместное","2026-06-30 - 2026-09-28","3.00","1.00","33.33","8.00","11.00","0.00","0.00","","0.00","0.00","","","","2.00","0.00","0.00","6.50","","1.00","1.00","100.00","11.00","11.00"
"линолеум в автобус на пол","2026-06-30 - 2026-09-28","3.00","0.00","0.00","13.00","","0.00","0.00","","0.00","0.00","","","","0.00","0.00","","","","3.00","0.00","0.00","13.00",""
"наклейки для салона в автобус","2026-06-30 - 2026-09-28","3.00","0.00","0.00","10.33","","0.00","0.00","","0.00","0.00","","","","1.00","0.00","0.00","8.00","","2.00","0.00","0.00","11.50",""
"автошторки салонные для микроавтобуса джинбей","2026-06-30 - 2026-09-28","3.00","1.00","33.33","7.67","10.00","0.00","0.00","","0.00","0.00","","","","3.00","1.00","33.33","7.67","10.00","0.00","0.00","","",""
"купить затеняющие шторки на микро бус форд транзит","2026-06-30 - 2026-09-28","3.00","0.00","0.00","6.67","","0.00","0.00","","0.00","0.00","","","","3.00","0.00","0.00","6.67","","0.00","0.00","","",""
"люк в сборе на форд транзит купить в москве и московской области","2026-06-30 - 2026-09-28","3.00","0.00","0.00","5.67","","0.00","0.00","","0.00","0.00","","","","3.00","0.00","0.00","5.67","","0.00","0.00","","",""
"для катафалка","2026-06-30 - 2026-09-28","3.00","0.00","0.00","2.00","","1.00","0.00","0.00","2.00","0.00","0.00","2.50","","0.00","0.00","","","","0.00","0.00","","",""
"для чего нужна кнопка стоп в автобусе в россии","2026-06-30 - 2026-09-28","3.00","0.00","0.00","11.00","","0.00","0.00","","0.00","0.00","","","","0.00","0.00","","","","3.00","0.00","0.00","11.00",""
"автобусные кресла купить","2026-06-30 - 2026-09-28","3.00","1.00","33.33","5.00","3.00","0.00","0.00","","1.00","1.00","100.00","3.00","3.00","2.00","0.00","0.00","6.00","","0.00","0.00","","",""
"механизм тандем для дивана","2026-06-30 - 2026-09-28","3.00","0.00","0.00","7.00","","0.00","0.00","","0.00","0.00","","","","2.00","0.00","0.00","5.00","","1.00","0.00","0.00","11.00",""
"плафон фонарь для микроавтобусов","2026-06-30 - 2026-09-28","3.00","0.00","0.00","7.67","","0.00","0.00","","0.00","0.00","","","","3.00","0.00","0.00","7.67","","0.00","0.00","","",""
"купить рельсы для пассажирских сидений в микроавтобус омск","2026-06-30 - 2026-09-28","3.00","1.00","33.33","7.67","8.00","0.00","0.00","","0.00","0.00","","","","3.00","1.00","33.33","7.67","8.00","0.00","0.00","","",""
"хром накладки мерседес 903","2026-06-30 - 2026-09-28","3.00","0.00","0.00","9.00","","0.00","0.00","","0.00","0.00","","","","3.00","0.00","0.00","9.00","","0.00","0.00","","",""
"стол для микроавтобуса спринтер","2026-06-30 - 2026-09-28","3.00","1.00","33.33","8.67","8.00","0.00","0.00","","0.00","0.00","","","","3.00","1.00","33.33","8.67","8.00","0.00","0.00","","",""
"подножка ford transit avito чувашия","2026-06-30 - 2026-09-28","3.00","0.00","0.00","8.33","","0.00","0.00","","0.00","0.00","","","","3.00","0.00","0.00","8.33","","0.00","0.00","","",""
"покрытие на пол минивэна","2026-06-30 - 2026-09-28","3.00","0.00","0.00","13.67","","0.00","0.00","","0.00","0.00","","","","0.00","0.00","","","","3.00","0.00","0.00","13.67",""
"выдвижной механизм на ритуальную машину","2026-06-30 - 2026-09-28","3.00","0.00","0.00","5.67","","0.00","0.00","","0.00","0.00","","","","3.00","0.00","0.00","5.67","","0.00","0.00","","",""
"салазки для микроавтобуса крепление сидений","2026-06-30 - 2026-09-28","3.00","0.00","0.00","2.67","","1.00","0.00","0.00","1.00","0.00","0.00","2.00","","1.00","0.00","0.00","5.00","","0.00","0.00","","",""
"шторы на форд транзит","2026-06-30 - 2026-09-28","3.00","0.00","0.00","8.67","","0.00","0.00","","0.00","0.00","","","","3.00","0.00","0.00","8.67","","0.00","0.00","","",""
"сиденья для пассажирского автобуса","2026-06-30 - 2026-09-28","3.00","0.00","0.00","4.67","","0.00","0.00","","0.00","0.00","","","","3.00","0.00","0.00","4.67","","0.00","0.00","","",""
"поворотные сидения для микроавтобусов","2026-06-30 - 2026-09-28","3.00","0.00","0.00","10.00","","0.00","0.00","","0.00","0.00","","","","2.00","0.00","0.00","9.00","","1.00","0.00","0.00","12.00",""
"кресло газель некст","2026-06-30 - 2026-09-28","3.00","0.00","0.00","23.67","","0.00","0.00","","0.00","0.00","","","","0.00","0.00","","","","3.00","0.00","0.00","23.67",""
"подножка на автобус","2026-06-30 - 2026-09-28","3.00","0.00","0.00","6.67","","0.00","0.00","","0.00","0.00","","","","3.00","0.00","0.00","6.67","","0.00","0.00","","",""
"люк на форд транзит картинки","2026-06-30 - 2026-09-28","3.00","0.00","0.00","5.67","","0.00","0.00","","0.00","0.00","","","","3.00","0.00","0.00","5.67","","0.00","0.00","","",""
"подножка сдвижной двери газель","2026-06-30 - 2026-09-28","3.00","0.00","0.00","22.33","","0.00","0.00","","0.00","0.00","","","","0.00","0.00","","","","3.00","0.00","0.00","22.33",""
"сиденье пассажирское антивандальное","2026-06-30 - 2026-09-28","3.00","0.00","0.00","10.00","","0.00","0.00","","0.00","0.00","","","","3.00","0.00","0.00","10.00","","0.00","0.00","","",""
"временное стекло на люк автомобиля","2026-06-30 - 2026-09-28","3.00","0.00","0.00","10.33","","0.00","0.00","","0.00","0.00","","","","1.00","0.00","0.00","8.00","","2.00","0.00","0.00","11.50",""
"хром накладки на ручки дверей мерседес спринтер 906","2026-06-30 - 2026-09-28","3.00","0.00","0.00","9.00","","0.00","0.00","","0.00","0.00","","","","2.00","0.00","0.00","8.00","","1.00","0.00","0.00","11.00",""
"сидения в минивен","2026-06-30 - 2026-09-28","3.00","0.00","0.00","4.67","","0.00","0.00","","1.00","0.00","0.00","3.00","","2.00","0.00","0.00","5.50","","0.00","0.00","","",""
"жалюзи в микроавтобус","2026-06-30 - 2026-09-28","3.00","0.00","0.00","8.33","","0.00","0.00","","0.00","0.00","","","","2.00","0.00","0.00","7.00","","1.00","0.00","0.00","11.00",""
"шторки на автомобильные стекла газель некст","2026-06-30 - 2026-09-28","3.00","0.00","0.00","12.00","","0.00","0.00","","0.00","0.00","","","","0.00","0.00","","","","3.00","0.00","0.00","12.00",""
"туристические сидения для автобуса турецкие","2026-06-30 - 2026-09-28","3.00","0.00","0.00","2.67","","0.00","0.00","","2.00","0.00","0.00","2.00","","1.00","0.00","0.00","4.00","","0.00","0.00","","",""
"кресла для микроавтобуса","2026-06-30 - 2026-09-28","3.00","2.00","66.67","3.67","3.50","0.00","0.00","","1.00","1.00","100.00","2.00","2.00","2.00","1.00","50.00","4.50","5.00","0.00","0.00","","",""
"школьный автобус форд сколько будет стоить стекло","2026-06-30 - 2026-09-28","3.00","1.00","33.33","5.00","5.00","0.00","0.00","","0.00","0.00","","","","3.00","1.00","33.33","5.00","5.00","0.00","0.00","","",""
"авито купить сиденья турист на автобус","2026-06-30 - 2026-09-28","3.00","0.00","0.00","8.33","","0.00","0.00","","0.00","0.00","","","","3.00","0.00","0.00","8.33","","0.00","0.00","","",""
"багажник на форд транзит","2026-06-30 - 2026-09-28","3.00","0.00","0.00","12.00","","0.00","0.00","","0.00","0.00","","","","0.00","0.00","","","","3.00","0.00","0.00","12.00",""
"шторы на автобус комплект","2026-06-30 - 2026-09-28","3.00","0.00","0.00","10.33","","0.00","0.00","","0.00","0.00","","","","2.00","0.00","0.00","10.00","","1.00","0.00","0.00","11.00",""
"крепление сиденья газель фермер","2026-06-30 - 2026-09-28","3.00","0.00","0.00","9.67","","0.00","0.00","","0.00","0.00","","","","2.00","0.00","0.00","8.50","","1.00","0.00","0.00","12.00",""
"навесной багажник на задние двери на спринтер 906","2026-06-30 - 2026-09-28","3.00","1.00","33.33","3.00","3.00","0.00","0.00","","3.00","1.00","33.33","3.00","3.00","0.00","0.00","","","","0.00","0.00","","",""
"размер 4х местного сиденья на соболе","2026-06-30 - 2026-09-28","3.00","0.00","0.00","4.00","","0.00","0.00","","1.00","0.00","0.00","3.00","","2.00","0.00","0.00","4.50","","0.00","0.00","","",""
"полки в автобус в нижнем новгороде","2026-06-30 - 2026-09-28","3.00","0.00","0.00","4.67","","0.00","0.00","","1.00","0.00","0.00","3.00","","2.00","0.00","0.00","5.50","","0.00","0.00","","",""
"заглушки салазок","2026-06-30 - 2026-09-28","3.00","0.00","0.00","10.67","","0.00","0.00","","0.00","0.00","","","","2.00","0.00","0.00","9.50","","1.00","0.00","0.00","13.00",""
"пневмо сиденье в газон некст","2026-06-30 - 2026-09-28","3.00","0.00","0.00","7.67","","0.00","0.00","","0.00","0.00","","","","3.00","0.00","0.00","7.67","","0.00","0.00","","",""
"форд транзит 2018 года люк на крыше","2026-06-30 - 2026-09-28","3.00","1.00","33.33","2.00","2.00","1.00","0.00","0.00","2.00","1.00","50.00","2.50","2.00","0.00","0.00","","","","0.00","0.00","","",""
"сидение от автобуса","2026-06-30 - 2026-09-28","3.00","0.00","0.00","8.33","","0.00","0.00","","0.00","0.00","","","","2.00","0.00","0.00","6.50","","1.00","0.00","0.00","12.00",""
"кресла в автобусах","2026-06-30 - 2026-09-28","3.00","0.00","0.00","7.67","","0.00","0.00","","0.00","0.00","","","","2.00","0.00","0.00","5.00","","1.00","0.00","0.00","13.00",""
"сиденье dupfu","2026-06-30 - 2026-09-28","3.00","0.00","0.00","7.00","","0.00","0.00","","0.00","0.00","","","","3.00","0.00","0.00","7.00","","0.00","0.00","","",""
"грузовые багажники для микроавтобусов","2026-06-30 - 2026-09-28","3.00","1.00","33.33","6.67","6.00","0.00","0.00","","0.00","0.00","","","","3.00","1.00","33.33","6.67","6.00","0.00","0.00","","",""
"накладка для боковой подножки","2026-06-30 - 2026-09-28","3.00","0.00","0.00","10.00","","0.00","0.00","","0.00","0.00","","","","2.00","0.00","0.00","9.50","","1.00","0.00","0.00","11.00",""
"стол для автобуса","2026-06-30 - 2026-09-28","3.00","0.00","0.00","4.00","","0.00","0.00","","2.00","0.00","0.00","3.00","","1.00","0.00","0.00","6.00","","0.00","0.00","","",""
"размеры боковых и задних стекол газели","2026-06-30 - 2026-09-28","3.00","0.00","0.00","10.33","","0.00","0.00","","0.00","0.00","","","","1.00","0.00","0.00","9.00","","2.00","0.00","0.00","11.00",""
"люк эвакуационный на авто","2026-06-30 - 2026-09-28","3.00","0.00","0.00","7.33","","0.00","0.00","","0.00","0.00","","","","3.00","0.00","0.00","7.33","","0.00","0.00","","",""
"сидения трансформер для микроавтобусов на рельсах","2026-06-30 - 2026-09-28","3.00","0.00","0.00","3.33","","0.00","0.00","","2.00","0.00","0.00","3.00","","1.00","0.00","0.00","4.00","","0.00","0.00","","",""
"накладка на заднюю панель мерседес спринтер classic","2026-06-30 - 2026-09-28","3.00","0.00","0.00","9.33","","0.00","0.00","","0.00","0.00","","","","2.00","0.00","0.00","8.50","","1.00","0.00","0.00","11.00",""
"сиденье для гида в автобус","2026-06-30 - 2026-09-28","3.00","3.00","100.00","5.67","4.00","0.00","0.00","","0.00","0.00","","","","3.00","3.00","100.00","5.67","4.00","0.00","0.00","","",""
"подножки нержавейка на газель некст","2026-06-30 - 2026-09-28","3.00","0.00","0.00","12.33","","0.00","0.00","","0.00","0.00","","","","0.00","0.00","","","","3.00","0.00","0.00","12.33",""
"размер бокового стекла спринтер","2026-06-30 - 2026-09-28","3.00","0.00","0.00","9.00","","0.00","0.00","","0.00","0.00","","","","3.00","0.00","0.00","9.00","","0.00","0.00","","",""
"профиль для боковой шторки газель","2026-06-30 - 2026-09-28","3.00","0.00","0.00","11.00","","0.00","0.00","","0.00","0.00","","","","1.00","0.00","0.00","8.00","","2.00","0.00","0.00","12.50",""
"шторка на газель некст","2026-06-30 - 2026-09-28","3.00","0.00","0.00","8.33","","0.00","0.00","","0.00","0.00","","","","2.00","0.00","0.00","7.00","","1.00","0.00","0.00","11.00",""
"одинарное откидное сиденье к стене для автомобиля","2026-06-30 - 2026-09-28","3.00","0.00","0.00","11.67","","0.00","0.00","","0.00","0.00","","","","0.00","0.00","","","","3.00","0.00","0.00","11.67",""
"сиденье на газон некст с подкачкой","2026-06-30 - 2026-09-28","3.00","0.00","0.00","6.67","","0.00","0.00","","0.00","0.00","","","","3.00","0.00","0.00","6.67","","0.00","0.00","","",""
"5261111427","2026-06-30 - 2026-09-28","3.00","0.00","0.00","2.33","","0.00","0.00","","3.00","0.00","0.00","2.33","","0.00","0.00","","","","0.00","0.00","","",""
"шторы на газель тряпочные","2026-06-30 - 2026-09-28","3.00","0.00","0.00","9.00","","0.00","0.00","","0.00","0.00","","","","3.00","0.00","0.00","9.00","","0.00","0.00","","",""
"защёлка форточки фольксваген крафтер","2026-06-30 - 2026-09-28","3.00","0.00","0.00","2.67","","0.00","0.00","","3.00","0.00","0.00","2.67","","0.00","0.00","","","","0.00","0.00","","",""
"купить защелку на форточку пежо боксер","2026-06-30 - 2026-09-28","3.00","0.00","0.00","10.67","","0.00","0.00","","0.00","0.00","","","","1.00","0.00","0.00","10.00","","2.00","0.00","0.00","11.00",""
"крепление верхнее для кресла туристического гладисман","2026-06-30 - 2026-09-28","3.00","0.00","0.00","11.67","","0.00","0.00","","0.00","0.00","","","","0.00","0.00","","","","3.00","0.00","0.00","11.67",""
"газель некст стекло маршрута купить","2026-06-30 - 2026-09-28","3.00","0.00","0.00","7.00","","0.00","0.00","","0.00","0.00","","","","2.00","0.00","0.00","4.50","","1.00","0.00","0.00","12.00",""
"раскладной диван в газель в тамбовской обл","2026-06-30 - 2026-09-28","3.00","0.00","0.00","11.67","","0.00","0.00","","0.00","0.00","","","","0.00","0.00","","","","3.00","0.00","0.00","11.67",""
"направляющие сидений","2026-06-30 - 2026-09-28","3.00","0.00","0.00","11.00","","0.00","0.00","","0.00","0.00","","","","1.00","0.00","0.00","10.00","","2.00","0.00","0.00","11.50",""
"подножка на газель бизнес фургон","2026-06-30 - 2026-09-28","3.00","0.00","0.00","11.00","","0.00","0.00","","0.00","0.00","","","","2.00","0.00","0.00","10.00","","1.00","0.00","0.00","13.00",""
"купить сиденья в микроавтобус от иномарки","2026-06-30 - 2026-09-28","3.00","0.00","0.00","5.33","","0.00","0.00","","0.00","0.00","","","","3.00","0.00","0.00","5.33","","0.00","0.00","","",""
"микроавтобус багажник","2026-06-30 - 2026-09-28","3.00","0.00","0.00","9.33","","0.00","0.00","","0.00","0.00","","","","3.00","0.00","0.00","9.33","","0.00","0.00","","",""
"ford transit g5 ступенька двери","2026-06-30 - 2026-09-28","3.00","0.00","0.00","8.67","","0.00","0.00","","0.00","0.00","","","","3.00","0.00","0.00","8.67","","0.00","0.00","","",""
"шторка газель некст","2026-06-30 - 2026-09-28","3.00","0.00","0.00","9.00","","0.00","0.00","","0.00","0.00","","","","2.00","0.00","0.00","7.50","","1.00","0.00","0.00","12.00",""
"складной столик в кабину","2026-06-30 - 2026-09-28","3.00","0.00","0.00","10.67","","0.00","0.00","","0.00","0.00","","","","2.00","0.00","0.00","10.00","","1.00","0.00","0.00","12.00",""
"купить сиденье микроавтобус","2026-06-30 - 2026-09-28","3.00","0.00","0.00","6.67","","0.00","0.00","","0.00","0.00","","","","3.00","0.00","0.00","6.67","","0.00","0.00","","",""
"пневмо сиденье на газон некст купить","2026-06-30 - 2026-09-28","3.00","0.00","0.00","9.00","","0.00","0.00","","0.00","0.00","","","","3.00","0.00","0.00","9.00","","0.00","0.00","","",""
"подлокотник сидения турист","2026-06-30 - 2026-09-28","3.00","0.00","0.00","6.33","","0.00","0.00","","0.00","0.00","","","","3.00","0.00","0.00","6.33","","0.00","0.00","","",""
"сидения купить","2026-06-30 - 2026-09-28","3.00","0.00","0.00","26.33","","0.00","0.00","","0.00","0.00","","","","0.00","0.00","","","","3.00","0.00","0.00","26.33",""
"купить автостекло пежо","2026-06-30 - 2026-09-28","3.00","0.00","0.00","13.00","","0.00","0.00","","0.00","0.00","","","","0.00","0.00","","","","3.00","0.00","0.00","13.00",""
"стеклопакет для мерседес спринтер классик","2026-06-30 - 2026-09-28","3.00","0.00","0.00","9.33","","0.00","0.00","","0.00","0.00","","","","3.00","0.00","0.00","9.33","","0.00","0.00","","",""
"сиденья турист для автомобиля","2026-06-30 - 2026-09-28","3.00","1.00","33.33","3.00","7.00","2.00","0.00","0.00","0.00","0.00","","","","1.00","1.00","100.00","7.00","7.00","0.00","0.00","","",""
"сидение автолайт люкс","2026-06-30 - 2026-09-28","3.00","0.00","0.00","1.33","","2.00","0.00","0.00","1.00","0.00","0.00","2.00","","0.00","0.00","","","","0.00","0.00","","",""
"фиксатор подлокотника туристического кресла купить","2026-06-30 - 2026-09-28","3.00","0.00","0.00","7.67","","0.00","0.00","","0.00","0.00","","","","2.00","0.00","0.00","6.00","","1.00","0.00","0.00","11.00",""
"гано некст сиденье водительское","2026-06-30 - 2026-09-28","3.00","0.00","0.00","11.33","","0.00","0.00","","0.00","0.00","","","","1.00","0.00","0.00","10.00","","2.00","0.00","0.00","12.00",""
"форд транзит 2014 обшивка кабины","2026-06-30 - 2026-09-28","3.00","0.00","0.00","10.67","","0.00","0.00","","0.00","0.00","","","","1.00","0.00","0.00","10.00","","2.00","0.00","0.00","11.00",""
"плафон салона микроавтобус","2026-06-30 - 2026-09-28","3.00","0.00","0.00","4.33","","0.00","0.00","","0.00","0.00","","","","3.00","0.00","0.00","4.33","","0.00","0.00","","",""
"нужно ли оформлять багажник на задние двери форд транзит","2026-06-30 - 2026-09-28","3.00","0.00","0.00","4.67","","0.00","0.00","","0.00","0.00","","","","3.00","0.00","0.00","4.67","","0.00","0.00","","",""
"столик в спинке сиденья","2026-06-30 - 2026-09-28","3.00","0.00","0.00","10.33","","0.00","0.00","","0.00","0.00","","","","2.00","0.00","0.00","10.00","","1.00","0.00","0.00","11.00",""
"навесной багажник мерседес спринтер купить","2026-06-30 - 2026-09-28","3.00","1.00","33.33","2.67","2.00","0.00","0.00","","3.00","1.00","33.33","2.67","2.00","0.00","0.00","","","","0.00","0.00","","",""
"bus-com.ru › sidenje-barguzin сайт специализируется на продаже товаров ￼ ￼ ￼ одноместное пассажирское сиденье для установки рядом","2026-06-30 - 2026-09-28","3.00","0.00","0.00","2.33","","1.00","0.00","0.00","1.00","0.00","0.00","2.00","","1.00","0.00","0.00","4.00","","0.00","0.00","","",""
"диван на газель некст","2026-06-30 - 2026-09-28","3.00","0.00","0.00","9.67","","0.00","0.00","","0.00","0.00","","","","2.00","0.00","0.00","9.00","","1.00","0.00","0.00","11.00",""
"задняя подножка на газель некст цена","2026-06-30 - 2026-09-28","3.00","0.00","0.00","8.33","","0.00","0.00","","0.00","0.00","","","","3.00","0.00","0.00","8.33","","0.00","0.00","","",""
"рейки на сиденья","2026-06-30 - 2026-09-28","3.00","0.00","0.00","9.67","","0.00","0.00","","0.00","0.00","","","","2.00","0.00","0.00","9.00","","1.00","0.00","0.00","11.00",""
"сиденье водителя газон некст","2026-06-30 - 2026-09-28","3.00","0.00","0.00","12.33","","0.00","0.00","","0.00","0.00","","","","0.00","0.00","","","","3.00","0.00","0.00","12.33",""
"сидения автобусные","2026-06-30 - 2026-09-28","3.00","0.00","0.00","7.00","","0.00","0.00","","0.00","0.00","","","","3.00","0.00","0.00","7.00","","0.00","0.00","","",""
"купить б/у сиденья на автобус","2026-06-30 - 2026-09-28","3.00","0.00","0.00","4.33","","0.00","0.00","","0.00","0.00","","","","3.00","0.00","0.00","4.33","","0.00","0.00","","",""
"диван автомобильный раскладной","2026-06-30 - 2026-09-28","3.00","0.00","0.00","11.33","","0.00","0.00","","0.00","0.00","","","","0.00","0.00","","","","3.00","0.00","0.00","11.33",""
"чехол на водительское сиденье автобуса волгабус","2026-06-30 - 2026-09-28","3.00","0.00","0.00","9.33","","0.00","0.00","","0.00","0.00","","","","2.00","0.00","0.00","7.50","","1.00","0.00","0.00","13.00",""
"навесной багажник volkswagen crafter купить","2026-06-30 - 2026-09-28","3.00","0.00","0.00","4.00","","0.00","0.00","","1.00","0.00","0.00","3.00","","2.00","0.00","0.00","4.50","","0.00","0.00","","",""
"купить диван тандем для микроавтобусов","2026-06-30 - 2026-09-28","3.00","0.00","0.00","2.33","","0.00","0.00","","3.00","0.00","0.00","2.33","","0.00","0.00","","","","0.00","0.00","","",""
"рукоятка подлокотника турист","2026-06-30 - 2026-09-28","3.00","0.00","0.00","6.33","","0.00","0.00","","0.00","0.00","","","","3.00","0.00","0.00","6.33","","0.00","0.00","","",""
"люксовые кресла для соболя","2026-06-30 - 2026-09-28","3.00","0.00","0.00","3.00","","0.00","0.00","","2.00","0.00","0.00","2.00","","1.00","0.00","0.00","5.00","","0.00","0.00","","",""
"форд транзит боковая ступенька","2026-06-30 - 2026-09-28","3.00","1.00","33.33","2.00","2.00","0.00","0.00","","3.00","1.00","33.33","2.00","2.00","0.00","0.00","","","","0.00","0.00","","",""
"вентиляционный люк стеклянный","2026-06-30 - 2026-09-28","3.00","0.00","0.00","8.00","","0.00","0.00","","0.00","0.00","","","","2.00","0.00","0.00","6.50","","1.00","0.00","0.00","11.00",""
"открывается ли люк в салоне автобуса форд транзит","2026-06-30 - 2026-09-28","3.00","2.00","66.67","13.00","13.50","0.00","0.00","","0.00","0.00","","","","1.00","1.00","100.00","8.00","8.00","2.00","1.00","50.00","15.50","19.00"
"салонное боковое стекло газель некст","2026-06-30 - 2026-09-28","2.00","2.00","100.00","10.50","11.00","0.00","0.00","","0.00","0.00","","","","1.00","0.00","0.00","10.00","","1.00","2.00","200.00","11.00","11.00"
"газель. некст. форточка. водителя","2026-06-30 - 2026-09-28","2.00","2.00","100.00","19.00","19.00","0.00","0.00","","0.00","0.00","","","","0.00","0.00","","","","2.00","2.00","100.00","19.00","19.00"
"утеплитель шумоизоляция салона микроавтобуса","2026-06-30 - 2026-09-28","2.00","2.00","100.00","5.50","8.00","0.00","0.00","","1.00","0.00","0.00","3.00","","1.00","2.00","200.00","8.00","8.00","0.00","0.00","","",""
"полка для микроавтобусы","2026-06-30 - 2026-09-28","2.00","1.00","50.00","3.00","3.00","0.00","0.00","","2.00","1.00","50.00","3.00","3.00","0.00","0.00","","","","0.00","0.00","","",""
"шторы автобуса","2026-06-30 - 2026-09-28","2.00","0.00","0.00","8.50","","0.00","0.00","","0.00","0.00","","","","1.00","0.00","0.00","5.00","","1.00","0.00","0.00","12.00",""
"замок (защелка) форточки для электрокара еп 011.2 stf -3","2026-06-30 - 2026-09-28","2.00","2.00","100.00","2.50","2.50","0.00","0.00","","2.00","2.00","100.00","2.50","2.50","0.00","0.00","","","","0.00","0.00","","",""
"купить стекла пежо боксер l 2","2026-06-30 - 2026-09-28","2.00","3.00","150.00","2.50","2.00","0.00","0.00","","2.00","3.00","150.00","2.50","2.00","0.00","0.00","","","","0.00","0.00","","",""
"складной столик для микроавтобуса","2026-06-30 - 2026-09-28","2.00","2.00","100.00","6.00","7.00","0.00","0.00","","0.00","0.00","","","","2.00","2.00","100.00","6.00","7.00","0.00","0.00","","",""
"плафон светодиодный для салона автобуса","2026-06-30 - 2026-09-28","2.00","2.00","100.00","9.50","9.50","0.00","0.00","","0.00","0.00","","","","2.00","2.00","100.00","9.50","9.50","0.00","0.00","","",""
"боковая подножка газель некст крепление","2026-06-30 - 2026-09-28","2.00","2.00","100.00","4.50","7.00","0.00","0.00","","1.00","0.00","0.00","2.00","","1.00","2.00","200.00","7.00","7.00","0.00","0.00","","",""
"алюминиевые профиля для освещения микроавтобусов","2026-06-30 - 2026-09-28","2.00","4.00","200.00","4.00","4.00","0.00","0.00","","0.00","0.00","","","","2.00","4.00","200.00","4.00","4.00","0.00","0.00","","",""
"дополнительный багажник на автобус мерседес","2026-06-30 - 2026-09-28","2.00","2.00","100.00","1.50","2.00","1.00","0.00","0.00","1.00","2.00","200.00","2.00","2.00","0.00","0.00","","","","0.00","0.00","","",""
"стопор бокового стекла салона форд транзит","2026-06-30 - 2026-09-28","2.00","2.00","100.00","4.00","4.00","0.00","0.00","","1.00","1.00","100.00","2.00","2.00","1.00","1.00","100.00","6.00","6.00","0.00","0.00","","",""
"купить боковой столик в соболь","2026-06-30 - 2026-09-28","2.00","1.00","50.00","2.50","3.00","0.00","0.00","","2.00","1.00","50.00","2.50","3.00","0.00","0.00","","","","0.00","0.00","","",""
"обшивка крыши для автобуса ford","2026-06-30 - 2026-09-28","2.00","2.00","100.00","3.00","3.00","1.00","1.00","100.00","0.00","0.00","","","","1.00","1.00","100.00","5.00","5.00","0.00","0.00","","",""
"подножка для форд транзит","2026-06-30 - 2026-09-28","2.00","1.00","50.00","7.50","4.00","0.00","0.00","","0.00","0.00","","","","1.00","1.00","100.00","4.00","4.00","1.00","0.00","0.00","11.00",""
"паccaжиpские сиденья cоt 2016","2026-06-30 - 2026-09-28","2.00","2.00","100.00","7.50","7.50","0.00","0.00","","1.00","1.00","100.00","2.00","2.00","0.00","0.00","","","","1.00","1.00","100.00","13.00","13.00"
"турецкие сиденья для микроавтобусов мерседес спринтер купить","2026-06-30 - 2026-09-28","2.00","3.00","150.00","3.00","2.67","0.00","0.00","","1.00","2.00","200.00","2.00","2.00","1.00","1.00","100.00","4.00","4.00","0.00","0.00","","",""
"накладки из ударопрочного пластика ступени сдвижной двери газель некст","2026-06-30 - 2026-09-28","2.00","2.00","100.00","5.50","8.00","0.00","0.00","","1.00","0.00","0.00","3.00","","1.00","2.00","200.00","8.00","8.00","0.00","0.00","","",""
"водительское сиденье соболь 4*4","2026-06-30 - 2026-09-28","2.00","0.00","0.00","11.00","","0.00","0.00","","0.00","0.00","","","","0.00","0.00","","","","2.00","0.00","0.00","11.00",""
"салон трансформер для соболя в днр","2026-06-30 - 2026-09-28","2.00","2.00","100.00","6.50","8.00","0.00","0.00","","0.00","0.00","","","","2.00","2.00","100.00","6.50","8.00","0.00","0.00","","",""
"цанговые крепления сидушки","2026-06-30 - 2026-09-28","2.00","2.00","100.00","1.50","1.50","1.00","1.00","100.00","1.00","1.00","100.00","2.00","2.00","0.00","0.00","","","","0.00","0.00","","",""
"люк на автобус форд транзит","2026-06-30 - 2026-09-28","2.00","3.00","150.00","2.00","2.33","1.00","1.00","100.00","1.00","2.00","200.00","3.00","3.00","0.00","0.00","","","","0.00","0.00","","",""
"багажник задний на автобус","2026-06-30 - 2026-09-28","2.00","2.00","100.00","2.00","2.00","0.00","0.00","","2.00","2.00","100.00","2.00","2.00","0.00","0.00","","","","0.00","0.00","","",""
"рюкзаки газель некст цельнометаллическую","2026-06-30 - 2026-09-28","2.00","2.00","100.00","1.00","1.00","2.00","2.00","100.00","0.00","0.00","","","","0.00","0.00","","","","0.00","0.00","","",""
"комфортные сидения для микроавтобуса","2026-06-30 - 2026-09-28","2.00","3.00","150.00","4.00","4.33","0.00","0.00","","1.00","1.00","100.00","3.00","3.00","1.00","2.00","200.00","5.00","5.00","0.00","0.00","","",""
"подголовники быстрой доставкой","2026-06-30 - 2026-09-28","2.00","0.00","0.00","9.00","","0.00","0.00","","0.00","0.00","","","","1.00","0.00","0.00","7.00","","1.00","0.00","0.00","11.00",""
"декоративная панель багажного отделения над кабиной peugeot boxer","2026-06-30 - 2026-09-28","2.00","2.00","100.00","16.50","16.50","0.00","0.00","","0.00","0.00","","","","1.00","1.00","100.00","10.00","10.00","1.00","1.00","100.00","23.00","23.00"
"порог под боковую раздвижную дверь газель некст","2026-06-30 - 2026-09-28","2.00","0.00","0.00","10.50","","0.00","0.00","","0.00","0.00","","","","1.00","0.00","0.00","9.00","","1.00","0.00","0.00","12.00",""
"светильник в микроавтобус миллениум","2026-06-30 - 2026-09-28","2.00","4.00","200.00","1.50","1.25","1.00","3.00","300.00","1.00","1.00","100.00","2.00","2.00","0.00","0.00","","","","0.00","0.00","","",""
"навесной багажник mercedes sprinter 904","2026-06-30 - 2026-09-28","2.00","2.00","100.00","2.00","3.00","1.00","0.00","0.00","1.00","2.00","200.00","3.00","3.00","0.00","0.00","","","","0.00","0.00","","",""
"шторки из ткани в салон форд транзит в спб","2026-06-30 - 2026-09-28","2.00","2.00","100.00","5.00","5.00","0.00","0.00","","0.00","0.00","","","","2.00","2.00","100.00","5.00","5.00","0.00","0.00","","",""
"освещение салона микроавтобуса","2026-06-30 - 2026-09-28","2.00","3.00","150.00","5.00","3.00","0.00","0.00","","1.00","3.00","300.00","3.00","3.00","1.00","0.00","0.00","7.00","","0.00","0.00","","",""
"сидушки для микроавтобусов люкс","2026-06-30 - 2026-09-28","2.00","2.00","100.00","2.50","2.00","0.00","0.00","","2.00","2.00","100.00","2.50","2.00","0.00","0.00","","","","0.00","0.00","","",""
"купить рюкзак на микроавтобус фиат дукато","2026-06-30 - 2026-09-28","2.00","2.00","100.00","3.00","3.00","0.00","0.00","","1.00","1.00","100.00","2.00","2.00","1.00","1.00","100.00","4.00","4.00","0.00","0.00","","",""
"большая штора из экокожи для форд транзит пассажирский","2026-06-30 - 2026-09-28","2.00","0.00","0.00","8.00","","0.00","0.00","","0.00","0.00","","","","2.00","0.00","0.00","8.00","","0.00","0.00","","",""
"уголки на люки в полу автобуса","2026-06-30 - 2026-09-28","2.00","1.00","50.00","8.00","8.00","0.00","0.00","","0.00","0.00","","","","2.00","1.00","50.00","8.00","8.00","0.00","0.00","","",""
"алиса сиденье для микроавтобус люкс ташкент или самарканд","2026-06-30 - 2026-09-28","2.00","2.00","100.00","3.50","3.50","0.00","0.00","","1.00","1.00","100.00","3.00","3.00","1.00","1.00","100.00","4.00","4.00","0.00","0.00","","",""
"обивка из абс для форд транзит rwd","2026-06-30 - 2026-09-28","2.00","2.00","100.00","1.00","1.00","2.00","2.00","100.00","0.00","0.00","","","","0.00","0.00","","","","0.00","0.00","","",""
"резиновый профиль под стекло (уплотнительный) volkswagen crafter maxi, man tge, mercedes-benz sprinter,ford transit, fiat ducato (производство турция)","2026-06-30 - 2026-09-28","2.00","2.00","100.00","4.00","6.00","0.00","0.00","","1.00","0.00","0.00","2.00","","1.00","2.00","200.00","6.00","6.00","0.00","0.00","","",""
"купить направляющие для сидений в микроавтобус","2026-06-30 - 2026-09-28","2.00","1.00","50.00","12.50","13.00","0.00","0.00","","0.00","0.00","","","","0.00","0.00","","","","2.00","1.00","50.00","12.50","13.00"
"уплотнитель форточки бокового стекла фиат дукато 250","2026-06-30 - 2026-09-28","2.00","4.00","200.00","2.00","2.00","1.00","2.00","200.00","1.00","2.00","200.00","3.00","3.00","0.00","0.00","","","","0.00","0.00","","",""
"стекло аварийного люка транзит","2026-06-30 - 2026-09-28","2.00","2.00","100.00","5.50","5.00","0.00","0.00","","0.00","0.00","","","","2.00","2.00","100.00","5.50","5.00","0.00","0.00","","",""
"гардины для штор в пассажирскую газель некст купить","2026-06-30 - 2026-09-28","2.00","2.00","100.00","2.50","3.00","0.00","0.00","","2.00","2.00","100.00","2.50","3.00","0.00","0.00","","","","0.00","0.00","","",""
"багажник для спринтера сзади","2026-06-30 - 2026-09-28","2.00","2.00","100.00","2.50","2.50","1.00","1.00","100.00","0.00","0.00","","","","1.00","1.00","100.00","4.00","4.00","0.00","0.00","","",""
"шторки на окна на рельсе ивеко дейли","2026-06-30 - 2026-09-28","2.00","2.00","100.00","3.00","3.00","1.00","1.00","100.00","0.00","0.00","","","","1.00","1.00","100.00","5.00","5.00","0.00","0.00","","",""
"ремень безопасности двухточечный инерционный","2026-06-30 - 2026-09-28","2.00","0.00","0.00","18.50","","0.00","0.00","","0.00","0.00","","","","0.00","0.00","","","","2.00","0.00","0.00","18.50",""
"люк для микроавтобусов","2026-06-30 - 2026-09-28","2.00","3.00","150.00","6.50","6.00","0.00","0.00","","0.00","0.00","","","","2.00","3.00","150.00","6.50","6.00","0.00","0.00","","",""
"люк ford transit","2026-06-30 - 2026-09-28","2.00","0.00","0.00","6.00","","0.00","0.00","","0.00","0.00","","","","2.00","0.00","0.00","6.00","","0.00","0.00","","",""
"багажник рюкзак для микроавтобусов в краснодаре","2026-06-30 - 2026-09-28","2.00","2.00","100.00","2.50","2.50","0.00","0.00","","2.00","2.00","100.00","2.50","2.50","0.00","0.00","","","","0.00","0.00","","",""
"мерседес спринтер багажник","2026-06-30 - 2026-09-28","2.00","0.00","0.00","10.50","","0.00","0.00","","0.00","0.00","","","","1.00","0.00","0.00","10.00","","1.00","0.00","0.00","11.00",""
"система фиксации инвалидной коляски","2026-06-30 - 2026-09-28","2.00","2.00","100.00","4.50","7.00","0.00","0.00","","1.00","0.00","0.00","2.00","","1.00","2.00","200.00","7.00","7.00","0.00","0.00","","",""
"никель на мерседес спринтер","2026-06-30 - 2026-09-28","2.00","2.00","100.00","6.50","6.00","0.00","0.00","","0.00","0.00","","","","2.00","2.00","100.00","6.50","6.00","0.00","0.00","","",""
"стол в газель автобус","2026-06-30 - 2026-09-28","2.00","3.00","150.00","2.00","2.33","1.00","1.00","100.00","1.00","2.00","200.00","3.00","3.00","0.00","0.00","","","","0.00","0.00","","",""
"изолон 4 мм купить","2026-06-30 - 2026-09-28","2.00","0.00","0.00","34.50","","0.00","0.00","","0.00","0.00","","","","0.00","0.00","","","","2.00","0.00","0.00","34.50",""
"автофурнитура для стёкол","2026-06-30 - 2026-09-28","2.00","2.00","100.00","1.50","2.00","1.00","0.00","0.00","1.00","2.00","200.00","2.00","2.00","0.00","0.00","","","","0.00","0.00","","",""
"газель диван","2026-06-30 - 2026-09-28","2.00","0.00","0.00","12.00","","0.00","0.00","","0.00","0.00","","","","0.00","0.00","","","","2.00","0.00","0.00","12.00",""
"стол откидной салонный для соболь нн купить","2026-06-30 - 2026-09-28","2.00","2.00","100.00","1.50","2.00","1.00","0.00","0.00","1.00","2.00","200.00","2.00","2.00","0.00","0.00","","","","0.00","0.00","","",""
"сиденья соболь на волгу","2026-06-30 - 2026-09-28","2.00","2.00","100.00","6.00","6.00","0.00","0.00","","1.00","1.00","100.00","3.00","3.00","1.00","1.00","100.00","9.00","9.00","0.00","0.00","","",""
"конвектор в микроавтобус","2026-06-30 - 2026-09-28","2.00","2.00","100.00","21.00","21.00","0.00","0.00","","0.00","0.00","","","","0.00","0.00","","","","2.00","2.00","100.00","21.00","21.00"
"углы подножки на форт транзит","2026-06-30 - 2026-09-28","2.00","2.00","100.00","1.00","1.00","2.00","2.00","100.00","0.00","0.00","","","","0.00","0.00","","","","0.00","0.00","","",""
"подголовники со склада","2026-06-30 - 2026-09-28","2.00","0.00","0.00","11.00","","0.00","0.00","","0.00","0.00","","","","0.00","0.00","","","","2.00","0.00","0.00","11.00",""
"диван трансформер для микроавтобуса купить","2026-06-30 - 2026-09-28","2.00","0.00","0.00","2.00","","0.00","0.00","","2.00","0.00","0.00","2.00","","0.00","0.00","","","","0.00","0.00","","",""
"подножка на спринтер классик","2026-06-30 - 2026-09-28","2.00","2.00","100.00","6.50","6.50","0.00","0.00","","1.00","1.00","100.00","2.00","2.00","0.00","0.00","","","","1.00","1.00","100.00","11.00","11.00"
"купить подножку для выдвижной двери ситроен джампер","2026-06-30 - 2026-09-28","2.00","3.00","150.00","1.50","2.00","1.00","0.00","0.00","1.00","3.00","300.00","2.00","2.00","0.00","0.00","","","","0.00","0.00","","",""
"сидение водительское газон некст купить","2026-06-30 - 2026-09-28","2.00","3.00","150.00","7.00","5.33","0.00","0.00","","1.00","2.00","200.00","2.00","2.00","0.00","0.00","","","","1.00","1.00","100.00","12.00","12.00"
"подголовники поставщик","2026-06-30 - 2026-09-28","2.00","0.00","0.00","10.00","","0.00","0.00","","0.00","0.00","","","","2.00","0.00","0.00","10.00","","0.00","0.00","","",""
"быстросъемный механизм для сиденья","2026-06-30 - 2026-09-28","2.00","0.00","0.00","12.00","","0.00","0.00","","0.00","0.00","","","","0.00","0.00","","","","2.00","0.00","0.00","12.00",""
"подножка для боковой двери микроавтобуса форд транзит","2026-06-30 - 2026-09-28","2.00","2.00","100.00","4.50","4.50","0.00","0.00","","1.00","1.00","100.00","3.00","3.00","1.00","1.00","100.00","6.00","6.00","0.00","0.00","","",""
"алиса резинки на стекла окон мерседес спринтер в 903 в салоне пассажирский автобус купить","2026-06-30 - 2026-09-28","2.00","2.00","100.00","5.50","4.00","0.00","0.00","","0.00","0.00","","","","2.00","2.00","100.00","5.50","4.00","0.00","0.00","","",""
"купить комплект штор на пассажирскую газель некст","2026-06-30 - 2026-09-28","2.00","4.00","200.00","1.00","1.00","2.00","4.00","200.00","0.00","0.00","","","","0.00","0.00","","","","0.00","0.00","","",""
"защелка форточки фиат дукато 244","2026-06-30 - 2026-09-28","2.00","2.00","100.00","10.00","10.00","0.00","0.00","","0.00","0.00","","","","1.00","1.00","100.00","9.00","9.00","1.00","1.00","100.00","11.00","11.00"
"рейлинги для пола микроавтобуса","2026-06-30 - 2026-09-28","2.00","1.00","50.00","4.00","3.00","0.00","0.00","","1.00","1.00","100.00","3.00","3.00","1.00","0.00","0.00","5.00","","0.00","0.00","","",""
"стекло пежо боксер левое с форточкой","2026-06-30 - 2026-09-28","2.00","2.00","100.00","4.50","4.50","1.00","1.00","100.00","0.00","0.00","","","","1.00","1.00","100.00","8.00","8.00","0.00","0.00","","",""
"купить крава на автобус","2026-06-30 - 2026-09-28","2.00","0.00","0.00","6.50","","0.00","0.00","","0.00","0.00","","","","2.00","0.00","0.00","6.50","","0.00","0.00","","",""
"стол складной газель","2026-06-30 - 2026-09-28","2.00","1.00","50.00","6.00","4.00","0.00","0.00","","0.00","0.00","","","","2.00","1.00","50.00","6.00","4.00","0.00","0.00","","",""
"алюминиевые направляющие рельсы салазки для сидений","2026-06-30 - 2026-09-28","2.00","0.00","0.00","11.50","","0.00","0.00","","0.00","0.00","","","","0.00","0.00","","","","2.00","0.00","0.00","11.50",""
"рюкзак на микроавтобус","2026-06-30 - 2026-09-28","2.00","1.00","50.00","4.00","3.00","0.00","0.00","","1.00","1.00","100.00","3.00","3.00","1.00","0.00","0.00","5.00","","0.00","0.00","","",""
"поручни в маршрутках","2026-06-30 - 2026-09-28","2.00","0.00","0.00","5.00","","0.00","0.00","","0.00","0.00","","","","2.00","0.00","0.00","5.00","","0.00","0.00","","",""
"механизм открывания боковой ручки кресла автобуса","2026-06-30 - 2026-09-28","2.00","2.00","100.00","7.00","8.00","0.00","0.00","","0.00","0.00","","","","2.00","2.00","100.00","7.00","8.00","0.00","0.00","","",""
"фильтр-вентиляционная установка для транспорта","2026-06-30 - 2026-09-28","2.00","2.00","100.00","6.00","6.00","0.00","0.00","","0.00","0.00","","","","2.00","2.00","100.00","6.00","6.00","0.00","0.00","","",""
"купить боковую подножку на газель некст","2026-06-30 - 2026-09-28","2.00","1.00","50.00","4.50","4.00","0.00","0.00","","0.00","0.00","","","","2.00","1.00","50.00","4.50","4.00","0.00","0.00","","",""
"защелка форточки стекла спринтер","2026-06-30 - 2026-09-28","2.00","2.00","100.00","11.00","11.00","0.00","0.00","","0.00","0.00","","","","0.00","0.00","","","","2.00","2.00","100.00","11.00","11.00"
"механизм для сиденья гида","2026-06-30 - 2026-09-28","2.00","2.00","100.00","3.00","3.00","0.00","0.00","","2.00","2.00","100.00","3.00","3.00","0.00","0.00","","","","0.00","0.00","","",""
"рюкзак на форд транзит купить","2026-06-30 - 2026-09-28","2.00","3.00","150.00","2.50","2.00","0.00","0.00","","2.00","3.00","150.00","2.50","2.00","0.00","0.00","","","","0.00","0.00","","",""
"кресло автомобильное водительское купить","2026-06-30 - 2026-09-28","2.00","2.00","100.00","2.00","2.00","1.00","1.00","100.00","1.00","1.00","100.00","3.00","3.00","0.00","0.00","","","","0.00","0.00","","",""
"шторы на авто мерседес бенц спринтер 4","2026-06-30 - 2026-09-28","2.00","3.00","150.00","10.00","8.67","0.00","0.00","","0.00","0.00","","","","1.00","2.00","200.00","6.00","6.00","1.00","1.00","100.00","14.00","14.00"
"купить рюкзак на крафтер и спринтер сзади цена","2026-06-30 - 2026-09-28","2.00","2.00","100.00","2.00","2.00","0.00","0.00","","2.00","2.00","100.00","2.00","2.00","0.00","0.00","","","","0.00","0.00","","",""
"занавески спринтер","2026-06-30 - 2026-09-28","2.00","0.00","0.00","9.50","","0.00","0.00","","0.00","0.00","","","","1.00","0.00","0.00","7.00","","1.00","0.00","0.00","12.00",""
"подголовники на сидения автобуса","2026-06-30 - 2026-09-28","2.00","1.00","50.00","4.00","7.00","1.00","0.00","0.00","0.00","0.00","","","","1.00","1.00","100.00","7.00","7.00","0.00","0.00","","",""
"электропривод сдвижной двери двухмоторный fiat duсato , pеugeot bоxеr , сitroen jumрer, турция","2026-06-30 - 2026-09-28","2.00","2.00","100.00","1.50","1.50","1.00","1.00","100.00","1.00","1.00","100.00","2.00","2.00","0.00","0.00","","","","0.00","0.00","","",""
"боковая уличная пассажирская ступенька подножка форд транзит купить","2026-06-30 - 2026-09-28","2.00","3.00","150.00","1.50","1.33","1.00","2.00","200.00","1.00","1.00","100.00","2.00","2.00","0.00","0.00","","","","0.00","0.00","","",""
"материал для шторок в автобус","2026-06-30 - 2026-09-28","2.00","0.00","0.00","10.00","","0.00","0.00","","0.00","0.00","","","","1.00","0.00","0.00","9.00","","1.00","0.00","0.00","11.00",""
"где сшить шторы на заказ в салон пежо боксер","2026-06-30 - 2026-09-28","2.00","2.00","100.00","9.50","8.00","0.00","0.00","","0.00","0.00","","","","1.00","2.00","200.00","8.00","8.00","1.00","0.00","0.00","11.00",""
"сиденья газ баргузин","2026-06-30 - 2026-09-28","2.00","2.00","100.00","8.00","7.00","0.00","0.00","","0.00","0.00","","","","2.00","2.00","100.00","8.00","7.00","0.00","0.00","","",""
"https://bus-com.ru/informacionnye-naklejki-v-mikroavtobus","2026-06-30 - 2026-09-28","2.00","2.00","100.00","1.50","1.00","1.00","2.00","200.00","1.00","0.00","0.00","2.00","","0.00","0.00","","","","0.00","0.00","","",""
"нужна опора для сидения в салон авто соболь","2026-06-30 - 2026-09-28","2.00","2.00","100.00","3.50","3.50","0.00","0.00","","1.00","1.00","100.00","3.00","3.00","1.00","1.00","100.00","4.00","4.00","0.00","0.00","","",""
"направляющие салазки для микроавтобусов","2026-06-30 - 2026-09-28","2.00","2.00","100.00","2.50","2.00","0.00","0.00","","2.00","2.00","100.00","2.50","2.00","0.00","0.00","","","","0.00","0.00","","",""
"подиум для ритуального авто переносной","2026-06-30 - 2026-09-28","2.00","2.00","100.00","3.00","3.00","0.00","0.00","","2.00","2.00","100.00","3.00","3.00","0.00","0.00","","","","0.00","0.00","","",""
"откидное сидение гида в автобус","2026-06-30 - 2026-09-28","2.00","2.00","100.00","5.00","5.00","0.00","0.00","","0.00","0.00","","","","2.00","2.00","100.00","5.00","5.00","0.00","0.00","","",""
"уплотнитель оконный пежо боксер","2026-06-30 - 2026-09-28","2.00","2.00","100.00","2.00","2.00","1.00","1.00","100.00","1.00","1.00","100.00","3.00","3.00","0.00","0.00","","","","0.00","0.00","","",""
"шторки в салон спринтер классик","2026-06-30 - 2026-09-28","2.00","2.00","100.00","2.00","3.00","1.00","0.00","0.00","1.00","2.00","200.00","3.00","3.00","0.00","0.00","","","","0.00","0.00","","",""
"автокресла для газ соболь изготовление","2026-06-30 - 2026-09-28","2.00","2.00","100.00","8.00","11.00","0.00","0.00","","0.00","0.00","","","","1.00","0.00","0.00","5.00","","1.00","2.00","200.00","11.00","11.00"
"купить стеклопакет мерседес спринтер 515","2026-06-30 - 2026-09-28","2.00","2.00","100.00","1.50","1.50","1.00","1.00","100.00","1.00","1.00","100.00","2.00","2.00","0.00","0.00","","","","0.00","0.00","","",""
"запчасти для автобусных сидений","2026-06-30 - 2026-09-28","2.00","2.00","100.00","2.50","2.50","1.00","1.00","100.00","0.00","0.00","","","","1.00","1.00","100.00","4.00","4.00","0.00","0.00","","",""
"пежо боксер 3 подножка задних дверей","2026-06-30 - 2026-09-28","2.00","2.00","100.00","6.00","5.00","0.00","0.00","","0.00","0.00","","","","2.00","2.00","100.00","6.00","5.00","0.00","0.00","","",""
"электродоводчик боковой двери форд транзит 2015г","2026-06-30 - 2026-09-28","2.00","3.00","150.00","2.00","1.67","1.00","2.00","200.00","1.00","1.00","100.00","3.00","3.00","0.00","0.00","","","","0.00","0.00","","",""
"купить шторку в салон автомобиля пежо боксер пассажирский","2026-06-30 - 2026-09-28","2.00","0.00","0.00","8.00","","0.00","0.00","","0.00","0.00","","","","2.00","0.00","0.00","8.00","","0.00","0.00","","",""
"диван раскладной на газель некст","2026-06-30 - 2026-09-28","2.00","0.00","0.00","7.50","","0.00","0.00","","0.00","0.00","","","","2.00","0.00","0.00","7.50","","0.00","0.00","","",""
"кресла турист с ремнями безопасности","2026-06-30 - 2026-09-28","2.00","2.00","100.00","1.50","1.50","1.00","1.00","100.00","1.00","1.00","100.00","2.00","2.00","0.00","0.00","","","","0.00","0.00","","",""
"соболь нн диван тандем с подвижной перегородкой купить","2026-06-30 - 2026-09-28","2.00","2.00","100.00","1.00","1.00","2.00","2.00","100.00","0.00","0.00","","","","0.00","0.00","","","","0.00","0.00","","",""
"багажник на заднюю дверь микроавтобуса спринтер купить","2026-06-30 - 2026-09-28","2.00","3.00","150.00","3.00","3.00","0.00","0.00","","2.00","3.00","150.00","3.00","3.00","0.00","0.00","","","","0.00","0.00","","",""
"шторки на форд транзит 14 мест","2026-06-30 - 2026-09-28","2.00","3.00","150.00","3.00","3.33","0.00","0.00","","1.00","1.00","100.00","2.00","2.00","1.00","2.00","200.00","4.00","4.00","0.00","0.00","","",""
"раскладной механизм для сиденья автобуса","2026-06-30 - 2026-09-28","2.00","2.00","100.00","6.00","5.00","0.00","0.00","","0.00","0.00","","","","2.00","2.00","100.00","6.00","5.00","0.00","0.00","","",""
"салазки сидения","2026-06-30 - 2026-09-28","2.00","0.00","0.00","13.00","","0.00","0.00","","0.00","0.00","","","","0.00","0.00","","","","2.00","0.00","0.00","13.00",""
"комплект обшивки для фиат дукато 250 l1 h2 купить","2026-06-30 - 2026-09-28","2.00","2.00","100.00","7.50","7.50","0.00","0.00","","1.00","1.00","100.00","3.00","3.00","0.00","0.00","","","","1.00","1.00","100.00","12.00","12.00"
"buskomu","2026-06-30 - 2026-09-28","2.00","2.00","100.00","2.00","2.00","0.00","0.00","","2.00","2.00","100.00","2.00","2.00","0.00","0.00","","","","0.00","0.00","","",""
"обивка из абс для ford transit заднего проёма","2026-06-30 - 2026-09-28","2.00","2.00","100.00","2.50","2.50","0.00","0.00","","2.00","2.00","100.00","2.50","2.50","0.00","0.00","","","","0.00","0.00","","",""
"купить рельсы для сидений","2026-06-30 - 2026-09-28","1.00","0.00","0.00","9.00","","0.00","0.00","","0.00","0.00","","","","1.00","0.00","0.00","9.00","","0.00","0.00","","",""
"сиденье для пассажира","2026-06-30 - 2026-09-28","1.00","0.00","0.00","10.00","","0.00","0.00","","0.00","0.00","","","","1.00","0.00","0.00","10.00","","0.00","0.00","","",""
"купить сидение водителя соболь 2217 новые","2026-06-30 - 2026-09-28","1.00","1.00","100.00","8.00","8.00","0.00","0.00","","0.00","0.00","","","","1.00","1.00","100.00","8.00","8.00","0.00","0.00","","",""
"боковой стол для микроавтобусов","2026-06-30 - 2026-09-28","1.00","0.00","0.00","7.00","","0.00","0.00","","0.00","0.00","","","","1.00","0.00","0.00","7.00","","0.00","0.00","","",""
"пластик салона форд транзит 89г","2026-06-30 - 2026-09-28","1.00","0.00","0.00","8.00","","0.00","0.00","","0.00","0.00","","","","1.00","0.00","0.00","8.00","","0.00","0.00","","",""
"кресло для соболя","2026-06-30 - 2026-09-28","1.00","0.00","0.00","5.00","","0.00","0.00","","0.00","0.00","","","","1.00","0.00","0.00","5.00","","0.00","0.00","","",""
"сиденья диван микроавтобус","2026-06-30 - 2026-09-28","1.00","0.00","0.00","3.00","","0.00","0.00","","1.00","0.00","0.00","3.00","","0.00","0.00","","","","0.00","0.00","","",""
"уголок на подиуме","2026-06-30 - 2026-09-28","1.00","0.00","0.00","4.00","","0.00","0.00","","0.00","0.00","","","","1.00","0.00","0.00","4.00","","0.00","0.00","","",""
"шторы автобусные","2026-06-30 - 2026-09-28","1.00","0.00","0.00","7.00","","0.00","0.00","","0.00","0.00","","","","1.00","0.00","0.00","7.00","","0.00","0.00","","",""
